STRUCTURE,STRUCTURE_ID,STRUCTURE_NAME,ACTION,FREQ,Frequency of observation,ADJUSTMENT,Adjustment,REF_AREA,Reference area,SECTOR,Institutional sector,COUNTERPART_SECTOR,Counterpart institutional sector,TRANSACTION,Transaction,INSTR_ASSET,Financial instruments and non-financial assets,ACTIVITY,Economic activity,EXPENDITURE,Expenditure,UNIT_MEASURE,Unit of measure,PRICE_BASE,Price base,TRANSFORMATION,Transformation,TABLE_IDENTIFIER,Table identifier,TIME_PERIOD,Time period,OBS_VALUE,Observation value,REF_YEAR_PRICE,Price reference year,BASE_PER,Base period,CONF_STATUS,Confidentiality status,DECIMALS,Decimals,OBS_STATUS,Observation status,UNIT_MULT,Unit multiplier,CURRENCY,Currency
DATAFLOW,OECD.SDD.NAD:DSD_NAMAIN1@DF_QNA_EXPENDITURE_CAPITA(1.1),Quarterly GDP per capita,I,Q,Quarterly,Y,Calendar and seasonally adjusted,GBR,United Kingdom,S1,Total economy,S1,Total economy,B1GQ_POP,"Gross domestic product, per capita",_Z,Not applicable,_Z,Not applicable,_Z,Not applicable,USD_PPP_PS,"US dollars per person, PPP converted",LR,Chain linked volume (rebased),LA,Annual levels,T0102,Table 0102 - GDP identity from the expenditure side,2010-Q3,,48644.4,,2020,,,,F,Free (free for publication),1,One,A,Normal value,0,Units,USD,US dollar
DATAFLOW,OECD.SDD.NAD:DSD_NAMAIN1@DF_QNA_EXPENDITURE_CAPITA(1.1),Quarterly GDP per capita,I,Q,Quarterly,Y,Calendar and seasonally adjusted,GBR,United Kingdom,S1,Total economy,S1,Total economy,B1GQ_POP,"Gross domestic product, per capita",_Z,Not applicable,_Z,Not applicable,_Z,Not applicable,USD_PPP_PS,"US dollars per person, PPP converted",LR,Chain linked volume (rebased),LA,Annual levels,T0102,Table 0102 - GDP identity from the expenditure side,2022-Q3,,54756.3,,2020,,,,F,Free (free for publication),1,One,A,Normal value,0,Units,USD,US dollar
DATAFLOW,OECD.SDD.NAD:DSD_NAMAIN1@DF_QNA_EXPENDITURE_CAPITA(1.1),Quarterly GDP per capita,I,Q,Quarterly,Y,Calendar and seasonally adjusted,JPN,Japan,S1,Total economy,S1,Total economy,B1GQ_POP,"Gross domestic product, per capita",_Z,Not applicable,_Z,Not applicable,_Z,Not applicable,USD_PPP_PS,"US dollars per person, PPP converted",LR,Chain linked volume (rebased),LA,Annual levels,T0102,Table 0102 - GDP identity from the expenditure side,2024-Q1,,44950.6,,2020,,,,F,Free (free for publication),1,One,A,Normal value,0,Units,USD,US dollar
DATAFLOW,OECD.SDD.NAD:DSD_NAMAIN1@DF_QNA_EXPENDITURE_CAPITA(1.1),Quarterly GDP per capita,I,Q,Quarterly,Y,Calendar and seasonally adjusted,GBR,United Kingdom,S1,Total economy,S1,Total economy,B1GQ_POP,"Gross domestic product, per capita",_Z,Not applicable,_Z,Not applicable,_Z,Not applicable,USD_PPP_PS,"US dollars per person, PPP converted",LR,Chain linked volume (rebased),LA,Annual levels,T0102,Table 0102 - GDP identity from the expenditure side,2019-Q2,,54132,,2020,,,,F,Free (free for publication),1,One,A,Normal value,0,Units,USD,US dollar
DATAFLOW,OECD.SDD.NAD:DSD_NAMAIN1@DF_QNA_EXPENDITURE_CAPITA(1.1),Quarterly GDP per capita,I,Q,Quarterly,Y,Calendar and seasonally adjusted,DEU,Germany,S1,Total economy,S1,Total economy,B1GQ_POP,"Gross domestic product, per capita",_Z,Not applicable,_Z,Not applicable,_Z,Not applicable,USD_PPP_PS,"US dollars per person, PPP converted",LR,Chain linked volume (rebased),LA,Annual levels,T0102,Table 0102 - GDP identity from the expenditure side,2012-Q1,,56577.9,,2020,,,,F,Free (free for publication),1,One,A,Normal value,0,Units,USD,US dollar
DATAFLOW,OECD.SDD.NAD:DSD_NAMAIN1@DF_QNA_EXPENDITURE_CAPITA(1.1),Quarterly GDP per capita,I,Q,Quarterly,Y,Calendar and seasonally adjusted,DEU,Germany,S1,Total economy,S1,Total economy,B1GQ_POP,"Gross domestic product, per capita",_Z,Not applicable,_Z,Not applicable,_Z,Not applicable,USD_PPP_PS,"US dollars per person, PPP converted",LR,Chain linked volume (rebased),LA,Annual levels,T0102,Table 0102 - GDP identity from the expenditure side,2011-Q4,,56493.1,,2020,,,,F,Free (free for publication),1,One,A,Normal value,0,Units,USD,US dollar
DATAFLOW,OECD.SDD.NAD:DSD_NAMAIN1@DF_QNA_EXPENDITURE_CAPITA(1.1),Quarterly GDP per capita,I,Q,Quarterly,Y,Calendar and seasonally adjusted,DEU,Germany,S1,Total economy,S1,Total economy,B1GQ_POP,"Gross domestic product, per capita",_Z,Not applicable,_Z,Not applicable,_Z,Not applicable,USD_PPP_PS,"US dollars per person, PPP converted",LR,Chain linked volume (rebased),LA,Annual levels,T0102,Table 0102 - GDP identity from the expenditure side,2011-Q3,,56528,,2020,,,,F,Free (free for publication),1,One,A,Normal value,0,Units,USD,US dollar
DATAFLOW,OECD.SDD.NAD:DSD_NAMAIN1@DF_QNA_EXPENDITURE_CAPITA(1.1),Quarterly GDP per capita,I,Q,Quarterly,Y,Calendar and seasonally adjusted,DEU,Germany,S1,Total economy,S1,Total economy,B1GQ_POP,"Gross domestic product, per capita",_Z,Not applicable,_Z,Not applicable,_Z,Not applicable,USD_PPP_PS,"US dollars per person, PPP converted",LR,Chain linked volume (rebased),LA,Annual levels,T0102,Table 0102 - GDP identity from the expenditure side,2011-Q2,,56246.4,,2020,,,,F,Free (free for publication),1,One,A,Normal value,0,Units,USD,US dollar
DATAFLOW,OECD.SDD.NAD:DSD_NAMAIN1@DF_QNA_EXPENDITURE_CAPITA(1.1),Quarterly GDP per capita,I,Q,Quarterly,Y,Calendar and seasonally adjusted,DEU,Germany,S1,Total economy,S1,Total economy,B1GQ_POP,"Gross domestic product, per capita",_Z,Not applicable,_Z,Not applicable,_Z,Not applicable,USD_PPP_PS,"US dollars per person, PPP converted",LR,Chain linked volume (rebased),LA,Annual levels,T0102,Table 0102 - GDP identity from the expenditure side,2020-Q1,,60788.6,,2020,,,,F,Free (free for publication),1,One,A,Normal value,0,Units,USD,US dollar
DATAFLOW,OECD.SDD.NAD:DSD_NAMAIN1@DF_QNA_EXPENDITURE_CAPITA(1.1),Quarterly GDP per capita,I,Q,Quarterly,Y,Calendar and seasonally adjusted,DEU,Germany,S1,Total economy,S1,Total economy,B1GQ_POP,"Gross domestic product, per capita",_Z,Not applicable,_Z,Not applicable,_Z,Not applicable,USD_PPP_PS,"US dollars per person, PPP converted",LR,Chain linked volume (rebased),LA,Annual levels,T0102,Table 0102 - GDP identity from the expenditure side,2021-Q4,,62381.5,,2020,,,,F,Free (free for publication),1,One,A,Normal value,0,Units,USD,US dollar
DATAFLOW,OECD.SDD.NAD:DSD_NAMAIN1@DF_QNA_EXPENDITURE_CAPITA(1.1),Quarterly GDP per capita,I,Q,Quarterly,Y,Calendar and seasonally adjusted,DEU,Germany,S1,Total economy,S1,Total economy,B1GQ_POP,"Gross domestic product, per capita",_Z,Not applicable,_Z,Not applicable,_Z,Not applicable,USD_PPP_PS,"US dollars per person, PPP converted",LR,Chain linked volume (rebased),LA,Annual levels,T0102,Table 0102 - GDP identity from the expenditure side,2021-Q3,,62023.7,,2020,,,,F,Free (free for publication),1,One,A,Normal value,0,Units,USD,US dollar
DATAFLOW,OECD.SDD.NAD:DSD_NAMAIN1@DF_QNA_EXPENDITURE_CAPITA(1.1),Quarterly GDP per capita,I,Q,Quarterly,Y,Calendar and seasonally adjusted,GBR,United Kingdom,S1,Total economy,S1,Total economy,B1GQ_POP,"Gross domestic product, per capita",_Z,Not applicable,_Z,Not applicable,_Z,Not applicable,USD_PPP_PS,"US dollars per person, PPP converted",LR,Chain linked volume (rebased),LA,Annual levels,T0102,Table 0102 - GDP identity from the expenditure side,2015-Q3,,51271.8,,2020,,,,F,Free (free for publication),1,One,A,Normal value,0,Units,USD,US dollar
DATAFLOW,OECD.SDD.NAD:DSD_NAMAIN1@DF_QNA_EXPENDITURE_CAPITA(1.1),Quarterly GDP per capita,I,Q,Quarterly,Y,Calendar and seasonally adjusted,DEU,Germany,S1,Total economy,S1,Total economy,B1GQ_POP,"Gross domestic product, per capita",_Z,Not applicable,_Z,Not applicable,_Z,Not applicable,USD_PPP_PS,"US dollars per person, PPP converted",LR,Chain linked volume (rebased),LA,Annual levels,T0102,Table 0102 - GDP identity from the expenditure side,2019-Q2,,61986.8,,2020,,,,F,Free (free for publication),1,One,A,Normal value,0,Units,USD,US dollar
DATAFLOW,OECD.SDD.NAD:DSD_NAMAIN1@DF_QNA_EXPENDITURE_CAPITA(1.1),Quarterly GDP per capita,I,Q,Quarterly,Y,Calendar and seasonally adjusted,DEU,Germany,S1,Total economy,S1,Total economy,B1GQ_POP,"Gross domestic product, per capita",_Z,Not applicable,_Z,Not applicable,_Z,Not applicable,USD_PPP_PS,"US dollars per person, PPP converted",LR,Chain linked volume (rebased),LA,Annual levels,T0102,Table 0102 - GDP identity from the expenditure side,2019-Q1,,61959.4,,2020,,,,F,Free (free for publication),1,One,A,Normal value,0,Units,USD,US dollar
DATAFLOW,OECD.SDD.NAD:DSD_NAMAIN1@DF_QNA_EXPENDITURE_CAPITA(1.1),Quarterly GDP per capita,I,Q,Quarterly,Y,Calendar and seasonally adjusted,DEU,Germany,S1,Total economy,S1,Total economy,B1GQ_POP,"Gross domestic product, per capita",_Z,Not applicable,_Z,Not applicable,_Z,Not applicable,USD_PPP_PS,"US dollars per person, PPP converted",LR,Chain linked volume (rebased),LA,Annual levels,T0102,Table 0102 - GDP identity from the expenditure side,2018-Q4,,61569.8,,2020,,,,F,Free (free for publication),1,One,A,Normal value,0,Units,USD,US dollar
DATAFLOW,OECD.SDD.NAD:DSD_NAMAIN1@DF_QNA_EXPENDITURE_CAPITA(1.1),Quarterly GDP per capita,I,Q,Quarterly,Y,Calendar and seasonally adjusted,DEU,Germany,S1,Total economy,S1,Total economy,B1GQ_POP,"Gross domestic product, per capita",_Z,Not applicable,_Z,Not applicable,_Z,Not applicable,USD_PPP_PS,"US dollars per person, PPP converted",LR,Chain linked volume (rebased),LA,Annual levels,T0102,Table 0102 - GDP identity from the expenditure side,2018-Q3,,61305.5,,2020,,,,F,Free (free for publication),1,One,A,Normal value,0,Units,USD,US dollar
DATAFLOW,OECD.SDD.NAD:DSD_NAMAIN1@DF_QNA_EXPENDITURE_CAPITA(1.1),Quarterly GDP per capita,I,Q,Quarterly,Y,Calendar and seasonally adjusted,DEU,Germany,S1,Total economy,S1,Total economy,B1GQ_POP,"Gross domestic product, per capita",_Z,Not applicable,_Z,Not applicable,_Z,Not applicable,USD_PPP_PS,"US dollars per person, PPP converted",LR,Chain linked volume (rebased),LA,Annual levels,T0102,Table 0102 - GDP identity from the expenditure side,2018-Q2,,61725.3,,2020,,,,F,Free (free for publication),1,One,A,Normal value,0,Units,USD,US dollar
DATAFLOW,OECD.SDD.NAD:DSD_NAMAIN1@DF_QNA_EXPENDITURE_CAPITA(1.1),Quarterly GDP per capita,I,Q,Quarterly,Y,Calendar and seasonally adjusted,DEU,Germany,S1,Total economy,S1,Total economy,B1GQ_POP,"Gross domestic product, per capita",_Z,Not applicable,_Z,Not applicable,_Z,Not applicable,USD_PPP_PS,"US dollars per person, PPP converted",LR,Chain linked volume (rebased),LA,Annual levels,T0102,Table 0102 - GDP identity from the expenditure side,2018-Q1,,61270,,2020,,,,F,Free (free for publication),1,One,A,Normal value,0,Units,USD,US dollar
DATAFLOW,OECD.SDD.NAD:DSD_NAMAIN1@DF_QNA_EXPENDITURE_CAPITA(1.1),Quarterly GDP per capita,I,Q,Quarterly,Y,Calendar and seasonally adjusted,DEU,Germany,S1,Total economy,S1,Total economy,B1GQ_POP,"Gross domestic product, per capita",_Z,Not applicable,_Z,Not applicable,_Z,Not applicable,USD_PPP_PS,"US dollars per person, PPP converted",LR,Chain linked volume (rebased),LA,Annual levels,T0102,Table 0102 - GDP identity from the expenditure side,2017-Q4,,61640.4,,2020,,,,F,Free (free for publication),1,One,A,Normal value,0,Units,USD,US dollar
DATAFLOW,OECD.SDD.NAD:DSD_NAMAIN1@DF_QNA_EXPENDITURE_CAPITA(1.1),Quarterly GDP per capita,I,Q,Quarterly,Y,Calendar and seasonally adjusted,DEU,Germany,S1,Total economy,S1,Total economy,B1GQ_POP,"Gross domestic product, per capita",_Z,Not applicable,_Z,Not applicable,_Z,Not applicable,USD_PPP_PS,"US dollars per person, PPP converted",LR,Chain linked volume (rebased),LA,Annual levels,T0102,Table 0102 - GDP identity from the expenditure side,2017-Q3,,61041.9,,2020,,,,F,Free (free for publication),1,One,A,Normal value,0,Units,USD,US dollar
DATAFLOW,OECD.SDD.NAD:DSD_NAMAIN1@DF_QNA_EXPENDITURE_CAPITA(1.1),Quarterly GDP per capita,I,Q,Quarterly,Y,Calendar and seasonally adjusted,DEU,Germany,S1,Total economy,S1,Total economy,B1GQ_POP,"Gross domestic product, per capita",_Z,Not applicable,_Z,Not applicable,_Z,Not applicable,USD_PPP_PS,"US dollars per person, PPP converted",LR,Chain linked volume (rebased),LA,Annual levels,T0102,Table 0102 - GDP identity from the expenditure side,2017-Q2,,60576.9,,2020,,,,F,Free (free for publication),1,One,A,Normal value,0,Units,USD,US dollar
DATAFLOW,OECD.SDD.NAD:DSD_NAMAIN1@DF_QNA_EXPENDITURE_CAPITA(1.1),Quarterly GDP per capita,I,Q,Quarterly,Y,Calendar and seasonally adjusted,DEU,Germany,S1,Total economy,S1,Total economy,B1GQ_POP,"Gross domestic product, per capita",_Z,Not applicable,_Z,Not applicable,_Z,Not applicable,USD_PPP_PS,"US dollars per person, PPP converted",LR,Chain linked volume (rebased),LA,Annual levels,T0102,Table 0102 - GDP identity from the expenditure side,2017-Q1,,60169.7,,2020,,,,F,Free (free for publication),1,One,A,Normal value,0,Units,USD,US dollar
DATAFLOW,OECD.SDD.NAD:DSD_NAMAIN1@DF_QNA_EXPENDITURE_CAPITA(1.1),Quarterly GDP per capita,I,Q,Quarterly,Y,Calendar and seasonally adjusted,DEU,Germany,S1,Total economy,S1,Total economy,B1GQ_POP,"Gross domestic product, per capita",_Z,Not applicable,_Z,Not applicable,_Z,Not applicable,USD_PPP_PS,"US dollars per person, PPP converted",LR,Chain linked volume (rebased),LA,Annual levels,T0102,Table 0102 - GDP identity from the expenditure side,2016-Q4,,59417.5,,2020,,,,F,Free (free for publication),1,One,A,Normal value,0,Units,USD,US dollar
DATAFLOW,OECD.SDD.NAD:DSD_NAMAIN1@DF_QNA_EXPENDITURE_CAPITA(1.1),Quarterly GDP per capita,I,Q,Quarterly,Y,Calendar and seasonally adjusted,DEU,Germany,S1,Total economy,S1,Total economy,B1GQ_POP,"Gross domestic product, per capita",_Z,Not applicable,_Z,Not applicable,_Z,Not applicable,USD_PPP_PS,"US dollars per person, PPP converted",LR,Chain linked volume (rebased),LA,Annual levels,T0102,Table 0102 - GDP identity from the expenditure side,2016-Q3,,59178.9,,2020,,,,F,Free (free for publication),1,One,A,Normal value,0,Units,USD,US dollar
DATAFLOW,OECD.SDD.NAD:DSD_NAMAIN1@DF_QNA_EXPENDITURE_CAPITA(1.1),Quarterly GDP per capita,I,Q,Quarterly,Y,Calendar and seasonally adjusted,DEU,Germany,S1,Total economy,S1,Total economy,B1GQ_POP,"Gross domestic product, per capita",_Z,Not applicable,_Z,Not applicable,_Z,Not applicable,USD_PPP_PS,"US dollars per person, PPP converted",LR,Chain linked volume (rebased),LA,Annual levels,T0102,Table 0102 - GDP identity from the expenditure side,2016-Q2,,59025.9,,2020,,,,F,Free (free for publication),1,One,A,Normal value,0,Units,USD,US dollar
DATAFLOW,OECD.SDD.NAD:DSD_NAMAIN1@DF_QNA_EXPENDITURE_CAPITA(1.1),Quarterly GDP per capita,I,Q,Quarterly,Y,Calendar and seasonally adjusted,DEU,Germany,S1,Total economy,S1,Total economy,B1GQ_POP,"Gross domestic product, per capita",_Z,Not applicable,_Z,Not applicable,_Z,Not applicable,USD_PPP_PS,"US dollars per person, PPP converted",LR,Chain linked volume (rebased),LA,Annual levels,T0102,Table 0102 - GDP identity from the expenditure side,2021-Q2,,61952.7,,2020,,,,F,Free (free for publication),1,One,A,Normal value,0,Units,USD,US dollar
DATAFLOW,OECD.SDD.NAD:DSD_NAMAIN1@DF_QNA_EXPENDITURE_CAPITA(1.1),Quarterly GDP per capita,I,Q,Quarterly,Y,Calendar and seasonally adjusted,DEU,Germany,S1,Total economy,S1,Total economy,B1GQ_POP,"Gross domestic product, per capita",_Z,Not applicable,_Z,Not applicable,_Z,Not applicable,USD_PPP_PS,"US dollars per person, PPP converted",LR,Chain linked volume (rebased),LA,Annual levels,T0102,Table 0102 - GDP identity from the expenditure side,2021-Q1,,60511.5,,2020,,,,F,Free (free for publication),1,One,A,Normal value,0,Units,USD,US dollar
DATAFLOW,OECD.SDD.NAD:DSD_NAMAIN1@DF_QNA_EXPENDITURE_CAPITA(1.1),Quarterly GDP per capita,I,Q,Quarterly,Y,Calendar and seasonally adjusted,DEU,Germany,S1,Total economy,S1,Total economy,B1GQ_POP,"Gross domestic product, per capita",_Z,Not applicable,_Z,Not applicable,_Z,Not applicable,USD_PPP_PS,"US dollars per person, PPP converted",LR,Chain linked volume (rebased),LA,Annual levels,T0102,Table 0102 - GDP identity from the expenditure side,2020-Q4,,60865.7,,2020,,,,F,Free (free for publication),1,One,A,Normal value,0,Units,USD,US dollar
DATAFLOW,OECD.SDD.NAD:DSD_NAMAIN1@DF_QNA_EXPENDITURE_CAPITA(1.1),Quarterly GDP per capita,I,Q,Quarterly,Y,Calendar and seasonally adjusted,GBR,United Kingdom,S1,Total economy,S1,Total economy,B1GQ_POP,"Gross domestic product, per capita",_Z,Not applicable,_Z,Not applicable,_Z,Not applicable,USD_PPP_PS,"US dollars per person, PPP converted",LR,Chain linked volume (rebased),LA,Annual levels,T0102,Table 0102 - GDP identity from the expenditure side,2011-Q2,,48422,,2020,,,,F,Free (free for publication),1,One,A,Normal value,0,Units,USD,US dollar
DATAFLOW,OECD.SDD.NAD:DSD_NAMAIN1@DF_QNA_EXPENDITURE_CAPITA(1.1),Quarterly GDP per capita,I,Q,Quarterly,Y,Calendar and seasonally adjusted,JPN,Japan,S1,Total economy,S1,Total economy,B1GQ_POP,"Gross domestic product, per capita",_Z,Not applicable,_Z,Not applicable,_Z,Not applicable,USD_PPP_PS,"US dollars per person, PPP converted",LR,Chain linked volume (rebased),LA,Annual levels,T0102,Table 0102 - GDP identity from the expenditure side,2011-Q4,,40848.9,,2020,,,,F,Free (free for publication),1,One,A,Normal value,0,Units,USD,US dollar
DATAFLOW,OECD.SDD.NAD:DSD_NAMAIN1@DF_QNA_EXPENDITURE_CAPITA(1.1),Quarterly GDP per capita,I,Q,Quarterly,Y,Calendar and seasonally adjusted,JPN,Japan,S1,Total economy,S1,Total economy,B1GQ_POP,"Gross domestic product, per capita",_Z,Not applicable,_Z,Not applicable,_Z,Not applicable,USD_PPP_PS,"US dollars per person, PPP converted",LR,Chain linked volume (rebased),LA,Annual levels,T0102,Table 0102 - GDP identity from the expenditure side,2011-Q3,,40857.8,,2020,,,,F,Free (free for publication),1,One,A,Normal value,0,Units,USD,US dollar
DATAFLOW,OECD.SDD.NAD:DSD_NAMAIN1@DF_QNA_EXPENDITURE_CAPITA(1.1),Quarterly GDP per capita,I,Q,Quarterly,Y,Calendar and seasonally adjusted,JPN,Japan,S1,Total economy,S1,Total economy,B1GQ_POP,"Gross domestic product, per capita",_Z,Not applicable,_Z,Not applicable,_Z,Not applicable,USD_PPP_PS,"US dollars per person, PPP converted",LR,Chain linked volume (rebased),LA,Annual levels,T0102,Table 0102 - GDP identity from the expenditure side,2011-Q2,,39882.9,,2020,,,,F,Free (free for publication),1,One,A,Normal value,0,Units,USD,US dollar
DATAFLOW,OECD.SDD.NAD:DSD_NAMAIN1@DF_QNA_EXPENDITURE_CAPITA(1.1),Quarterly GDP per capita,I,Q,Quarterly,Y,Calendar and seasonally adjusted,JPN,Japan,S1,Total economy,S1,Total economy,B1GQ_POP,"Gross domestic product, per capita",_Z,Not applicable,_Z,Not applicable,_Z,Not applicable,USD_PPP_PS,"US dollars per person, PPP converted",LR,Chain linked volume (rebased),LA,Annual levels,T0102,Table 0102 - GDP identity from the expenditure side,2011-Q1,,40259.5,,2020,,,,F,Free (free for publication),1,One,A,Normal value,0,Units,USD,US dollar
DATAFLOW,OECD.SDD.NAD:DSD_NAMAIN1@DF_QNA_EXPENDITURE_CAPITA(1.1),Quarterly GDP per capita,I,Q,Quarterly,Y,Calendar and seasonally adjusted,JPN,Japan,S1,Total economy,S1,Total economy,B1GQ_POP,"Gross domestic product, per capita",_Z,Not applicable,_Z,Not applicable,_Z,Not applicable,USD_PPP_PS,"US dollars per person, PPP converted",LR,Chain linked volume (rebased),LA,Annual levels,T0102,Table 0102 - GDP identity from the expenditure side,2010-Q4,,40597.8,,2020,,,,F,Free (free for publication),1,One,A,Normal value,0,Units,USD,US dollar
DATAFLOW,OECD.SDD.NAD:DSD_NAMAIN1@DF_QNA_EXPENDITURE_CAPITA(1.1),Quarterly GDP per capita,I,Q,Quarterly,Y,Calendar and seasonally adjusted,JPN,Japan,S1,Total economy,S1,Total economy,B1GQ_POP,"Gross domestic product, per capita",_Z,Not applicable,_Z,Not applicable,_Z,Not applicable,USD_PPP_PS,"US dollars per person, PPP converted",LR,Chain linked volume (rebased),LA,Annual levels,T0102,Table 0102 - GDP identity from the expenditure side,2010-Q3,,40915.7,,2020,,,,F,Free (free for publication),1,One,A,Normal value,0,Units,USD,US dollar
DATAFLOW,OECD.SDD.NAD:DSD_NAMAIN1@DF_QNA_EXPENDITURE_CAPITA(1.1),Quarterly GDP per capita,I,Q,Quarterly,Y,Calendar and seasonally adjusted,JPN,Japan,S1,Total economy,S1,Total economy,B1GQ_POP,"Gross domestic product, per capita",_Z,Not applicable,_Z,Not applicable,_Z,Not applicable,USD_PPP_PS,"US dollars per person, PPP converted",LR,Chain linked volume (rebased),LA,Annual levels,T0102,Table 0102 - GDP identity from the expenditure side,2010-Q2,,40380.7,,2020,,,,F,Free (free for publication),1,One,A,Normal value,0,Units,USD,US dollar
DATAFLOW,OECD.SDD.NAD:DSD_NAMAIN1@DF_QNA_EXPENDITURE_CAPITA(1.1),Quarterly GDP per capita,I,Q,Quarterly,Y,Calendar and seasonally adjusted,JPN,Japan,S1,Total economy,S1,Total economy,B1GQ_POP,"Gross domestic product, per capita",_Z,Not applicable,_Z,Not applicable,_Z,Not applicable,USD_PPP_PS,"US dollars per person, PPP converted",LR,Chain linked volume (rebased),LA,Annual levels,T0102,Table 0102 - GDP identity from the expenditure side,2010-Q1,,39898.5,,2020,,,,F,Free (free for publication),1,One,A,Normal value,0,Units,USD,US dollar
DATAFLOW,OECD.SDD.NAD:DSD_NAMAIN1@DF_QNA_EXPENDITURE_CAPITA(1.1),Quarterly GDP per capita,I,Q,Quarterly,Y,Calendar and seasonally adjusted,JPN,Japan,S1,Total economy,S1,Total economy,B1GQ_POP,"Gross domestic product, per capita",_Z,Not applicable,_Z,Not applicable,_Z,Not applicable,USD_PPP_PS,"US dollars per person, PPP converted",LR,Chain linked volume (rebased),LA,Annual levels,T0102,Table 0102 - GDP identity from the expenditure side,2024-Q4,,45834.3,,2020,,,,F,Free (free for publication),1,One,A,Normal value,0,Units,USD,US dollar
DATAFLOW,OECD.SDD.NAD:DSD_NAMAIN1@DF_QNA_EXPENDITURE_CAPITA(1.1),Quarterly GDP per capita,I,Q,Quarterly,Y,Calendar and seasonally adjusted,JPN,Japan,S1,Total economy,S1,Total economy,B1GQ_POP,"Gross domestic product, per capita",_Z,Not applicable,_Z,Not applicable,_Z,Not applicable,USD_PPP_PS,"US dollars per person, PPP converted",LR,Chain linked volume (rebased),LA,Annual levels,T0102,Table 0102 - GDP identity from the expenditure side,2016-Q4,,43308.7,,2020,,,,F,Free (free for publication),1,One,A,Normal value,0,Units,USD,US dollar
DATAFLOW,OECD.SDD.NAD:DSD_NAMAIN1@DF_QNA_EXPENDITURE_CAPITA(1.1),Quarterly GDP per capita,I,Q,Quarterly,Y,Calendar and seasonally adjusted,DEU,Germany,S1,Total economy,S1,Total economy,B1GQ_POP,"Gross domestic product, per capita",_Z,Not applicable,_Z,Not applicable,_Z,Not applicable,USD_PPP_PS,"US dollars per person, PPP converted",LR,Chain linked volume (rebased),LA,Annual levels,T0102,Table 0102 - GDP identity from the expenditure side,2020-Q3,,60240.8,,2020,,,,F,Free (free for publication),1,One,A,Normal value,0,Units,USD,US dollar
DATAFLOW,OECD.SDD.NAD:DSD_NAMAIN1@DF_QNA_EXPENDITURE_CAPITA(1.1),Quarterly GDP per capita,I,Q,Quarterly,Y,Calendar and seasonally adjusted,DEU,Germany,S1,Total economy,S1,Total economy,B1GQ_POP,"Gross domestic product, per capita",_Z,Not applicable,_Z,Not applicable,_Z,Not applicable,USD_PPP_PS,"US dollars per person, PPP converted",LR,Chain linked volume (rebased),LA,Annual levels,T0102,Table 0102 - GDP identity from the expenditure side,2020-Q2,,55408.3,,2020,,,,F,Free (free for publication),1,One,A,Normal value,0,Units,USD,US dollar
DATAFLOW,OECD.SDD.NAD:DSD_NAMAIN1@DF_QNA_EXPENDITURE_CAPITA(1.1),Quarterly GDP per capita,I,Q,Quarterly,Y,Calendar and seasonally adjusted,JPN,Japan,S1,Total economy,S1,Total economy,B1GQ_POP,"Gross domestic product, per capita",_Z,Not applicable,_Z,Not applicable,_Z,Not applicable,USD_PPP_PS,"US dollars per person, PPP converted",LR,Chain linked volume (rebased),LA,Annual levels,T0102,Table 0102 - GDP identity from the expenditure side,2015-Q1,,42819.7,,2020,,,,F,Free (free for publication),1,One,A,Normal value,0,Units,USD,US dollar
DATAFLOW,OECD.SDD.NAD:DSD_NAMAIN1@DF_QNA_EXPENDITURE_CAPITA(1.1),Quarterly GDP per capita,I,Q,Quarterly,Y,Calendar and seasonally adjusted,JPN,Japan,S1,Total economy,S1,Total economy,B1GQ_POP,"Gross domestic product, per capita",_Z,Not applicable,_Z,Not applicable,_Z,Not applicable,USD_PPP_PS,"US dollars per person, PPP converted",LR,Chain linked volume (rebased),LA,Annual levels,T0102,Table 0102 - GDP identity from the expenditure side,2014-Q4,,42168.8,,2020,,,,F,Free (free for publication),1,One,A,Normal value,0,Units,USD,US dollar
DATAFLOW,OECD.SDD.NAD:DSD_NAMAIN1@DF_QNA_EXPENDITURE_CAPITA(1.1),Quarterly GDP per capita,I,Q,Quarterly,Y,Calendar and seasonally adjusted,JPN,Japan,S1,Total economy,S1,Total economy,B1GQ_POP,"Gross domestic product, per capita",_Z,Not applicable,_Z,Not applicable,_Z,Not applicable,USD_PPP_PS,"US dollars per person, PPP converted",LR,Chain linked volume (rebased),LA,Annual levels,T0102,Table 0102 - GDP identity from the expenditure side,2017-Q3,,44242.1,,2020,,,,F,Free (free for publication),1,One,A,Normal value,0,Units,USD,US dollar
DATAFLOW,OECD.SDD.NAD:DSD_NAMAIN1@DF_QNA_EXPENDITURE_CAPITA(1.1),Quarterly GDP per capita,I,Q,Quarterly,Y,Calendar and seasonally adjusted,JPN,Japan,S1,Total economy,S1,Total economy,B1GQ_POP,"Gross domestic product, per capita",_Z,Not applicable,_Z,Not applicable,_Z,Not applicable,USD_PPP_PS,"US dollars per person, PPP converted",LR,Chain linked volume (rebased),LA,Annual levels,T0102,Table 0102 - GDP identity from the expenditure side,2017-Q2,,43827.8,,2020,,,,F,Free (free for publication),1,One,A,Normal value,0,Units,USD,US dollar
DATAFLOW,OECD.SDD.NAD:DSD_NAMAIN1@DF_QNA_EXPENDITURE_CAPITA(1.1),Quarterly GDP per capita,I,Q,Quarterly,Y,Calendar and seasonally adjusted,JPN,Japan,S1,Total economy,S1,Total economy,B1GQ_POP,"Gross domestic product, per capita",_Z,Not applicable,_Z,Not applicable,_Z,Not applicable,USD_PPP_PS,"US dollars per person, PPP converted",LR,Chain linked volume (rebased),LA,Annual levels,T0102,Table 0102 - GDP identity from the expenditure side,2017-Q1,,43662.3,,2020,,,,F,Free (free for publication),1,One,A,Normal value,0,Units,USD,US dollar
DATAFLOW,OECD.SDD.NAD:DSD_NAMAIN1@DF_QNA_EXPENDITURE_CAPITA(1.1),Quarterly GDP per capita,I,Q,Quarterly,Y,Calendar and seasonally adjusted,JPN,Japan,S1,Total economy,S1,Total economy,B1GQ_POP,"Gross domestic product, per capita",_Z,Not applicable,_Z,Not applicable,_Z,Not applicable,USD_PPP_PS,"US dollars per person, PPP converted",LR,Chain linked volume (rebased),LA,Annual levels,T0102,Table 0102 - GDP identity from the expenditure side,2024-Q2,,45152.1,,2020,,,,F,Free (free for publication),1,One,A,Normal value,0,Units,USD,US dollar
DATAFLOW,OECD.SDD.NAD:DSD_NAMAIN1@DF_QNA_EXPENDITURE_CAPITA(1.1),Quarterly GDP per capita,I,Q,Quarterly,Y,Calendar and seasonally adjusted,DEU,Germany,S1,Total economy,S1,Total economy,B1GQ_POP,"Gross domestic product, per capita",_Z,Not applicable,_Z,Not applicable,_Z,Not applicable,USD_PPP_PS,"US dollars per person, PPP converted",LR,Chain linked volume (rebased),LA,Annual levels,T0102,Table 0102 - GDP identity from the expenditure side,2015-Q3,,58382.3,,2020,,,,F,Free (free for publication),1,One,A,Normal value,0,Units,USD,US dollar
DATAFLOW,OECD.SDD.NAD:DSD_NAMAIN1@DF_QNA_EXPENDITURE_CAPITA(1.1),Quarterly GDP per capita,I,Q,Quarterly,Y,Calendar and seasonally adjusted,DEU,Germany,S1,Total economy,S1,Total economy,B1GQ_POP,"Gross domestic product, per capita",_Z,Not applicable,_Z,Not applicable,_Z,Not applicable,USD_PPP_PS,"US dollars per person, PPP converted",LR,Chain linked volume (rebased),LA,Annual levels,T0102,Table 0102 - GDP identity from the expenditure side,2015-Q2,,58178.4,,2020,,,,F,Free (free for publication),1,One,A,Normal value,0,Units,USD,US dollar
DATAFLOW,OECD.SDD.NAD:DSD_NAMAIN1@DF_QNA_EXPENDITURE_CAPITA(1.1),Quarterly GDP per capita,I,Q,Quarterly,Y,Calendar and seasonally adjusted,DEU,Germany,S1,Total economy,S1,Total economy,B1GQ_POP,"Gross domestic product, per capita",_Z,Not applicable,_Z,Not applicable,_Z,Not applicable,USD_PPP_PS,"US dollars per person, PPP converted",LR,Chain linked volume (rebased),LA,Annual levels,T0102,Table 0102 - GDP identity from the expenditure side,2015-Q1,,57997.3,,2020,,,,F,Free (free for publication),1,One,A,Normal value,0,Units,USD,US dollar
DATAFLOW,OECD.SDD.NAD:DSD_NAMAIN1@DF_QNA_EXPENDITURE_CAPITA(1.1),Quarterly GDP per capita,I,Q,Quarterly,Y,Calendar and seasonally adjusted,DEU,Germany,S1,Total economy,S1,Total economy,B1GQ_POP,"Gross domestic product, per capita",_Z,Not applicable,_Z,Not applicable,_Z,Not applicable,USD_PPP_PS,"US dollars per person, PPP converted",LR,Chain linked volume (rebased),LA,Annual levels,T0102,Table 0102 - GDP identity from the expenditure side,2014-Q4,,58255.8,,2020,,,,F,Free (free for publication),1,One,A,Normal value,0,Units,USD,US dollar
DATAFLOW,OECD.SDD.NAD:DSD_NAMAIN1@DF_QNA_EXPENDITURE_CAPITA(1.1),Quarterly GDP per capita,I,Q,Quarterly,Y,Calendar and seasonally adjusted,DEU,Germany,S1,Total economy,S1,Total economy,B1GQ_POP,"Gross domestic product, per capita",_Z,Not applicable,_Z,Not applicable,_Z,Not applicable,USD_PPP_PS,"US dollars per person, PPP converted",LR,Chain linked volume (rebased),LA,Annual levels,T0102,Table 0102 - GDP identity from the expenditure side,2014-Q3,,57911.3,,2020,,,,F,Free (free for publication),1,One,A,Normal value,0,Units,USD,US dollar
DATAFLOW,OECD.SDD.NAD:DSD_NAMAIN1@DF_QNA_EXPENDITURE_CAPITA(1.1),Quarterly GDP per capita,I,Q,Quarterly,Y,Calendar and seasonally adjusted,DEU,Germany,S1,Total economy,S1,Total economy,B1GQ_POP,"Gross domestic product, per capita",_Z,Not applicable,_Z,Not applicable,_Z,Not applicable,USD_PPP_PS,"US dollars per person, PPP converted",LR,Chain linked volume (rebased),LA,Annual levels,T0102,Table 0102 - GDP identity from the expenditure side,2014-Q2,,57658.9,,2020,,,,F,Free (free for publication),1,One,A,Normal value,0,Units,USD,US dollar
DATAFLOW,OECD.SDD.NAD:DSD_NAMAIN1@DF_QNA_EXPENDITURE_CAPITA(1.1),Quarterly GDP per capita,I,Q,Quarterly,Y,Calendar and seasonally adjusted,DEU,Germany,S1,Total economy,S1,Total economy,B1GQ_POP,"Gross domestic product, per capita",_Z,Not applicable,_Z,Not applicable,_Z,Not applicable,USD_PPP_PS,"US dollars per person, PPP converted",LR,Chain linked volume (rebased),LA,Annual levels,T0102,Table 0102 - GDP identity from the expenditure side,2014-Q1,,57723.9,,2020,,,,F,Free (free for publication),1,One,A,Normal value,0,Units,USD,US dollar
DATAFLOW,OECD.SDD.NAD:DSD_NAMAIN1@DF_QNA_EXPENDITURE_CAPITA(1.1),Quarterly GDP per capita,I,Q,Quarterly,Y,Calendar and seasonally adjusted,DEU,Germany,S1,Total economy,S1,Total economy,B1GQ_POP,"Gross domestic product, per capita",_Z,Not applicable,_Z,Not applicable,_Z,Not applicable,USD_PPP_PS,"US dollars per person, PPP converted",LR,Chain linked volume (rebased),LA,Annual levels,T0102,Table 0102 - GDP identity from the expenditure side,2013-Q4,,57168.6,,2020,,,,F,Free (free for publication),1,One,A,Normal value,0,Units,USD,US dollar
DATAFLOW,OECD.SDD.NAD:DSD_NAMAIN1@DF_QNA_EXPENDITURE_CAPITA(1.1),Quarterly GDP per capita,I,Q,Quarterly,Y,Calendar and seasonally adjusted,DEU,Germany,S1,Total economy,S1,Total economy,B1GQ_POP,"Gross domestic product, per capita",_Z,Not applicable,_Z,Not applicable,_Z,Not applicable,USD_PPP_PS,"US dollars per person, PPP converted",LR,Chain linked volume (rebased),LA,Annual levels,T0102,Table 0102 - GDP identity from the expenditure side,2013-Q3,,57105.7,,2020,,,,F,Free (free for publication),1,One,A,Normal value,0,Units,USD,US dollar
DATAFLOW,OECD.SDD.NAD:DSD_NAMAIN1@DF_QNA_EXPENDITURE_CAPITA(1.1),Quarterly GDP per capita,I,Q,Quarterly,Y,Calendar and seasonally adjusted,DEU,Germany,S1,Total economy,S1,Total economy,B1GQ_POP,"Gross domestic product, per capita",_Z,Not applicable,_Z,Not applicable,_Z,Not applicable,USD_PPP_PS,"US dollars per person, PPP converted",LR,Chain linked volume (rebased),LA,Annual levels,T0102,Table 0102 - GDP identity from the expenditure side,2013-Q2,,56833.1,,2020,,,,F,Free (free for publication),1,One,A,Normal value,0,Units,USD,US dollar
DATAFLOW,OECD.SDD.NAD:DSD_NAMAIN1@DF_QNA_EXPENDITURE_CAPITA(1.1),Quarterly GDP per capita,I,Q,Quarterly,Y,Calendar and seasonally adjusted,DEU,Germany,S1,Total economy,S1,Total economy,B1GQ_POP,"Gross domestic product, per capita",_Z,Not applicable,_Z,Not applicable,_Z,Not applicable,USD_PPP_PS,"US dollars per person, PPP converted",LR,Chain linked volume (rebased),LA,Annual levels,T0102,Table 0102 - GDP identity from the expenditure side,2013-Q1,,56206.1,,2020,,,,F,Free (free for publication),1,One,A,Normal value,0,Units,USD,US dollar
DATAFLOW,OECD.SDD.NAD:DSD_NAMAIN1@DF_QNA_EXPENDITURE_CAPITA(1.1),Quarterly GDP per capita,I,Q,Quarterly,Y,Calendar and seasonally adjusted,DEU,Germany,S1,Total economy,S1,Total economy,B1GQ_POP,"Gross domestic product, per capita",_Z,Not applicable,_Z,Not applicable,_Z,Not applicable,USD_PPP_PS,"US dollars per person, PPP converted",LR,Chain linked volume (rebased),LA,Annual levels,T0102,Table 0102 - GDP identity from the expenditure side,2012-Q4,,56564.2,,2020,,,,F,Free (free for publication),1,One,A,Normal value,0,Units,USD,US dollar
DATAFLOW,OECD.SDD.NAD:DSD_NAMAIN1@DF_QNA_EXPENDITURE_CAPITA(1.1),Quarterly GDP per capita,I,Q,Quarterly,Y,Calendar and seasonally adjusted,DEU,Germany,S1,Total economy,S1,Total economy,B1GQ_POP,"Gross domestic product, per capita",_Z,Not applicable,_Z,Not applicable,_Z,Not applicable,USD_PPP_PS,"US dollars per person, PPP converted",LR,Chain linked volume (rebased),LA,Annual levels,T0102,Table 0102 - GDP identity from the expenditure side,2012-Q3,,56746.3,,2020,,,,F,Free (free for publication),1,One,A,Normal value,0,Units,USD,US dollar
DATAFLOW,OECD.SDD.NAD:DSD_NAMAIN1@DF_QNA_EXPENDITURE_CAPITA(1.1),Quarterly GDP per capita,I,Q,Quarterly,Y,Calendar and seasonally adjusted,DEU,Germany,S1,Total economy,S1,Total economy,B1GQ_POP,"Gross domestic product, per capita",_Z,Not applicable,_Z,Not applicable,_Z,Not applicable,USD_PPP_PS,"US dollars per person, PPP converted",LR,Chain linked volume (rebased),LA,Annual levels,T0102,Table 0102 - GDP identity from the expenditure side,2012-Q2,,56633,,2020,,,,F,Free (free for publication),1,One,A,Normal value,0,Units,USD,US dollar
DATAFLOW,OECD.SDD.NAD:DSD_NAMAIN1@DF_QNA_EXPENDITURE_CAPITA(1.1),Quarterly GDP per capita,I,Q,Quarterly,Y,Calendar and seasonally adjusted,DEU,Germany,S1,Total economy,S1,Total economy,B1GQ_POP,"Gross domestic product, per capita",_Z,Not applicable,_Z,Not applicable,_Z,Not applicable,USD_PPP_PS,"US dollars per person, PPP converted",LR,Chain linked volume (rebased),LA,Annual levels,T0102,Table 0102 - GDP identity from the expenditure side,2011-Q1,,56097.8,,2020,,,,F,Free (free for publication),1,One,A,Normal value,0,Units,USD,US dollar
DATAFLOW,OECD.SDD.NAD:DSD_NAMAIN1@DF_QNA_EXPENDITURE_CAPITA(1.1),Quarterly GDP per capita,I,Q,Quarterly,Y,Calendar and seasonally adjusted,DEU,Germany,S1,Total economy,S1,Total economy,B1GQ_POP,"Gross domestic product, per capita",_Z,Not applicable,_Z,Not applicable,_Z,Not applicable,USD_PPP_PS,"US dollars per person, PPP converted",LR,Chain linked volume (rebased),LA,Annual levels,T0102,Table 0102 - GDP identity from the expenditure side,2010-Q4,,55086.5,,2020,,,,F,Free (free for publication),1,One,A,Normal value,0,Units,USD,US dollar
DATAFLOW,OECD.SDD.NAD:DSD_NAMAIN1@DF_QNA_EXPENDITURE_CAPITA(1.1),Quarterly GDP per capita,I,Q,Quarterly,Y,Calendar and seasonally adjusted,GBR,United Kingdom,S1,Total economy,S1,Total economy,B1GQ_POP,"Gross domestic product, per capita",_Z,Not applicable,_Z,Not applicable,_Z,Not applicable,USD_PPP_PS,"US dollars per person, PPP converted",LR,Chain linked volume (rebased),LA,Annual levels,T0102,Table 0102 - GDP identity from the expenditure side,2022-Q2,,54881.3,,2020,,,,F,Free (free for publication),1,One,A,Normal value,0,Units,USD,US dollar
DATAFLOW,OECD.SDD.NAD:DSD_NAMAIN1@DF_QNA_EXPENDITURE_CAPITA(1.1),Quarterly GDP per capita,I,Q,Quarterly,Y,Calendar and seasonally adjusted,DEU,Germany,S1,Total economy,S1,Total economy,B1GQ_POP,"Gross domestic product, per capita",_Z,Not applicable,_Z,Not applicable,_Z,Not applicable,USD_PPP_PS,"US dollars per person, PPP converted",LR,Chain linked volume (rebased),LA,Annual levels,T0102,Table 0102 - GDP identity from the expenditure side,2019-Q3,,62228.8,,2020,,,,F,Free (free for publication),1,One,A,Normal value,0,Units,USD,US dollar
DATAFLOW,OECD.SDD.NAD:DSD_NAMAIN1@DF_QNA_EXPENDITURE_CAPITA(1.1),Quarterly GDP per capita,I,Q,Quarterly,Y,Calendar and seasonally adjusted,GBR,United Kingdom,S1,Total economy,S1,Total economy,B1GQ_POP,"Gross domestic product, per capita",_Z,Not applicable,_Z,Not applicable,_Z,Not applicable,USD_PPP_PS,"US dollars per person, PPP converted",LR,Chain linked volume (rebased),LA,Annual levels,T0102,Table 0102 - GDP identity from the expenditure side,2014-Q3,,50729.6,,2020,,,,F,Free (free for publication),1,One,A,Normal value,0,Units,USD,US dollar
DATAFLOW,OECD.SDD.NAD:DSD_NAMAIN1@DF_QNA_EXPENDITURE_CAPITA(1.1),Quarterly GDP per capita,I,Q,Quarterly,Y,Calendar and seasonally adjusted,GBR,United Kingdom,S1,Total economy,S1,Total economy,B1GQ_POP,"Gross domestic product, per capita",_Z,Not applicable,_Z,Not applicable,_Z,Not applicable,USD_PPP_PS,"US dollars per person, PPP converted",LR,Chain linked volume (rebased),LA,Annual levels,T0102,Table 0102 - GDP identity from the expenditure side,2014-Q2,,50411.1,,2020,,,,F,Free (free for publication),1,One,A,Normal value,0,Units,USD,US dollar
DATAFLOW,OECD.SDD.NAD:DSD_NAMAIN1@DF_QNA_EXPENDITURE_CAPITA(1.1),Quarterly GDP per capita,I,Q,Quarterly,Y,Calendar and seasonally adjusted,GBR,United Kingdom,S1,Total economy,S1,Total economy,B1GQ_POP,"Gross domestic product, per capita",_Z,Not applicable,_Z,Not applicable,_Z,Not applicable,USD_PPP_PS,"US dollars per person, PPP converted",LR,Chain linked volume (rebased),LA,Annual levels,T0102,Table 0102 - GDP identity from the expenditure side,2013-Q4,,49729.8,,2020,,,,F,Free (free for publication),1,One,A,Normal value,0,Units,USD,US dollar
DATAFLOW,OECD.SDD.NAD:DSD_NAMAIN1@DF_QNA_EXPENDITURE_CAPITA(1.1),Quarterly GDP per capita,I,Q,Quarterly,Y,Calendar and seasonally adjusted,GBR,United Kingdom,S1,Total economy,S1,Total economy,B1GQ_POP,"Gross domestic product, per capita",_Z,Not applicable,_Z,Not applicable,_Z,Not applicable,USD_PPP_PS,"US dollars per person, PPP converted",LR,Chain linked volume (rebased),LA,Annual levels,T0102,Table 0102 - GDP identity from the expenditure side,2013-Q3,,49496.3,,2020,,,,F,Free (free for publication),1,One,A,Normal value,0,Units,USD,US dollar
DATAFLOW,OECD.SDD.NAD:DSD_NAMAIN1@DF_QNA_EXPENDITURE_CAPITA(1.1),Quarterly GDP per capita,I,Q,Quarterly,Y,Calendar and seasonally adjusted,GBR,United Kingdom,S1,Total economy,S1,Total economy,B1GQ_POP,"Gross domestic product, per capita",_Z,Not applicable,_Z,Not applicable,_Z,Not applicable,USD_PPP_PS,"US dollars per person, PPP converted",LR,Chain linked volume (rebased),LA,Annual levels,T0102,Table 0102 - GDP identity from the expenditure side,2013-Q2,,49211.9,,2020,,,,F,Free (free for publication),1,One,A,Normal value,0,Units,USD,US dollar
DATAFLOW,OECD.SDD.NAD:DSD_NAMAIN1@DF_QNA_EXPENDITURE_CAPITA(1.1),Quarterly GDP per capita,I,Q,Quarterly,Y,Calendar and seasonally adjusted,GBR,United Kingdom,S1,Total economy,S1,Total economy,B1GQ_POP,"Gross domestic product, per capita",_Z,Not applicable,_Z,Not applicable,_Z,Not applicable,USD_PPP_PS,"US dollars per person, PPP converted",LR,Chain linked volume (rebased),LA,Annual levels,T0102,Table 0102 - GDP identity from the expenditure side,2014-Q1,,50034.2,,2020,,,,F,Free (free for publication),1,One,A,Normal value,0,Units,USD,US dollar
DATAFLOW,OECD.SDD.NAD:DSD_NAMAIN1@DF_QNA_EXPENDITURE_CAPITA(1.1),Quarterly GDP per capita,I,Q,Quarterly,Y,Calendar and seasonally adjusted,GBR,United Kingdom,S1,Total economy,S1,Total economy,B1GQ_POP,"Gross domestic product, per capita",_Z,Not applicable,_Z,Not applicable,_Z,Not applicable,USD_PPP_PS,"US dollars per person, PPP converted",LR,Chain linked volume (rebased),LA,Annual levels,T0102,Table 0102 - GDP identity from the expenditure side,2012-Q2,,48651,,2020,,,,F,Free (free for publication),1,One,A,Normal value,0,Units,USD,US dollar
DATAFLOW,OECD.SDD.NAD:DSD_NAMAIN1@DF_QNA_EXPENDITURE_CAPITA(1.1),Quarterly GDP per capita,I,Q,Quarterly,Y,Calendar and seasonally adjusted,GBR,United Kingdom,S1,Total economy,S1,Total economy,B1GQ_POP,"Gross domestic product, per capita",_Z,Not applicable,_Z,Not applicable,_Z,Not applicable,USD_PPP_PS,"US dollars per person, PPP converted",LR,Chain linked volume (rebased),LA,Annual levels,T0102,Table 0102 - GDP identity from the expenditure side,2012-Q1,,48758.7,,2020,,,,F,Free (free for publication),1,One,A,Normal value,0,Units,USD,US dollar
DATAFLOW,OECD.SDD.NAD:DSD_NAMAIN1@DF_QNA_EXPENDITURE_CAPITA(1.1),Quarterly GDP per capita,I,Q,Quarterly,Y,Calendar and seasonally adjusted,GBR,United Kingdom,S1,Total economy,S1,Total economy,B1GQ_POP,"Gross domestic product, per capita",_Z,Not applicable,_Z,Not applicable,_Z,Not applicable,USD_PPP_PS,"US dollars per person, PPP converted",LR,Chain linked volume (rebased),LA,Annual levels,T0102,Table 0102 - GDP identity from the expenditure side,2011-Q4,,48383.5,,2020,,,,F,Free (free for publication),1,One,A,Normal value,0,Units,USD,US dollar
DATAFLOW,OECD.SDD.NAD:DSD_NAMAIN1@DF_QNA_EXPENDITURE_CAPITA(1.1),Quarterly GDP per capita,I,Q,Quarterly,Y,Calendar and seasonally adjusted,DEU,Germany,S1,Total economy,S1,Total economy,B1GQ_POP,"Gross domestic product, per capita",_Z,Not applicable,_Z,Not applicable,_Z,Not applicable,USD_PPP_PS,"US dollars per person, PPP converted",LR,Chain linked volume (rebased),LA,Annual levels,T0102,Table 0102 - GDP identity from the expenditure side,2010-Q2,,54191.1,,2020,,,,F,Free (free for publication),1,One,A,Normal value,0,Units,USD,US dollar
DATAFLOW,OECD.SDD.NAD:DSD_NAMAIN1@DF_QNA_EXPENDITURE_CAPITA(1.1),Quarterly GDP per capita,I,Q,Quarterly,Y,Calendar and seasonally adjusted,DEU,Germany,S1,Total economy,S1,Total economy,B1GQ_POP,"Gross domestic product, per capita",_Z,Not applicable,_Z,Not applicable,_Z,Not applicable,USD_PPP_PS,"US dollars per person, PPP converted",LR,Chain linked volume (rebased),LA,Annual levels,T0102,Table 0102 - GDP identity from the expenditure side,2010-Q1,,53022,,2020,,,,F,Free (free for publication),1,One,A,Normal value,0,Units,USD,US dollar
DATAFLOW,OECD.SDD.NAD:DSD_NAMAIN1@DF_QNA_EXPENDITURE_CAPITA(1.1),Quarterly GDP per capita,I,Q,Quarterly,Y,Calendar and seasonally adjusted,DEU,Germany,S1,Total economy,S1,Total economy,B1GQ_POP,"Gross domestic product, per capita",_Z,Not applicable,_Z,Not applicable,_Z,Not applicable,USD_PPP_PS,"US dollars per person, PPP converted",LR,Chain linked volume (rebased),LA,Annual levels,T0102,Table 0102 - GDP identity from the expenditure side,2019-Q4,,62040.6,,2020,,,,F,Free (free for publication),1,One,A,Normal value,0,Units,USD,US dollar
DATAFLOW,OECD.SDD.NAD:DSD_NAMAIN1@DF_QNA_EXPENDITURE_CAPITA(1.1),Quarterly GDP per capita,I,Q,Quarterly,Y,Calendar and seasonally adjusted,GBR,United Kingdom,S1,Total economy,S1,Total economy,B1GQ_POP,"Gross domestic product, per capita",_Z,Not applicable,_Z,Not applicable,_Z,Not applicable,USD_PPP_PS,"US dollars per person, PPP converted",LR,Chain linked volume (rebased),LA,Annual levels,T0102,Table 0102 - GDP identity from the expenditure side,2022-Q1,,54709.5,,2020,,,,F,Free (free for publication),1,One,A,Normal value,0,Units,USD,US dollar
DATAFLOW,OECD.SDD.NAD:DSD_NAMAIN1@DF_QNA_EXPENDITURE_CAPITA(1.1),Quarterly GDP per capita,I,Q,Quarterly,Y,Calendar and seasonally adjusted,GBR,United Kingdom,S1,Total economy,S1,Total economy,B1GQ_POP,"Gross domestic product, per capita",_Z,Not applicable,_Z,Not applicable,_Z,Not applicable,USD_PPP_PS,"US dollars per person, PPP converted",LR,Chain linked volume (rebased),LA,Annual levels,T0102,Table 0102 - GDP identity from the expenditure side,2021-Q4,,54293.4,,2020,,,,F,Free (free for publication),1,One,A,Normal value,0,Units,USD,US dollar
DATAFLOW,OECD.SDD.NAD:DSD_NAMAIN1@DF_QNA_EXPENDITURE_CAPITA(1.1),Quarterly GDP per capita,I,Q,Quarterly,Y,Calendar and seasonally adjusted,GBR,United Kingdom,S1,Total economy,S1,Total economy,B1GQ_POP,"Gross domestic product, per capita",_Z,Not applicable,_Z,Not applicable,_Z,Not applicable,USD_PPP_PS,"US dollars per person, PPP converted",LR,Chain linked volume (rebased),LA,Annual levels,T0102,Table 0102 - GDP identity from the expenditure side,2021-Q3,,53686.4,,2020,,,,F,Free (free for publication),1,One,A,Normal value,0,Units,USD,US dollar
DATAFLOW,OECD.SDD.NAD:DSD_NAMAIN1@DF_QNA_EXPENDITURE_CAPITA(1.1),Quarterly GDP per capita,I,Q,Quarterly,Y,Calendar and seasonally adjusted,GBR,United Kingdom,S1,Total economy,S1,Total economy,B1GQ_POP,"Gross domestic product, per capita",_Z,Not applicable,_Z,Not applicable,_Z,Not applicable,USD_PPP_PS,"US dollars per person, PPP converted",LR,Chain linked volume (rebased),LA,Annual levels,T0102,Table 0102 - GDP identity from the expenditure side,2021-Q2,,52926,,2020,,,,F,Free (free for publication),1,One,A,Normal value,0,Units,USD,US dollar
DATAFLOW,OECD.SDD.NAD:DSD_NAMAIN1@DF_QNA_EXPENDITURE_CAPITA(1.1),Quarterly GDP per capita,I,Q,Quarterly,Y,Calendar and seasonally adjusted,GBR,United Kingdom,S1,Total economy,S1,Total economy,B1GQ_POP,"Gross domestic product, per capita",_Z,Not applicable,_Z,Not applicable,_Z,Not applicable,USD_PPP_PS,"US dollars per person, PPP converted",LR,Chain linked volume (rebased),LA,Annual levels,T0102,Table 0102 - GDP identity from the expenditure side,2021-Q1,,49516.1,,2020,,,,F,Free (free for publication),1,One,A,Normal value,0,Units,USD,US dollar
DATAFLOW,OECD.SDD.NAD:DSD_NAMAIN1@DF_QNA_EXPENDITURE_CAPITA(1.1),Quarterly GDP per capita,I,Q,Quarterly,Y,Calendar and seasonally adjusted,GBR,United Kingdom,S1,Total economy,S1,Total economy,B1GQ_POP,"Gross domestic product, per capita",_Z,Not applicable,_Z,Not applicable,_Z,Not applicable,USD_PPP_PS,"US dollars per person, PPP converted",LR,Chain linked volume (rebased),LA,Annual levels,T0102,Table 0102 - GDP identity from the expenditure side,2020-Q4,,50099,,2020,,,,F,Free (free for publication),1,One,A,Normal value,0,Units,USD,US dollar
DATAFLOW,OECD.SDD.NAD:DSD_NAMAIN1@DF_QNA_EXPENDITURE_CAPITA(1.1),Quarterly GDP per capita,I,Q,Quarterly,Y,Calendar and seasonally adjusted,GBR,United Kingdom,S1,Total economy,S1,Total economy,B1GQ_POP,"Gross domestic product, per capita",_Z,Not applicable,_Z,Not applicable,_Z,Not applicable,USD_PPP_PS,"US dollars per person, PPP converted",LR,Chain linked volume (rebased),LA,Annual levels,T0102,Table 0102 - GDP identity from the expenditure side,2020-Q3,,49467.3,,2020,,,,F,Free (free for publication),1,One,A,Normal value,0,Units,USD,US dollar
DATAFLOW,OECD.SDD.NAD:DSD_NAMAIN1@DF_QNA_EXPENDITURE_CAPITA(1.1),Quarterly GDP per capita,I,Q,Quarterly,Y,Calendar and seasonally adjusted,GBR,United Kingdom,S1,Total economy,S1,Total economy,B1GQ_POP,"Gross domestic product, per capita",_Z,Not applicable,_Z,Not applicable,_Z,Not applicable,USD_PPP_PS,"US dollars per person, PPP converted",LR,Chain linked volume (rebased),LA,Annual levels,T0102,Table 0102 - GDP identity from the expenditure side,2020-Q2,,42329.9,,2020,,,,F,Free (free for publication),1,One,A,Normal value,0,Units,USD,US dollar
DATAFLOW,OECD.SDD.NAD:DSD_NAMAIN1@DF_QNA_EXPENDITURE_CAPITA(1.1),Quarterly GDP per capita,I,Q,Quarterly,Y,Calendar and seasonally adjusted,GBR,United Kingdom,S1,Total economy,S1,Total economy,B1GQ_POP,"Gross domestic product, per capita",_Z,Not applicable,_Z,Not applicable,_Z,Not applicable,USD_PPP_PS,"US dollars per person, PPP converted",LR,Chain linked volume (rebased),LA,Annual levels,T0102,Table 0102 - GDP identity from the expenditure side,2018-Q1,,53730.9,,2020,,,,F,Free (free for publication),1,One,A,Normal value,0,Units,USD,US dollar
DATAFLOW,OECD.SDD.NAD:DSD_NAMAIN1@DF_QNA_EXPENDITURE_CAPITA(1.1),Quarterly GDP per capita,I,Q,Quarterly,Y,Calendar and seasonally adjusted,GBR,United Kingdom,S1,Total economy,S1,Total economy,B1GQ_POP,"Gross domestic product, per capita",_Z,Not applicable,_Z,Not applicable,_Z,Not applicable,USD_PPP_PS,"US dollars per person, PPP converted",LR,Chain linked volume (rebased),LA,Annual levels,T0102,Table 0102 - GDP identity from the expenditure side,2017-Q4,,53753.7,,2020,,,,F,Free (free for publication),1,One,A,Normal value,0,Units,USD,US dollar
DATAFLOW,OECD.SDD.NAD:DSD_NAMAIN1@DF_QNA_EXPENDITURE_CAPITA(1.1),Quarterly GDP per capita,I,Q,Quarterly,Y,Calendar and seasonally adjusted,GBR,United Kingdom,S1,Total economy,S1,Total economy,B1GQ_POP,"Gross domestic product, per capita",_Z,Not applicable,_Z,Not applicable,_Z,Not applicable,USD_PPP_PS,"US dollars per person, PPP converted",LR,Chain linked volume (rebased),LA,Annual levels,T0102,Table 0102 - GDP identity from the expenditure side,2017-Q3,,53418.7,,2020,,,,F,Free (free for publication),1,One,A,Normal value,0,Units,USD,US dollar
DATAFLOW,OECD.SDD.NAD:DSD_NAMAIN1@DF_QNA_EXPENDITURE_CAPITA(1.1),Quarterly GDP per capita,I,Q,Quarterly,Y,Calendar and seasonally adjusted,GBR,United Kingdom,S1,Total economy,S1,Total economy,B1GQ_POP,"Gross domestic product, per capita",_Z,Not applicable,_Z,Not applicable,_Z,Not applicable,USD_PPP_PS,"US dollars per person, PPP converted",LR,Chain linked volume (rebased),LA,Annual levels,T0102,Table 0102 - GDP identity from the expenditure side,2017-Q2,,53124.8,,2020,,,,F,Free (free for publication),1,One,A,Normal value,0,Units,USD,US dollar
DATAFLOW,OECD.SDD.NAD:DSD_NAMAIN1@DF_QNA_EXPENDITURE_CAPITA(1.1),Quarterly GDP per capita,I,Q,Quarterly,Y,Calendar and seasonally adjusted,GBR,United Kingdom,S1,Total economy,S1,Total economy,B1GQ_POP,"Gross domestic product, per capita",_Z,Not applicable,_Z,Not applicable,_Z,Not applicable,USD_PPP_PS,"US dollars per person, PPP converted",LR,Chain linked volume (rebased),LA,Annual levels,T0102,Table 0102 - GDP identity from the expenditure side,2017-Q1,,52746.5,,2020,,,,F,Free (free for publication),1,One,A,Normal value,0,Units,USD,US dollar
DATAFLOW,OECD.SDD.NAD:DSD_NAMAIN1@DF_QNA_EXPENDITURE_CAPITA(1.1),Quarterly GDP per capita,I,Q,Quarterly,Y,Calendar and seasonally adjusted,GBR,United Kingdom,S1,Total economy,S1,Total economy,B1GQ_POP,"Gross domestic product, per capita",_Z,Not applicable,_Z,Not applicable,_Z,Not applicable,USD_PPP_PS,"US dollars per person, PPP converted",LR,Chain linked volume (rebased),LA,Annual levels,T0102,Table 0102 - GDP identity from the expenditure side,2016-Q4,,52319.6,,2020,,,,F,Free (free for publication),1,One,A,Normal value,0,Units,USD,US dollar
DATAFLOW,OECD.SDD.NAD:DSD_NAMAIN1@DF_QNA_EXPENDITURE_CAPITA(1.1),Quarterly GDP per capita,I,Q,Quarterly,Y,Calendar and seasonally adjusted,GBR,United Kingdom,S1,Total economy,S1,Total economy,B1GQ_POP,"Gross domestic product, per capita",_Z,Not applicable,_Z,Not applicable,_Z,Not applicable,USD_PPP_PS,"US dollars per person, PPP converted",LR,Chain linked volume (rebased),LA,Annual levels,T0102,Table 0102 - GDP identity from the expenditure side,2016-Q3,,52069,,2020,,,,F,Free (free for publication),1,One,A,Normal value,0,Units,USD,US dollar
DATAFLOW,OECD.SDD.NAD:DSD_NAMAIN1@DF_QNA_EXPENDITURE_CAPITA(1.1),Quarterly GDP per capita,I,Q,Quarterly,Y,Calendar and seasonally adjusted,GBR,United Kingdom,S1,Total economy,S1,Total economy,B1GQ_POP,"Gross domestic product, per capita",_Z,Not applicable,_Z,Not applicable,_Z,Not applicable,USD_PPP_PS,"US dollars per person, PPP converted",LR,Chain linked volume (rebased),LA,Annual levels,T0102,Table 0102 - GDP identity from the expenditure side,2016-Q2,,51910.4,,2020,,,,F,Free (free for publication),1,One,A,Normal value,0,Units,USD,US dollar
DATAFLOW,OECD.SDD.NAD:DSD_NAMAIN1@DF_QNA_EXPENDITURE_CAPITA(1.1),Quarterly GDP per capita,I,Q,Quarterly,Y,Calendar and seasonally adjusted,GBR,United Kingdom,S1,Total economy,S1,Total economy,B1GQ_POP,"Gross domestic product, per capita",_Z,Not applicable,_Z,Not applicable,_Z,Not applicable,USD_PPP_PS,"US dollars per person, PPP converted",LR,Chain linked volume (rebased),LA,Annual levels,T0102,Table 0102 - GDP identity from the expenditure side,2016-Q1,,51633.7,,2020,,,,F,Free (free for publication),1,One,A,Normal value,0,Units,USD,US dollar
DATAFLOW,OECD.SDD.NAD:DSD_NAMAIN1@DF_QNA_EXPENDITURE_CAPITA(1.1),Quarterly GDP per capita,I,Q,Quarterly,Y,Calendar and seasonally adjusted,GBR,United Kingdom,S1,Total economy,S1,Total economy,B1GQ_POP,"Gross domestic product, per capita",_Z,Not applicable,_Z,Not applicable,_Z,Not applicable,USD_PPP_PS,"US dollars per person, PPP converted",LR,Chain linked volume (rebased),LA,Annual levels,T0102,Table 0102 - GDP identity from the expenditure side,2023-Q2,,54417.6,,2020,,,,F,Free (free for publication),1,One,A,Normal value,0,Units,USD,US dollar
DATAFLOW,OECD.SDD.NAD:DSD_NAMAIN1@DF_QNA_EXPENDITURE_CAPITA(1.1),Quarterly GDP per capita,I,Q,Quarterly,Y,Calendar and seasonally adjusted,GBR,United Kingdom,S1,Total economy,S1,Total economy,B1GQ_POP,"Gross domestic product, per capita",_Z,Not applicable,_Z,Not applicable,_Z,Not applicable,USD_PPP_PS,"US dollars per person, PPP converted",LR,Chain linked volume (rebased),LA,Annual levels,T0102,Table 0102 - GDP identity from the expenditure side,2023-Q1,,54571.9,,2020,,,,F,Free (free for publication),1,One,A,Normal value,0,Units,USD,US dollar
DATAFLOW,OECD.SDD.NAD:DSD_NAMAIN1@DF_QNA_EXPENDITURE_CAPITA(1.1),Quarterly GDP per capita,I,Q,Quarterly,Y,Calendar and seasonally adjusted,GBR,United Kingdom,S1,Total economy,S1,Total economy,B1GQ_POP,"Gross domestic product, per capita",_Z,Not applicable,_Z,Not applicable,_Z,Not applicable,USD_PPP_PS,"US dollars per person, PPP converted",LR,Chain linked volume (rebased),LA,Annual levels,T0102,Table 0102 - GDP identity from the expenditure side,2022-Q4,,54719.8,,2020,,,,F,Free (free for publication),1,One,A,Normal value,0,Units,USD,US dollar
DATAFLOW,OECD.SDD.NAD:DSD_NAMAIN1@DF_QNA_EXPENDITURE_CAPITA(1.1),Quarterly GDP per capita,I,Q,Quarterly,Y,Calendar and seasonally adjusted,GBR,United Kingdom,S1,Total economy,S1,Total economy,B1GQ_POP,"Gross domestic product, per capita",_Z,Not applicable,_Z,Not applicable,_Z,Not applicable,USD_PPP_PS,"US dollars per person, PPP converted",LR,Chain linked volume (rebased),LA,Annual levels,T0102,Table 0102 - GDP identity from the expenditure side,2020-Q1,,52872.5,,2020,,,,F,Free (free for publication),1,One,A,Normal value,0,Units,USD,US dollar
DATAFLOW,OECD.SDD.NAD:DSD_NAMAIN1@DF_QNA_EXPENDITURE_CAPITA(1.1),Quarterly GDP per capita,I,Q,Quarterly,Y,Calendar and seasonally adjusted,GBR,United Kingdom,S1,Total economy,S1,Total economy,B1GQ_POP,"Gross domestic product, per capita",_Z,Not applicable,_Z,Not applicable,_Z,Not applicable,USD_PPP_PS,"US dollars per person, PPP converted",LR,Chain linked volume (rebased),LA,Annual levels,T0102,Table 0102 - GDP identity from the expenditure side,2019-Q4,,54387.6,,2020,,,,F,Free (free for publication),1,One,A,Normal value,0,Units,USD,US dollar
DATAFLOW,OECD.SDD.NAD:DSD_NAMAIN1@DF_QNA_EXPENDITURE_CAPITA(1.1),Quarterly GDP per capita,I,Q,Quarterly,Y,Calendar and seasonally adjusted,GBR,United Kingdom,S1,Total economy,S1,Total economy,B1GQ_POP,"Gross domestic product, per capita",_Z,Not applicable,_Z,Not applicable,_Z,Not applicable,USD_PPP_PS,"US dollars per person, PPP converted",LR,Chain linked volume (rebased),LA,Annual levels,T0102,Table 0102 - GDP identity from the expenditure side,2019-Q3,,54407.2,,2020,,,,F,Free (free for publication),1,One,A,Normal value,0,Units,USD,US dollar
DATAFLOW,OECD.SDD.NAD:DSD_NAMAIN1@DF_QNA_EXPENDITURE_CAPITA(1.1),Quarterly GDP per capita,I,Q,Quarterly,Y,Calendar and seasonally adjusted,GBR,United Kingdom,S1,Total economy,S1,Total economy,B1GQ_POP,"Gross domestic product, per capita",_Z,Not applicable,_Z,Not applicable,_Z,Not applicable,USD_PPP_PS,"US dollars per person, PPP converted",LR,Chain linked volume (rebased),LA,Annual levels,T0102,Table 0102 - GDP identity from the expenditure side,2025-Q2,,54833.4,,2020,,,,F,Free (free for publication),1,One,A,Normal value,0,Units,USD,US dollar
DATAFLOW,OECD.SDD.NAD:DSD_NAMAIN1@DF_QNA_EXPENDITURE_CAPITA(1.1),Quarterly GDP per capita,I,Q,Quarterly,Y,Calendar and seasonally adjusted,GBR,United Kingdom,S1,Total economy,S1,Total economy,B1GQ_POP,"Gross domestic product, per capita",_Z,Not applicable,_Z,Not applicable,_Z,Not applicable,USD_PPP_PS,"US dollars per person, PPP converted",LR,Chain linked volume (rebased),LA,Annual levels,T0102,Table 0102 - GDP identity from the expenditure side,2025-Q1,,54740.6,,2020,,,,F,Free (free for publication),1,One,A,Normal value,0,Units,USD,US dollar
DATAFLOW,OECD.SDD.NAD:DSD_NAMAIN1@DF_QNA_EXPENDITURE_CAPITA(1.1),Quarterly GDP per capita,I,Q,Quarterly,Y,Calendar and seasonally adjusted,GBR,United Kingdom,S1,Total economy,S1,Total economy,B1GQ_POP,"Gross domestic product, per capita",_Z,Not applicable,_Z,Not applicable,_Z,Not applicable,USD_PPP_PS,"US dollars per person, PPP converted",LR,Chain linked volume (rebased),LA,Annual levels,T0102,Table 0102 - GDP identity from the expenditure side,2024-Q4,,54440.6,,2020,,,,F,Free (free for publication),1,One,A,Normal value,0,Units,USD,US dollar
DATAFLOW,OECD.SDD.NAD:DSD_NAMAIN1@DF_QNA_EXPENDITURE_CAPITA(1.1),Quarterly GDP per capita,I,Q,Quarterly,Y,Calendar and seasonally adjusted,GBR,United Kingdom,S1,Total economy,S1,Total economy,B1GQ_POP,"Gross domestic product, per capita",_Z,Not applicable,_Z,Not applicable,_Z,Not applicable,USD_PPP_PS,"US dollars per person, PPP converted",LR,Chain linked volume (rebased),LA,Annual levels,T0102,Table 0102 - GDP identity from the expenditure side,2024-Q1,,54115.6,,2020,,,,F,Free (free for publication),1,One,A,Normal value,0,Units,USD,US dollar
DATAFLOW,OECD.SDD.NAD:DSD_NAMAIN1@DF_QNA_EXPENDITURE_CAPITA(1.1),Quarterly GDP per capita,I,Q,Quarterly,Y,Calendar and seasonally adjusted,GBR,United Kingdom,S1,Total economy,S1,Total economy,B1GQ_POP,"Gross domestic product, per capita",_Z,Not applicable,_Z,Not applicable,_Z,Not applicable,USD_PPP_PS,"US dollars per person, PPP converted",LR,Chain linked volume (rebased),LA,Annual levels,T0102,Table 0102 - GDP identity from the expenditure side,2023-Q4,,53815.9,,2020,,,,F,Free (free for publication),1,One,A,Normal value,0,Units,USD,US dollar
DATAFLOW,OECD.SDD.NAD:DSD_NAMAIN1@DF_QNA_EXPENDITURE_CAPITA(1.1),Quarterly GDP per capita,I,Q,Quarterly,Y,Calendar and seasonally adjusted,GBR,United Kingdom,S1,Total economy,S1,Total economy,B1GQ_POP,"Gross domestic product, per capita",_Z,Not applicable,_Z,Not applicable,_Z,Not applicable,USD_PPP_PS,"US dollars per person, PPP converted",LR,Chain linked volume (rebased),LA,Annual levels,T0102,Table 0102 - GDP identity from the expenditure side,2023-Q3,,54137.9,,2020,,,,F,Free (free for publication),1,One,A,Normal value,0,Units,USD,US dollar
DATAFLOW,OECD.SDD.NAD:DSD_NAMAIN1@DF_QNA_EXPENDITURE_CAPITA(1.1),Quarterly GDP per capita,I,Q,Quarterly,Y,Calendar and seasonally adjusted,GBR,United Kingdom,S1,Total economy,S1,Total economy,B1GQ_POP,"Gross domestic product, per capita",_Z,Not applicable,_Z,Not applicable,_Z,Not applicable,USD_PPP_PS,"US dollars per person, PPP converted",LR,Chain linked volume (rebased),LA,Annual levels,T0102,Table 0102 - GDP identity from the expenditure side,2015-Q4,,51477.3,,2020,,,,F,Free (free for publication),1,One,A,Normal value,0,Units,USD,US dollar
DATAFLOW,OECD.SDD.NAD:DSD_NAMAIN1@DF_QNA_EXPENDITURE_CAPITA(1.1),Quarterly GDP per capita,I,Q,Quarterly,Y,Calendar and seasonally adjusted,JPN,Japan,S1,Total economy,S1,Total economy,B1GQ_POP,"Gross domestic product, per capita",_Z,Not applicable,_Z,Not applicable,_Z,Not applicable,USD_PPP_PS,"US dollars per person, PPP converted",LR,Chain linked volume (rebased),LA,Annual levels,T0102,Table 0102 - GDP identity from the expenditure side,2023-Q4,,45108.9,,2020,,,,F,Free (free for publication),1,One,A,Normal value,0,Units,USD,US dollar
DATAFLOW,OECD.SDD.NAD:DSD_NAMAIN1@DF_QNA_EXPENDITURE_CAPITA(1.1),Quarterly GDP per capita,I,Q,Quarterly,Y,Calendar and seasonally adjusted,JPN,Japan,S1,Total economy,S1,Total economy,B1GQ_POP,"Gross domestic product, per capita",_Z,Not applicable,_Z,Not applicable,_Z,Not applicable,USD_PPP_PS,"US dollars per person, PPP converted",LR,Chain linked volume (rebased),LA,Annual levels,T0102,Table 0102 - GDP identity from the expenditure side,2023-Q3,,45036.4,,2020,,,,F,Free (free for publication),1,One,A,Normal value,0,Units,USD,US dollar
DATAFLOW,OECD.SDD.NAD:DSD_NAMAIN1@DF_QNA_EXPENDITURE_CAPITA(1.1),Quarterly GDP per capita,I,Q,Quarterly,Y,Calendar and seasonally adjusted,JPN,Japan,S1,Total economy,S1,Total economy,B1GQ_POP,"Gross domestic product, per capita",_Z,Not applicable,_Z,Not applicable,_Z,Not applicable,USD_PPP_PS,"US dollars per person, PPP converted",LR,Chain linked volume (rebased),LA,Annual levels,T0102,Table 0102 - GDP identity from the expenditure side,2023-Q2,,45400.9,,2020,,,,F,Free (free for publication),1,One,A,Normal value,0,Units,USD,US dollar
DATAFLOW,OECD.SDD.NAD:DSD_NAMAIN1@DF_QNA_EXPENDITURE_CAPITA(1.1),Quarterly GDP per capita,I,Q,Quarterly,Y,Calendar and seasonally adjusted,JPN,Japan,S1,Total economy,S1,Total economy,B1GQ_POP,"Gross domestic product, per capita",_Z,Not applicable,_Z,Not applicable,_Z,Not applicable,USD_PPP_PS,"US dollars per person, PPP converted",LR,Chain linked volume (rebased),LA,Annual levels,T0102,Table 0102 - GDP identity from the expenditure side,2023-Q1,,45280.7,,2020,,,,F,Free (free for publication),1,One,A,Normal value,0,Units,USD,US dollar
DATAFLOW,OECD.SDD.NAD:DSD_NAMAIN1@DF_QNA_EXPENDITURE_CAPITA(1.1),Quarterly GDP per capita,I,Q,Quarterly,Y,Calendar and seasonally adjusted,JPN,Japan,S1,Total economy,S1,Total economy,B1GQ_POP,"Gross domestic product, per capita",_Z,Not applicable,_Z,Not applicable,_Z,Not applicable,USD_PPP_PS,"US dollars per person, PPP converted",LR,Chain linked volume (rebased),LA,Annual levels,T0102,Table 0102 - GDP identity from the expenditure side,2022-Q4,,44629.9,,2020,,,,F,Free (free for publication),1,One,A,Normal value,0,Units,USD,US dollar
DATAFLOW,OECD.SDD.NAD:DSD_NAMAIN1@DF_QNA_EXPENDITURE_CAPITA(1.1),Quarterly GDP per capita,I,Q,Quarterly,Y,Calendar and seasonally adjusted,JPN,Japan,S1,Total economy,S1,Total economy,B1GQ_POP,"Gross domestic product, per capita",_Z,Not applicable,_Z,Not applicable,_Z,Not applicable,USD_PPP_PS,"US dollars per person, PPP converted",LR,Chain linked volume (rebased),LA,Annual levels,T0102,Table 0102 - GDP identity from the expenditure side,2022-Q3,,44437.8,,2020,,,,F,Free (free for publication),1,One,A,Normal value,0,Units,USD,US dollar
DATAFLOW,OECD.SDD.NAD:DSD_NAMAIN1@DF_QNA_EXPENDITURE_CAPITA(1.1),Quarterly GDP per capita,I,Q,Quarterly,Y,Calendar and seasonally adjusted,JPN,Japan,S1,Total economy,S1,Total economy,B1GQ_POP,"Gross domestic product, per capita",_Z,Not applicable,_Z,Not applicable,_Z,Not applicable,USD_PPP_PS,"US dollars per person, PPP converted",LR,Chain linked volume (rebased),LA,Annual levels,T0102,Table 0102 - GDP identity from the expenditure side,2022-Q2,,44549.4,,2020,,,,F,Free (free for publication),1,One,A,Normal value,0,Units,USD,US dollar
DATAFLOW,OECD.SDD.NAD:DSD_NAMAIN1@DF_QNA_EXPENDITURE_CAPITA(1.1),Quarterly GDP per capita,I,Q,Quarterly,Y,Calendar and seasonally adjusted,JPN,Japan,S1,Total economy,S1,Total economy,B1GQ_POP,"Gross domestic product, per capita",_Z,Not applicable,_Z,Not applicable,_Z,Not applicable,USD_PPP_PS,"US dollars per person, PPP converted",LR,Chain linked volume (rebased),LA,Annual levels,T0102,Table 0102 - GDP identity from the expenditure side,2022-Q1,,44155.4,,2020,,,,F,Free (free for publication),1,One,A,Normal value,0,Units,USD,US dollar
DATAFLOW,OECD.SDD.NAD:DSD_NAMAIN1@DF_QNA_EXPENDITURE_CAPITA(1.1),Quarterly GDP per capita,I,Q,Quarterly,Y,Calendar and seasonally adjusted,JPN,Japan,S1,Total economy,S1,Total economy,B1GQ_POP,"Gross domestic product, per capita",_Z,Not applicable,_Z,Not applicable,_Z,Not applicable,USD_PPP_PS,"US dollars per person, PPP converted",LR,Chain linked volume (rebased),LA,Annual levels,T0102,Table 0102 - GDP identity from the expenditure side,2021-Q4,,44230.4,,2020,,,,F,Free (free for publication),1,One,A,Normal value,0,Units,USD,US dollar
DATAFLOW,OECD.SDD.NAD:DSD_NAMAIN1@DF_QNA_EXPENDITURE_CAPITA(1.1),Quarterly GDP per capita,I,Q,Quarterly,Y,Calendar and seasonally adjusted,JPN,Japan,S1,Total economy,S1,Total economy,B1GQ_POP,"Gross domestic product, per capita",_Z,Not applicable,_Z,Not applicable,_Z,Not applicable,USD_PPP_PS,"US dollars per person, PPP converted",LR,Chain linked volume (rebased),LA,Annual levels,T0102,Table 0102 - GDP identity from the expenditure side,2021-Q3,,43712,,2020,,,,F,Free (free for publication),1,One,A,Normal value,0,Units,USD,US dollar
DATAFLOW,OECD.SDD.NAD:DSD_NAMAIN1@DF_QNA_EXPENDITURE_CAPITA(1.1),Quarterly GDP per capita,I,Q,Quarterly,Y,Calendar and seasonally adjusted,JPN,Japan,S1,Total economy,S1,Total economy,B1GQ_POP,"Gross domestic product, per capita",_Z,Not applicable,_Z,Not applicable,_Z,Not applicable,USD_PPP_PS,"US dollars per person, PPP converted",LR,Chain linked volume (rebased),LA,Annual levels,T0102,Table 0102 - GDP identity from the expenditure side,2021-Q2,,43813.2,,2020,,,,F,Free (free for publication),1,One,A,Normal value,0,Units,USD,US dollar
DATAFLOW,OECD.SDD.NAD:DSD_NAMAIN1@DF_QNA_EXPENDITURE_CAPITA(1.1),Quarterly GDP per capita,I,Q,Quarterly,Y,Calendar and seasonally adjusted,JPN,Japan,S1,Total economy,S1,Total economy,B1GQ_POP,"Gross domestic product, per capita",_Z,Not applicable,_Z,Not applicable,_Z,Not applicable,USD_PPP_PS,"US dollars per person, PPP converted",LR,Chain linked volume (rebased),LA,Annual levels,T0102,Table 0102 - GDP identity from the expenditure side,2021-Q1,,43622.8,,2020,,,,F,Free (free for publication),1,One,A,Normal value,0,Units,USD,US dollar
DATAFLOW,OECD.SDD.NAD:DSD_NAMAIN1@DF_QNA_EXPENDITURE_CAPITA(1.1),Quarterly GDP per capita,I,Q,Quarterly,Y,Calendar and seasonally adjusted,JPN,Japan,S1,Total economy,S1,Total economy,B1GQ_POP,"Gross domestic product, per capita",_Z,Not applicable,_Z,Not applicable,_Z,Not applicable,USD_PPP_PS,"US dollars per person, PPP converted",LR,Chain linked volume (rebased),LA,Annual levels,T0102,Table 0102 - GDP identity from the expenditure side,2020-Q4,,43433.7,,2020,,,,F,Free (free for publication),1,One,A,Normal value,0,Units,USD,US dollar
DATAFLOW,OECD.SDD.NAD:DSD_NAMAIN1@DF_QNA_EXPENDITURE_CAPITA(1.1),Quarterly GDP per capita,I,Q,Quarterly,Y,Calendar and seasonally adjusted,JPN,Japan,S1,Total economy,S1,Total economy,B1GQ_POP,"Gross domestic product, per capita",_Z,Not applicable,_Z,Not applicable,_Z,Not applicable,USD_PPP_PS,"US dollars per person, PPP converted",LR,Chain linked volume (rebased),LA,Annual levels,T0102,Table 0102 - GDP identity from the expenditure side,2020-Q3,,42677.7,,2020,,,,F,Free (free for publication),1,One,A,Normal value,0,Units,USD,US dollar
DATAFLOW,OECD.SDD.NAD:DSD_NAMAIN1@DF_QNA_EXPENDITURE_CAPITA(1.1),Quarterly GDP per capita,I,Q,Quarterly,Y,Calendar and seasonally adjusted,JPN,Japan,S1,Total economy,S1,Total economy,B1GQ_POP,"Gross domestic product, per capita",_Z,Not applicable,_Z,Not applicable,_Z,Not applicable,USD_PPP_PS,"US dollars per person, PPP converted",LR,Chain linked volume (rebased),LA,Annual levels,T0102,Table 0102 - GDP identity from the expenditure side,2020-Q2,,40437.2,,2020,,,,F,Free (free for publication),1,One,A,Normal value,0,Units,USD,US dollar
DATAFLOW,OECD.SDD.NAD:DSD_NAMAIN1@DF_QNA_EXPENDITURE_CAPITA(1.1),Quarterly GDP per capita,I,Q,Quarterly,Y,Calendar and seasonally adjusted,JPN,Japan,S1,Total economy,S1,Total economy,B1GQ_POP,"Gross domestic product, per capita",_Z,Not applicable,_Z,Not applicable,_Z,Not applicable,USD_PPP_PS,"US dollars per person, PPP converted",LR,Chain linked volume (rebased),LA,Annual levels,T0102,Table 0102 - GDP identity from the expenditure side,2020-Q1,,43739.1,,2020,,,,F,Free (free for publication),1,One,A,Normal value,0,Units,USD,US dollar
DATAFLOW,OECD.SDD.NAD:DSD_NAMAIN1@DF_QNA_EXPENDITURE_CAPITA(1.1),Quarterly GDP per capita,I,Q,Quarterly,Y,Calendar and seasonally adjusted,JPN,Japan,S1,Total economy,S1,Total economy,B1GQ_POP,"Gross domestic product, per capita",_Z,Not applicable,_Z,Not applicable,_Z,Not applicable,USD_PPP_PS,"US dollars per person, PPP converted",LR,Chain linked volume (rebased),LA,Annual levels,T0102,Table 0102 - GDP identity from the expenditure side,2019-Q4,,43482,,2020,,,,F,Free (free for publication),1,One,A,Normal value,0,Units,USD,US dollar
DATAFLOW,OECD.SDD.NAD:DSD_NAMAIN1@DF_QNA_EXPENDITURE_CAPITA(1.1),Quarterly GDP per capita,I,Q,Quarterly,Y,Calendar and seasonally adjusted,JPN,Japan,S1,Total economy,S1,Total economy,B1GQ_POP,"Gross domestic product, per capita",_Z,Not applicable,_Z,Not applicable,_Z,Not applicable,USD_PPP_PS,"US dollars per person, PPP converted",LR,Chain linked volume (rebased),LA,Annual levels,T0102,Table 0102 - GDP identity from the expenditure side,2019-Q3,,45076.1,,2020,,,,F,Free (free for publication),1,One,A,Normal value,0,Units,USD,US dollar
DATAFLOW,OECD.SDD.NAD:DSD_NAMAIN1@DF_QNA_EXPENDITURE_CAPITA(1.1),Quarterly GDP per capita,I,Q,Quarterly,Y,Calendar and seasonally adjusted,JPN,Japan,S1,Total economy,S1,Total economy,B1GQ_POP,"Gross domestic product, per capita",_Z,Not applicable,_Z,Not applicable,_Z,Not applicable,USD_PPP_PS,"US dollars per person, PPP converted",LR,Chain linked volume (rebased),LA,Annual levels,T0102,Table 0102 - GDP identity from the expenditure side,2019-Q2,,44597.6,,2020,,,,F,Free (free for publication),1,One,A,Normal value,0,Units,USD,US dollar
DATAFLOW,OECD.SDD.NAD:DSD_NAMAIN1@DF_QNA_EXPENDITURE_CAPITA(1.1),Quarterly GDP per capita,I,Q,Quarterly,Y,Calendar and seasonally adjusted,JPN,Japan,S1,Total economy,S1,Total economy,B1GQ_POP,"Gross domestic product, per capita",_Z,Not applicable,_Z,Not applicable,_Z,Not applicable,USD_PPP_PS,"US dollars per person, PPP converted",LR,Chain linked volume (rebased),LA,Annual levels,T0102,Table 0102 - GDP identity from the expenditure side,2019-Q1,,44404.7,,2020,,,,F,Free (free for publication),1,One,A,Normal value,0,Units,USD,US dollar
DATAFLOW,OECD.SDD.NAD:DSD_NAMAIN1@DF_QNA_EXPENDITURE_CAPITA(1.1),Quarterly GDP per capita,I,Q,Quarterly,Y,Calendar and seasonally adjusted,JPN,Japan,S1,Total economy,S1,Total economy,B1GQ_POP,"Gross domestic product, per capita",_Z,Not applicable,_Z,Not applicable,_Z,Not applicable,USD_PPP_PS,"US dollars per person, PPP converted",LR,Chain linked volume (rebased),LA,Annual levels,T0102,Table 0102 - GDP identity from the expenditure side,2018-Q4,,44270.6,,2020,,,,F,Free (free for publication),1,One,A,Normal value,0,Units,USD,US dollar
DATAFLOW,OECD.SDD.NAD:DSD_NAMAIN1@DF_QNA_EXPENDITURE_CAPITA(1.1),Quarterly GDP per capita,I,Q,Quarterly,Y,Calendar and seasonally adjusted,JPN,Japan,S1,Total economy,S1,Total economy,B1GQ_POP,"Gross domestic product, per capita",_Z,Not applicable,_Z,Not applicable,_Z,Not applicable,USD_PPP_PS,"US dollars per person, PPP converted",LR,Chain linked volume (rebased),LA,Annual levels,T0102,Table 0102 - GDP identity from the expenditure side,2018-Q3,,44347,,2020,,,,F,Free (free for publication),1,One,A,Normal value,0,Units,USD,US dollar
DATAFLOW,OECD.SDD.NAD:DSD_NAMAIN1@DF_QNA_EXPENDITURE_CAPITA(1.1),Quarterly GDP per capita,I,Q,Quarterly,Y,Calendar and seasonally adjusted,JPN,Japan,S1,Total economy,S1,Total economy,B1GQ_POP,"Gross domestic product, per capita",_Z,Not applicable,_Z,Not applicable,_Z,Not applicable,USD_PPP_PS,"US dollars per person, PPP converted",LR,Chain linked volume (rebased),LA,Annual levels,T0102,Table 0102 - GDP identity from the expenditure side,2018-Q2,,44530.9,,2020,,,,F,Free (free for publication),1,One,A,Normal value,0,Units,USD,US dollar
DATAFLOW,OECD.SDD.NAD:DSD_NAMAIN1@DF_QNA_EXPENDITURE_CAPITA(1.1),Quarterly GDP per capita,I,Q,Quarterly,Y,Calendar and seasonally adjusted,JPN,Japan,S1,Total economy,S1,Total economy,B1GQ_POP,"Gross domestic product, per capita",_Z,Not applicable,_Z,Not applicable,_Z,Not applicable,USD_PPP_PS,"US dollars per person, PPP converted",LR,Chain linked volume (rebased),LA,Annual levels,T0102,Table 0102 - GDP identity from the expenditure side,2018-Q1,,44367.7,,2020,,,,F,Free (free for publication),1,One,A,Normal value,0,Units,USD,US dollar
DATAFLOW,OECD.SDD.NAD:DSD_NAMAIN1@DF_QNA_EXPENDITURE_CAPITA(1.1),Quarterly GDP per capita,I,Q,Quarterly,Y,Calendar and seasonally adjusted,JPN,Japan,S1,Total economy,S1,Total economy,B1GQ_POP,"Gross domestic product, per capita",_Z,Not applicable,_Z,Not applicable,_Z,Not applicable,USD_PPP_PS,"US dollars per person, PPP converted",LR,Chain linked volume (rebased),LA,Annual levels,T0102,Table 0102 - GDP identity from the expenditure side,2017-Q4,,44300.8,,2020,,,,F,Free (free for publication),1,One,A,Normal value,0,Units,USD,US dollar
DATAFLOW,OECD.SDD.NAD:DSD_NAMAIN1@DF_QNA_EXPENDITURE_CAPITA(1.1),Quarterly GDP per capita,I,Q,Quarterly,Y,Calendar and seasonally adjusted,JPN,Japan,S1,Total economy,S1,Total economy,B1GQ_POP,"Gross domestic product, per capita",_Z,Not applicable,_Z,Not applicable,_Z,Not applicable,USD_PPP_PS,"US dollars per person, PPP converted",LR,Chain linked volume (rebased),LA,Annual levels,T0102,Table 0102 - GDP identity from the expenditure side,2014-Q3,,41943.5,,2020,,,,F,Free (free for publication),1,One,A,Normal value,0,Units,USD,US dollar
DATAFLOW,OECD.SDD.NAD:DSD_NAMAIN1@DF_QNA_EXPENDITURE_CAPITA(1.1),Quarterly GDP per capita,I,Q,Quarterly,Y,Calendar and seasonally adjusted,JPN,Japan,S1,Total economy,S1,Total economy,B1GQ_POP,"Gross domestic product, per capita",_Z,Not applicable,_Z,Not applicable,_Z,Not applicable,USD_PPP_PS,"US dollars per person, PPP converted",LR,Chain linked volume (rebased),LA,Annual levels,T0102,Table 0102 - GDP identity from the expenditure side,2014-Q2,,41885.5,,2020,,,,F,Free (free for publication),1,One,A,Normal value,0,Units,USD,US dollar
DATAFLOW,OECD.SDD.NAD:DSD_NAMAIN1@DF_QNA_EXPENDITURE_CAPITA(1.1),Quarterly GDP per capita,I,Q,Quarterly,Y,Calendar and seasonally adjusted,JPN,Japan,S1,Total economy,S1,Total economy,B1GQ_POP,"Gross domestic product, per capita",_Z,Not applicable,_Z,Not applicable,_Z,Not applicable,USD_PPP_PS,"US dollars per person, PPP converted",LR,Chain linked volume (rebased),LA,Annual levels,T0102,Table 0102 - GDP identity from the expenditure side,2014-Q1,,42639.5,,2020,,,,F,Free (free for publication),1,One,A,Normal value,0,Units,USD,US dollar
DATAFLOW,OECD.SDD.NAD:DSD_NAMAIN1@DF_QNA_EXPENDITURE_CAPITA(1.1),Quarterly GDP per capita,I,Q,Quarterly,Y,Calendar and seasonally adjusted,JPN,Japan,S1,Total economy,S1,Total economy,B1GQ_POP,"Gross domestic product, per capita",_Z,Not applicable,_Z,Not applicable,_Z,Not applicable,USD_PPP_PS,"US dollars per person, PPP converted",LR,Chain linked volume (rebased),LA,Annual levels,T0102,Table 0102 - GDP identity from the expenditure side,2013-Q4,,42289.8,,2020,,,,F,Free (free for publication),1,One,A,Normal value,0,Units,USD,US dollar
DATAFLOW,OECD.SDD.NAD:DSD_NAMAIN1@DF_QNA_EXPENDITURE_CAPITA(1.1),Quarterly GDP per capita,I,Q,Quarterly,Y,Calendar and seasonally adjusted,DEU,Germany,S1,Total economy,S1,Total economy,B1GQ_POP,"Gross domestic product, per capita",_Z,Not applicable,_Z,Not applicable,_Z,Not applicable,USD_PPP_PS,"US dollars per person, PPP converted",LR,Chain linked volume (rebased),LA,Annual levels,T0102,Table 0102 - GDP identity from the expenditure side,2015-Q4,,58576.3,,2020,,,,F,Free (free for publication),1,One,A,Normal value,0,Units,USD,US dollar
DATAFLOW,OECD.SDD.NAD:DSD_NAMAIN1@DF_QNA_EXPENDITURE_CAPITA(1.1),Quarterly GDP per capita,I,Q,Quarterly,Y,Calendar and seasonally adjusted,JPN,Japan,S1,Total economy,S1,Total economy,B1GQ_POP,"Gross domestic product, per capita",_Z,Not applicable,_Z,Not applicable,_Z,Not applicable,USD_PPP_PS,"US dollars per person, PPP converted",LR,Chain linked volume (rebased),LA,Annual levels,T0102,Table 0102 - GDP identity from the expenditure side,2012-Q2,,41065,,2020,,,,F,Free (free for publication),1,One,A,Normal value,0,Units,USD,US dollar
DATAFLOW,OECD.SDD.NAD:DSD_NAMAIN1@DF_QNA_EXPENDITURE_CAPITA(1.1),Quarterly GDP per capita,I,Q,Quarterly,Y,Calendar and seasonally adjusted,JPN,Japan,S1,Total economy,S1,Total economy,B1GQ_POP,"Gross domestic product, per capita",_Z,Not applicable,_Z,Not applicable,_Z,Not applicable,USD_PPP_PS,"US dollars per person, PPP converted",LR,Chain linked volume (rebased),LA,Annual levels,T0102,Table 0102 - GDP identity from the expenditure side,2012-Q1,,41450.2,,2020,,,,F,Free (free for publication),1,One,A,Normal value,0,Units,USD,US dollar
DATAFLOW,OECD.SDD.NAD:DSD_NAMAIN1@DF_QNA_EXPENDITURE_CAPITA(1.1),Quarterly GDP per capita,I,Q,Quarterly,Y,Calendar and seasonally adjusted,GBR,United Kingdom,S1,Total economy,S1,Total economy,B1GQ_POP,"Gross domestic product, per capita",_Z,Not applicable,_Z,Not applicable,_Z,Not applicable,USD_PPP_PS,"US dollars per person, PPP converted",LR,Chain linked volume (rebased),LA,Annual levels,T0102,Table 0102 - GDP identity from the expenditure side,2010-Q2,,48461,,2020,,,,F,Free (free for publication),1,One,A,Normal value,0,Units,USD,US dollar
DATAFLOW,OECD.SDD.NAD:DSD_NAMAIN1@DF_QNA_EXPENDITURE_CAPITA(1.1),Quarterly GDP per capita,I,Q,Quarterly,Y,Calendar and seasonally adjusted,GBR,United Kingdom,S1,Total economy,S1,Total economy,B1GQ_POP,"Gross domestic product, per capita",_Z,Not applicable,_Z,Not applicable,_Z,Not applicable,USD_PPP_PS,"US dollars per person, PPP converted",LR,Chain linked volume (rebased),LA,Annual levels,T0102,Table 0102 - GDP identity from the expenditure side,2010-Q1,,48009.3,,2020,,,,F,Free (free for publication),1,One,A,Normal value,0,Units,USD,US dollar
DATAFLOW,OECD.SDD.NAD:DSD_NAMAIN1@DF_QNA_EXPENDITURE_CAPITA(1.1),Quarterly GDP per capita,I,Q,Quarterly,Y,Calendar and seasonally adjusted,GBR,United Kingdom,S1,Total economy,S1,Total economy,B1GQ_POP,"Gross domestic product, per capita",_Z,Not applicable,_Z,Not applicable,_Z,Not applicable,USD_PPP_PS,"US dollars per person, PPP converted",LR,Chain linked volume (rebased),LA,Annual levels,T0102,Table 0102 - GDP identity from the expenditure side,2024-Q3,,54370.5,,2020,,,,F,Free (free for publication),1,One,A,Normal value,0,Units,USD,US dollar
DATAFLOW,OECD.SDD.NAD:DSD_NAMAIN1@DF_QNA_EXPENDITURE_CAPITA(1.1),Quarterly GDP per capita,I,Q,Quarterly,Y,Calendar and seasonally adjusted,GBR,United Kingdom,S1,Total economy,S1,Total economy,B1GQ_POP,"Gross domestic product, per capita",_Z,Not applicable,_Z,Not applicable,_Z,Not applicable,USD_PPP_PS,"US dollars per person, PPP converted",LR,Chain linked volume (rebased),LA,Annual levels,T0102,Table 0102 - GDP identity from the expenditure side,2024-Q2,,54299.8,,2020,,,,F,Free (free for publication),1,One,A,Normal value,0,Units,USD,US dollar
DATAFLOW,OECD.SDD.NAD:DSD_NAMAIN1@DF_QNA_EXPENDITURE_CAPITA(1.1),Quarterly GDP per capita,I,Q,Quarterly,Y,Calendar and seasonally adjusted,JPN,Japan,S1,Total economy,S1,Total economy,B1GQ_POP,"Gross domestic product, per capita",_Z,Not applicable,_Z,Not applicable,_Z,Not applicable,USD_PPP_PS,"US dollars per person, PPP converted",LR,Chain linked volume (rebased),LA,Annual levels,T0102,Table 0102 - GDP identity from the expenditure side,2016-Q3,,43215,,2020,,,,F,Free (free for publication),1,One,A,Normal value,0,Units,USD,US dollar
DATAFLOW,OECD.SDD.NAD:DSD_NAMAIN1@DF_QNA_EXPENDITURE_CAPITA(1.1),Quarterly GDP per capita,I,Q,Quarterly,Y,Calendar and seasonally adjusted,JPN,Japan,S1,Total economy,S1,Total economy,B1GQ_POP,"Gross domestic product, per capita",_Z,Not applicable,_Z,Not applicable,_Z,Not applicable,USD_PPP_PS,"US dollars per person, PPP converted",LR,Chain linked volume (rebased),LA,Annual levels,T0102,Table 0102 - GDP identity from the expenditure side,2016-Q2,,43097.3,,2020,,,,F,Free (free for publication),1,One,A,Normal value,0,Units,USD,US dollar
DATAFLOW,OECD.SDD.NAD:DSD_NAMAIN1@DF_QNA_EXPENDITURE_CAPITA(1.1),Quarterly GDP per capita,I,Q,Quarterly,Y,Calendar and seasonally adjusted,JPN,Japan,S1,Total economy,S1,Total economy,B1GQ_POP,"Gross domestic product, per capita",_Z,Not applicable,_Z,Not applicable,_Z,Not applicable,USD_PPP_PS,"US dollars per person, PPP converted",LR,Chain linked volume (rebased),LA,Annual levels,T0102,Table 0102 - GDP identity from the expenditure side,2016-Q1,,43170.6,,2020,,,,F,Free (free for publication),1,One,A,Normal value,0,Units,USD,US dollar
DATAFLOW,OECD.SDD.NAD:DSD_NAMAIN1@DF_QNA_EXPENDITURE_CAPITA(1.1),Quarterly GDP per capita,I,Q,Quarterly,Y,Calendar and seasonally adjusted,JPN,Japan,S1,Total economy,S1,Total economy,B1GQ_POP,"Gross domestic product, per capita",_Z,Not applicable,_Z,Not applicable,_Z,Not applicable,USD_PPP_PS,"US dollars per person, PPP converted",LR,Chain linked volume (rebased),LA,Annual levels,T0102,Table 0102 - GDP identity from the expenditure side,2015-Q4,,42838,,2020,,,,F,Free (free for publication),1,One,A,Normal value,0,Units,USD,US dollar
DATAFLOW,OECD.SDD.NAD:DSD_NAMAIN1@DF_QNA_EXPENDITURE_CAPITA(1.1),Quarterly GDP per capita,I,Q,Quarterly,Y,Calendar and seasonally adjusted,JPN,Japan,S1,Total economy,S1,Total economy,B1GQ_POP,"Gross domestic product, per capita",_Z,Not applicable,_Z,Not applicable,_Z,Not applicable,USD_PPP_PS,"US dollars per person, PPP converted",LR,Chain linked volume (rebased),LA,Annual levels,T0102,Table 0102 - GDP identity from the expenditure side,2015-Q3,,42885.8,,2020,,,,F,Free (free for publication),1,One,A,Normal value,0,Units,USD,US dollar
DATAFLOW,OECD.SDD.NAD:DSD_NAMAIN1@DF_QNA_EXPENDITURE_CAPITA(1.1),Quarterly GDP per capita,I,Q,Quarterly,Y,Calendar and seasonally adjusted,JPN,Japan,S1,Total economy,S1,Total economy,B1GQ_POP,"Gross domestic product, per capita",_Z,Not applicable,_Z,Not applicable,_Z,Not applicable,USD_PPP_PS,"US dollars per person, PPP converted",LR,Chain linked volume (rebased),LA,Annual levels,T0102,Table 0102 - GDP identity from the expenditure side,2015-Q2,,42887.3,,2020,,,,F,Free (free for publication),1,One,A,Normal value,0,Units,USD,US dollar
DATAFLOW,OECD.SDD.NAD:DSD_NAMAIN1@DF_QNA_EXPENDITURE_CAPITA(1.1),Quarterly GDP per capita,I,Q,Quarterly,Y,Calendar and seasonally adjusted,USA,United States,S1,Total economy,S1,Total economy,B1GQ_POP,"Gross domestic product, per capita",_Z,Not applicable,_Z,Not applicable,_Z,Not applicable,USD_PPP_PS,"US dollars per person, PPP converted",LR,Chain linked volume (rebased),LA,Annual levels,T0102,Table 0102 - GDP identity from the expenditure side,2016-Q4,,62475.2,,2020,,,,F,Free (free for publication),1,One,A,Normal value,0,Units,USD,US dollar
DATAFLOW,OECD.SDD.NAD:DSD_NAMAIN1@DF_QNA_EXPENDITURE_CAPITA(1.1),Quarterly GDP per capita,I,Q,Quarterly,Y,Calendar and seasonally adjusted,USA,United States,S1,Total economy,S1,Total economy,B1GQ_POP,"Gross domestic product, per capita",_Z,Not applicable,_Z,Not applicable,_Z,Not applicable,USD_PPP_PS,"US dollars per person, PPP converted",LR,Chain linked volume (rebased),LA,Annual levels,T0102,Table 0102 - GDP identity from the expenditure side,2016-Q3,,62251.5,,2020,,,,F,Free (free for publication),1,One,A,Normal value,0,Units,USD,US dollar
DATAFLOW,OECD.SDD.NAD:DSD_NAMAIN1@DF_QNA_EXPENDITURE_CAPITA(1.1),Quarterly GDP per capita,I,Q,Quarterly,Y,Calendar and seasonally adjusted,USA,United States,S1,Total economy,S1,Total economy,B1GQ_POP,"Gross domestic product, per capita",_Z,Not applicable,_Z,Not applicable,_Z,Not applicable,USD_PPP_PS,"US dollars per person, PPP converted",LR,Chain linked volume (rebased),LA,Annual levels,T0102,Table 0102 - GDP identity from the expenditure side,2016-Q2,,61939,,2020,,,,F,Free (free for publication),1,One,A,Normal value,0,Units,USD,US dollar
DATAFLOW,OECD.SDD.NAD:DSD_NAMAIN1@DF_QNA_EXPENDITURE_CAPITA(1.1),Quarterly GDP per capita,I,Q,Quarterly,Y,Calendar and seasonally adjusted,USA,United States,S1,Total economy,S1,Total economy,B1GQ_POP,"Gross domestic product, per capita",_Z,Not applicable,_Z,Not applicable,_Z,Not applicable,USD_PPP_PS,"US dollars per person, PPP converted",LR,Chain linked volume (rebased),LA,Annual levels,T0102,Table 0102 - GDP identity from the expenditure side,2016-Q1,,61850.6,,2020,,,,F,Free (free for publication),1,One,A,Normal value,0,Units,USD,US dollar
DATAFLOW,OECD.SDD.NAD:DSD_NAMAIN1@DF_QNA_EXPENDITURE_CAPITA(1.1),Quarterly GDP per capita,I,Q,Quarterly,Y,Calendar and seasonally adjusted,USA,United States,S1,Total economy,S1,Total economy,B1GQ_POP,"Gross domestic product, per capita",_Z,Not applicable,_Z,Not applicable,_Z,Not applicable,USD_PPP_PS,"US dollars per person, PPP converted",LR,Chain linked volume (rebased),LA,Annual levels,T0102,Table 0102 - GDP identity from the expenditure side,2015-Q4,,61604.4,,2020,,,,F,Free (free for publication),1,One,A,Normal value,0,Units,USD,US dollar
DATAFLOW,OECD.SDD.NAD:DSD_NAMAIN1@DF_QNA_EXPENDITURE_CAPITA(1.1),Quarterly GDP per capita,I,Q,Quarterly,Y,Calendar and seasonally adjusted,USA,United States,S1,Total economy,S1,Total economy,B1GQ_POP,"Gross domestic product, per capita",_Z,Not applicable,_Z,Not applicable,_Z,Not applicable,USD_PPP_PS,"US dollars per person, PPP converted",LR,Chain linked volume (rebased),LA,Annual levels,T0102,Table 0102 - GDP identity from the expenditure side,2015-Q3,,61621,,2020,,,,F,Free (free for publication),1,One,A,Normal value,0,Units,USD,US dollar
DATAFLOW,OECD.SDD.NAD:DSD_NAMAIN1@DF_QNA_EXPENDITURE_CAPITA(1.1),Quarterly GDP per capita,I,Q,Quarterly,Y,Calendar and seasonally adjusted,USA,United States,S1,Total economy,S1,Total economy,B1GQ_POP,"Gross domestic product, per capita",_Z,Not applicable,_Z,Not applicable,_Z,Not applicable,USD_PPP_PS,"US dollars per person, PPP converted",LR,Chain linked volume (rebased),LA,Annual levels,T0102,Table 0102 - GDP identity from the expenditure side,2015-Q2,,61505.8,,2020,,,,F,Free (free for publication),1,One,A,Normal value,0,Units,USD,US dollar
DATAFLOW,OECD.SDD.NAD:DSD_NAMAIN1@DF_QNA_EXPENDITURE_CAPITA(1.1),Quarterly GDP per capita,I,Q,Quarterly,Y,Calendar and seasonally adjusted,USA,United States,S1,Total economy,S1,Total economy,B1GQ_POP,"Gross domestic product, per capita",_Z,Not applicable,_Z,Not applicable,_Z,Not applicable,USD_PPP_PS,"US dollars per person, PPP converted",LR,Chain linked volume (rebased),LA,Annual levels,T0102,Table 0102 - GDP identity from the expenditure side,2015-Q1,,61236.8,,2020,,,,F,Free (free for publication),1,One,A,Normal value,0,Units,USD,US dollar
DATAFLOW,OECD.SDD.NAD:DSD_NAMAIN1@DF_QNA_EXPENDITURE_CAPITA(1.1),Quarterly GDP per capita,I,Q,Quarterly,Y,Calendar and seasonally adjusted,USA,United States,S1,Total economy,S1,Total economy,B1GQ_POP,"Gross domestic product, per capita",_Z,Not applicable,_Z,Not applicable,_Z,Not applicable,USD_PPP_PS,"US dollars per person, PPP converted",LR,Chain linked volume (rebased),LA,Annual levels,T0102,Table 0102 - GDP identity from the expenditure side,2014-Q4,,60795.8,,2020,,,,F,Free (free for publication),1,One,A,Normal value,0,Units,USD,US dollar
DATAFLOW,OECD.SDD.NAD:DSD_NAMAIN1@DF_QNA_EXPENDITURE_CAPITA(1.1),Quarterly GDP per capita,I,Q,Quarterly,Y,Calendar and seasonally adjusted,USA,United States,S1,Total economy,S1,Total economy,B1GQ_POP,"Gross domestic product, per capita",_Z,Not applicable,_Z,Not applicable,_Z,Not applicable,USD_PPP_PS,"US dollars per person, PPP converted",LR,Chain linked volume (rebased),LA,Annual levels,T0102,Table 0102 - GDP identity from the expenditure side,2014-Q3,,60620.7,,2020,,,,F,Free (free for publication),1,One,A,Normal value,0,Units,USD,US dollar
DATAFLOW,OECD.SDD.NAD:DSD_NAMAIN1@DF_QNA_EXPENDITURE_CAPITA(1.1),Quarterly GDP per capita,I,Q,Quarterly,Y,Calendar and seasonally adjusted,USA,United States,S1,Total economy,S1,Total economy,B1GQ_POP,"Gross domestic product, per capita",_Z,Not applicable,_Z,Not applicable,_Z,Not applicable,USD_PPP_PS,"US dollars per person, PPP converted",LR,Chain linked volume (rebased),LA,Annual levels,T0102,Table 0102 - GDP identity from the expenditure side,2014-Q2,,60022.4,,2020,,,,F,Free (free for publication),1,One,A,Normal value,0,Units,USD,US dollar
DATAFLOW,OECD.SDD.NAD:DSD_NAMAIN1@DF_QNA_EXPENDITURE_CAPITA(1.1),Quarterly GDP per capita,I,Q,Quarterly,Y,Calendar and seasonally adjusted,USA,United States,S1,Total economy,S1,Total economy,B1GQ_POP,"Gross domestic product, per capita",_Z,Not applicable,_Z,Not applicable,_Z,Not applicable,USD_PPP_PS,"US dollars per person, PPP converted",LR,Chain linked volume (rebased),LA,Annual levels,T0102,Table 0102 - GDP identity from the expenditure side,2014-Q1,,59365.3,,2020,,,,F,Free (free for publication),1,One,A,Normal value,0,Units,USD,US dollar
DATAFLOW,OECD.SDD.NAD:DSD_NAMAIN1@DF_QNA_EXPENDITURE_CAPITA(1.1),Quarterly GDP per capita,I,Q,Quarterly,Y,Calendar and seasonally adjusted,USA,United States,S1,Total economy,S1,Total economy,B1GQ_POP,"Gross domestic product, per capita",_Z,Not applicable,_Z,Not applicable,_Z,Not applicable,USD_PPP_PS,"US dollars per person, PPP converted",LR,Chain linked volume (rebased),LA,Annual levels,T0102,Table 0102 - GDP identity from the expenditure side,2013-Q4,,59678.2,,2020,,,,F,Free (free for publication),1,One,A,Normal value,0,Units,USD,US dollar
DATAFLOW,OECD.SDD.NAD:DSD_NAMAIN1@DF_QNA_EXPENDITURE_CAPITA(1.1),Quarterly GDP per capita,I,Q,Quarterly,Y,Calendar and seasonally adjusted,USA,United States,S1,Total economy,S1,Total economy,B1GQ_POP,"Gross domestic product, per capita",_Z,Not applicable,_Z,Not applicable,_Z,Not applicable,USD_PPP_PS,"US dollars per person, PPP converted",LR,Chain linked volume (rebased),LA,Annual levels,T0102,Table 0102 - GDP identity from the expenditure side,2013-Q3,,59288.5,,2020,,,,F,Free (free for publication),1,One,A,Normal value,0,Units,USD,US dollar
DATAFLOW,OECD.SDD.NAD:DSD_NAMAIN1@DF_QNA_EXPENDITURE_CAPITA(1.1),Quarterly GDP per capita,I,Q,Quarterly,Y,Calendar and seasonally adjusted,USA,United States,S1,Total economy,S1,Total economy,B1GQ_POP,"Gross domestic product, per capita",_Z,Not applicable,_Z,Not applicable,_Z,Not applicable,USD_PPP_PS,"US dollars per person, PPP converted",LR,Chain linked volume (rebased),LA,Annual levels,T0102,Table 0102 - GDP identity from the expenditure side,2013-Q2,,58911,,2020,,,,F,Free (free for publication),1,One,A,Normal value,0,Units,USD,US dollar
DATAFLOW,OECD.SDD.NAD:DSD_NAMAIN1@DF_QNA_EXPENDITURE_CAPITA(1.1),Quarterly GDP per capita,I,Q,Quarterly,Y,Calendar and seasonally adjusted,USA,United States,S1,Total economy,S1,Total economy,B1GQ_POP,"Gross domestic product, per capita",_Z,Not applicable,_Z,Not applicable,_Z,Not applicable,USD_PPP_PS,"US dollars per person, PPP converted",LR,Chain linked volume (rebased),LA,Annual levels,T0102,Table 0102 - GDP identity from the expenditure side,2013-Q1,,58853.6,,2020,,,,F,Free (free for publication),1,One,A,Normal value,0,Units,USD,US dollar
DATAFLOW,OECD.SDD.NAD:DSD_NAMAIN1@DF_QNA_EXPENDITURE_CAPITA(1.1),Quarterly GDP per capita,I,Q,Quarterly,Y,Calendar and seasonally adjusted,USA,United States,S1,Total economy,S1,Total economy,B1GQ_POP,"Gross domestic product, per capita",_Z,Not applicable,_Z,Not applicable,_Z,Not applicable,USD_PPP_PS,"US dollars per person, PPP converted",LR,Chain linked volume (rebased),LA,Annual levels,T0102,Table 0102 - GDP identity from the expenditure side,2012-Q4,,58372.9,,2020,,,,F,Free (free for publication),1,One,A,Normal value,0,Units,USD,US dollar
DATAFLOW,OECD.SDD.NAD:DSD_NAMAIN1@DF_QNA_EXPENDITURE_CAPITA(1.1),Quarterly GDP per capita,I,Q,Quarterly,Y,Calendar and seasonally adjusted,USA,United States,S1,Total economy,S1,Total economy,B1GQ_POP,"Gross domestic product, per capita",_Z,Not applicable,_Z,Not applicable,_Z,Not applicable,USD_PPP_PS,"US dollars per person, PPP converted",LR,Chain linked volume (rebased),LA,Annual levels,T0102,Table 0102 - GDP identity from the expenditure side,2012-Q3,,58426.7,,2020,,,,F,Free (free for publication),1,One,A,Normal value,0,Units,USD,US dollar
DATAFLOW,OECD.SDD.NAD:DSD_NAMAIN1@DF_QNA_EXPENDITURE_CAPITA(1.1),Quarterly GDP per capita,I,Q,Quarterly,Y,Calendar and seasonally adjusted,USA,United States,S1,Total economy,S1,Total economy,B1GQ_POP,"Gross domestic product, per capita",_Z,Not applicable,_Z,Not applicable,_Z,Not applicable,USD_PPP_PS,"US dollars per person, PPP converted",LR,Chain linked volume (rebased),LA,Annual levels,T0102,Table 0102 - GDP identity from the expenditure side,2012-Q2,,58464.6,,2020,,,,F,Free (free for publication),1,One,A,Normal value,0,Units,USD,US dollar
DATAFLOW,OECD.SDD.NAD:DSD_NAMAIN1@DF_QNA_EXPENDITURE_CAPITA(1.1),Quarterly GDP per capita,I,Q,Quarterly,Y,Calendar and seasonally adjusted,USA,United States,S1,Total economy,S1,Total economy,B1GQ_POP,"Gross domestic product, per capita",_Z,Not applicable,_Z,Not applicable,_Z,Not applicable,USD_PPP_PS,"US dollars per person, PPP converted",LR,Chain linked volume (rebased),LA,Annual levels,T0102,Table 0102 - GDP identity from the expenditure side,2012-Q1,,58308.7,,2020,,,,F,Free (free for publication),1,One,A,Normal value,0,Units,USD,US dollar
DATAFLOW,OECD.SDD.NAD:DSD_NAMAIN1@DF_QNA_EXPENDITURE_CAPITA(1.1),Quarterly GDP per capita,I,Q,Quarterly,Y,Calendar and seasonally adjusted,USA,United States,S1,Total economy,S1,Total economy,B1GQ_POP,"Gross domestic product, per capita",_Z,Not applicable,_Z,Not applicable,_Z,Not applicable,USD_PPP_PS,"US dollars per person, PPP converted",LR,Chain linked volume (rebased),LA,Annual levels,T0102,Table 0102 - GDP identity from the expenditure side,2011-Q4,,57926.3,,2020,,,,F,Free (free for publication),1,One,A,Normal value,0,Units,USD,US dollar
DATAFLOW,OECD.SDD.NAD:DSD_NAMAIN1@DF_QNA_EXPENDITURE_CAPITA(1.1),Quarterly GDP per capita,I,Q,Quarterly,Y,Calendar and seasonally adjusted,USA,United States,S1,Total economy,S1,Total economy,B1GQ_POP,"Gross domestic product, per capita",_Z,Not applicable,_Z,Not applicable,_Z,Not applicable,USD_PPP_PS,"US dollars per person, PPP converted",LR,Chain linked volume (rebased),LA,Annual levels,T0102,Table 0102 - GDP identity from the expenditure side,2011-Q3,,57402.4,,2020,,,,F,Free (free for publication),1,One,A,Normal value,0,Units,USD,US dollar
DATAFLOW,OECD.SDD.NAD:DSD_NAMAIN1@DF_QNA_EXPENDITURE_CAPITA(1.1),Quarterly GDP per capita,I,Q,Quarterly,Y,Calendar and seasonally adjusted,USA,United States,S1,Total economy,S1,Total economy,B1GQ_POP,"Gross domestic product, per capita",_Z,Not applicable,_Z,Not applicable,_Z,Not applicable,USD_PPP_PS,"US dollars per person, PPP converted",LR,Chain linked volume (rebased),LA,Annual levels,T0102,Table 0102 - GDP identity from the expenditure side,2011-Q2,,57537.8,,2020,,,,F,Free (free for publication),1,One,A,Normal value,0,Units,USD,US dollar
DATAFLOW,OECD.SDD.NAD:DSD_NAMAIN1@DF_QNA_EXPENDITURE_CAPITA(1.1),Quarterly GDP per capita,I,Q,Quarterly,Y,Calendar and seasonally adjusted,USA,United States,S1,Total economy,S1,Total economy,B1GQ_POP,"Gross domestic product, per capita",_Z,Not applicable,_Z,Not applicable,_Z,Not applicable,USD_PPP_PS,"US dollars per person, PPP converted",LR,Chain linked volume (rebased),LA,Annual levels,T0102,Table 0102 - GDP identity from the expenditure side,2011-Q1,,57254.7,,2020,,,,F,Free (free for publication),1,One,A,Normal value,0,Units,USD,US dollar
DATAFLOW,OECD.SDD.NAD:DSD_NAMAIN1@DF_QNA_EXPENDITURE_CAPITA(1.1),Quarterly GDP per capita,I,Q,Quarterly,Y,Calendar and seasonally adjusted,USA,United States,S1,Total economy,S1,Total economy,B1GQ_POP,"Gross domestic product, per capita",_Z,Not applicable,_Z,Not applicable,_Z,Not applicable,USD_PPP_PS,"US dollars per person, PPP converted",LR,Chain linked volume (rebased),LA,Annual levels,T0102,Table 0102 - GDP identity from the expenditure side,2010-Q4,,57494,,2020,,,,F,Free (free for publication),1,One,A,Normal value,0,Units,USD,US dollar
DATAFLOW,OECD.SDD.NAD:DSD_NAMAIN1@DF_QNA_EXPENDITURE_CAPITA(1.1),Quarterly GDP per capita,I,Q,Quarterly,Y,Calendar and seasonally adjusted,USA,United States,S1,Total economy,S1,Total economy,B1GQ_POP,"Gross domestic product, per capita",_Z,Not applicable,_Z,Not applicable,_Z,Not applicable,USD_PPP_PS,"US dollars per person, PPP converted",LR,Chain linked volume (rebased),LA,Annual levels,T0102,Table 0102 - GDP identity from the expenditure side,2010-Q3,,57317,,2020,,,,F,Free (free for publication),1,One,A,Normal value,0,Units,USD,US dollar
DATAFLOW,OECD.SDD.NAD:DSD_NAMAIN1@DF_QNA_EXPENDITURE_CAPITA(1.1),Quarterly GDP per capita,I,Q,Quarterly,Y,Calendar and seasonally adjusted,USA,United States,S1,Total economy,S1,Total economy,B1GQ_POP,"Gross domestic product, per capita",_Z,Not applicable,_Z,Not applicable,_Z,Not applicable,USD_PPP_PS,"US dollars per person, PPP converted",LR,Chain linked volume (rebased),LA,Annual levels,T0102,Table 0102 - GDP identity from the expenditure side,2010-Q2,,56999.8,,2020,,,,F,Free (free for publication),1,One,A,Normal value,0,Units,USD,US dollar
DATAFLOW,OECD.SDD.NAD:DSD_NAMAIN1@DF_QNA_EXPENDITURE_CAPITA(1.1),Quarterly GDP per capita,I,Q,Quarterly,Y,Calendar and seasonally adjusted,USA,United States,S1,Total economy,S1,Total economy,B1GQ_POP,"Gross domestic product, per capita",_Z,Not applicable,_Z,Not applicable,_Z,Not applicable,USD_PPP_PS,"US dollars per person, PPP converted",LR,Chain linked volume (rebased),LA,Annual levels,T0102,Table 0102 - GDP identity from the expenditure side,2010-Q1,,56560.8,,2020,,,,F,Free (free for publication),1,One,A,Normal value,0,Units,USD,US dollar
DATAFLOW,OECD.SDD.NAD:DSD_NAMAIN1@DF_QNA_EXPENDITURE_CAPITA(1.1),Quarterly GDP per capita,I,Q,Quarterly,Y,Calendar and seasonally adjusted,USA,United States,S1,Total economy,S1,Total economy,B1GQ_POP,"Gross domestic product, per capita",_Z,Not applicable,_Z,Not applicable,_Z,Not applicable,USD_PPP_PS,"US dollars per person, PPP converted",LR,Chain linked volume (rebased),LA,Annual levels,T0102,Table 0102 - GDP identity from the expenditure side,2022-Q1,,69306.7,,2020,,,,F,Free (free for publication),1,One,A,Normal value,0,Units,USD,US dollar
DATAFLOW,OECD.SDD.NAD:DSD_NAMAIN1@DF_QNA_EXPENDITURE_CAPITA(1.1),Quarterly GDP per capita,I,Q,Quarterly,Y,Calendar and seasonally adjusted,USA,United States,S1,Total economy,S1,Total economy,B1GQ_POP,"Gross domestic product, per capita",_Z,Not applicable,_Z,Not applicable,_Z,Not applicable,USD_PPP_PS,"US dollars per person, PPP converted",LR,Chain linked volume (rebased),LA,Annual levels,T0102,Table 0102 - GDP identity from the expenditure side,2021-Q4,,69559.5,,2020,,,,F,Free (free for publication),1,One,A,Normal value,0,Units,USD,US dollar
DATAFLOW,OECD.SDD.NAD:DSD_NAMAIN1@DF_QNA_EXPENDITURE_CAPITA(1.1),Quarterly GDP per capita,I,Q,Quarterly,Y,Calendar and seasonally adjusted,USA,United States,S1,Total economy,S1,Total economy,B1GQ_POP,"Gross domestic product, per capita",_Z,Not applicable,_Z,Not applicable,_Z,Not applicable,USD_PPP_PS,"US dollars per person, PPP converted",LR,Chain linked volume (rebased),LA,Annual levels,T0102,Table 0102 - GDP identity from the expenditure side,2021-Q3,,68484.6,,2020,,,,F,Free (free for publication),1,One,A,Normal value,0,Units,USD,US dollar
DATAFLOW,OECD.SDD.NAD:DSD_NAMAIN1@DF_QNA_EXPENDITURE_CAPITA(1.1),Quarterly GDP per capita,I,Q,Quarterly,Y,Calendar and seasonally adjusted,USA,United States,S1,Total economy,S1,Total economy,B1GQ_POP,"Gross domestic product, per capita",_Z,Not applicable,_Z,Not applicable,_Z,Not applicable,USD_PPP_PS,"US dollars per person, PPP converted",LR,Chain linked volume (rebased),LA,Annual levels,T0102,Table 0102 - GDP identity from the expenditure side,2021-Q2,,68009.5,,2020,,,,F,Free (free for publication),1,One,A,Normal value,0,Units,USD,US dollar
DATAFLOW,OECD.SDD.NAD:DSD_NAMAIN1@DF_QNA_EXPENDITURE_CAPITA(1.1),Quarterly GDP per capita,I,Q,Quarterly,Y,Calendar and seasonally adjusted,USA,United States,S1,Total economy,S1,Total economy,B1GQ_POP,"Gross domestic product, per capita",_Z,Not applicable,_Z,Not applicable,_Z,Not applicable,USD_PPP_PS,"US dollars per person, PPP converted",LR,Chain linked volume (rebased),LA,Annual levels,T0102,Table 0102 - GDP identity from the expenditure side,2021-Q1,,66903.8,,2020,,,,F,Free (free for publication),1,One,A,Normal value,0,Units,USD,US dollar
DATAFLOW,OECD.SDD.NAD:DSD_NAMAIN1@DF_QNA_EXPENDITURE_CAPITA(1.1),Quarterly GDP per capita,I,Q,Quarterly,Y,Calendar and seasonally adjusted,USA,United States,S1,Total economy,S1,Total economy,B1GQ_POP,"Gross domestic product, per capita",_Z,Not applicable,_Z,Not applicable,_Z,Not applicable,USD_PPP_PS,"US dollars per person, PPP converted",LR,Chain linked volume (rebased),LA,Annual levels,T0102,Table 0102 - GDP identity from the expenditure side,2020-Q4,,65971.9,,2020,,,,F,Free (free for publication),1,One,A,Normal value,0,Units,USD,US dollar
DATAFLOW,OECD.SDD.NAD:DSD_NAMAIN1@DF_QNA_EXPENDITURE_CAPITA(1.1),Quarterly GDP per capita,I,Q,Quarterly,Y,Calendar and seasonally adjusted,USA,United States,S1,Total economy,S1,Total economy,B1GQ_POP,"Gross domestic product, per capita",_Z,Not applicable,_Z,Not applicable,_Z,Not applicable,USD_PPP_PS,"US dollars per person, PPP converted",LR,Chain linked volume (rebased),LA,Annual levels,T0102,Table 0102 - GDP identity from the expenditure side,2020-Q3,,65266.5,,2020,,,,F,Free (free for publication),1,One,A,Normal value,0,Units,USD,US dollar
DATAFLOW,OECD.SDD.NAD:DSD_NAMAIN1@DF_QNA_EXPENDITURE_CAPITA(1.1),Quarterly GDP per capita,I,Q,Quarterly,Y,Calendar and seasonally adjusted,USA,United States,S1,Total economy,S1,Total economy,B1GQ_POP,"Gross domestic product, per capita",_Z,Not applicable,_Z,Not applicable,_Z,Not applicable,USD_PPP_PS,"US dollars per person, PPP converted",LR,Chain linked volume (rebased),LA,Annual levels,T0102,Table 0102 - GDP identity from the expenditure side,2020-Q2,,60596.8,,2020,,,,F,Free (free for publication),1,One,A,Normal value,0,Units,USD,US dollar
DATAFLOW,OECD.SDD.NAD:DSD_NAMAIN1@DF_QNA_EXPENDITURE_CAPITA(1.1),Quarterly GDP per capita,I,Q,Quarterly,Y,Calendar and seasonally adjusted,USA,United States,S1,Total economy,S1,Total economy,B1GQ_POP,"Gross domestic product, per capita",_Z,Not applicable,_Z,Not applicable,_Z,Not applicable,USD_PPP_PS,"US dollars per person, PPP converted",LR,Chain linked volume (rebased),LA,Annual levels,T0102,Table 0102 - GDP identity from the expenditure side,2020-Q1,,65821.6,,2020,,,,F,Free (free for publication),1,One,A,Normal value,0,Units,USD,US dollar
DATAFLOW,OECD.SDD.NAD:DSD_NAMAIN1@DF_QNA_EXPENDITURE_CAPITA(1.1),Quarterly GDP per capita,I,Q,Quarterly,Y,Calendar and seasonally adjusted,USA,United States,S1,Total economy,S1,Total economy,B1GQ_POP,"Gross domestic product, per capita",_Z,Not applicable,_Z,Not applicable,_Z,Not applicable,USD_PPP_PS,"US dollars per person, PPP converted",LR,Chain linked volume (rebased),LA,Annual levels,T0102,Table 0102 - GDP identity from the expenditure side,2022-Q3,,69670.4,,2020,,,,F,Free (free for publication),1,One,A,Normal value,0,Units,USD,US dollar
DATAFLOW,OECD.SDD.NAD:DSD_NAMAIN1@DF_QNA_EXPENDITURE_CAPITA(1.1),Quarterly GDP per capita,I,Q,Quarterly,Y,Calendar and seasonally adjusted,USA,United States,S1,Total economy,S1,Total economy,B1GQ_POP,"Gross domestic product, per capita",_Z,Not applicable,_Z,Not applicable,_Z,Not applicable,USD_PPP_PS,"US dollars per person, PPP converted",LR,Chain linked volume (rebased),LA,Annual levels,T0102,Table 0102 - GDP identity from the expenditure side,2019-Q4,,66757,,2020,,,,F,Free (free for publication),1,One,A,Normal value,0,Units,USD,US dollar
DATAFLOW,OECD.SDD.NAD:DSD_NAMAIN1@DF_QNA_EXPENDITURE_CAPITA(1.1),Quarterly GDP per capita,I,Q,Quarterly,Y,Calendar and seasonally adjusted,USA,United States,S1,Total economy,S1,Total economy,B1GQ_POP,"Gross domestic product, per capita",_Z,Not applicable,_Z,Not applicable,_Z,Not applicable,USD_PPP_PS,"US dollars per person, PPP converted",LR,Chain linked volume (rebased),LA,Annual levels,T0102,Table 0102 - GDP identity from the expenditure side,2019-Q3,,66400.9,,2020,,,,F,Free (free for publication),1,One,A,Normal value,0,Units,USD,US dollar
DATAFLOW,OECD.SDD.NAD:DSD_NAMAIN1@DF_QNA_EXPENDITURE_CAPITA(1.1),Quarterly GDP per capita,I,Q,Quarterly,Y,Calendar and seasonally adjusted,USA,United States,S1,Total economy,S1,Total economy,B1GQ_POP,"Gross domestic product, per capita",_Z,Not applicable,_Z,Not applicable,_Z,Not applicable,USD_PPP_PS,"US dollars per person, PPP converted",LR,Chain linked volume (rebased),LA,Annual levels,T0102,Table 0102 - GDP identity from the expenditure side,2019-Q2,,65729.2,,2020,,,,F,Free (free for publication),1,One,A,Normal value,0,Units,USD,US dollar
DATAFLOW,OECD.SDD.NAD:DSD_NAMAIN1@DF_QNA_EXPENDITURE_CAPITA(1.1),Quarterly GDP per capita,I,Q,Quarterly,Y,Calendar and seasonally adjusted,USA,United States,S1,Total economy,S1,Total economy,B1GQ_POP,"Gross domestic product, per capita",_Z,Not applicable,_Z,Not applicable,_Z,Not applicable,USD_PPP_PS,"US dollars per person, PPP converted",LR,Chain linked volume (rebased),LA,Annual levels,T0102,Table 0102 - GDP identity from the expenditure side,2019-Q1,,65259.3,,2020,,,,F,Free (free for publication),1,One,A,Normal value,0,Units,USD,US dollar
DATAFLOW,OECD.SDD.NAD:DSD_NAMAIN1@DF_QNA_EXPENDITURE_CAPITA(1.1),Quarterly GDP per capita,I,Q,Quarterly,Y,Calendar and seasonally adjusted,USA,United States,S1,Total economy,S1,Total economy,B1GQ_POP,"Gross domestic product, per capita",_Z,Not applicable,_Z,Not applicable,_Z,Not applicable,USD_PPP_PS,"US dollars per person, PPP converted",LR,Chain linked volume (rebased),LA,Annual levels,T0102,Table 0102 - GDP identity from the expenditure side,2018-Q4,,64922.5,,2020,,,,F,Free (free for publication),1,One,A,Normal value,0,Units,USD,US dollar
DATAFLOW,OECD.SDD.NAD:DSD_NAMAIN1@DF_QNA_EXPENDITURE_CAPITA(1.1),Quarterly GDP per capita,I,Q,Quarterly,Y,Calendar and seasonally adjusted,USA,United States,S1,Total economy,S1,Total economy,B1GQ_POP,"Gross domestic product, per capita",_Z,Not applicable,_Z,Not applicable,_Z,Not applicable,USD_PPP_PS,"US dollars per person, PPP converted",LR,Chain linked volume (rebased),LA,Annual levels,T0102,Table 0102 - GDP identity from the expenditure side,2018-Q3,,64925.6,,2020,,,,F,Free (free for publication),1,One,A,Normal value,0,Units,USD,US dollar
DATAFLOW,OECD.SDD.NAD:DSD_NAMAIN1@DF_QNA_EXPENDITURE_CAPITA(1.1),Quarterly GDP per capita,I,Q,Quarterly,Y,Calendar and seasonally adjusted,USA,United States,S1,Total economy,S1,Total economy,B1GQ_POP,"Gross domestic product, per capita",_Z,Not applicable,_Z,Not applicable,_Z,Not applicable,USD_PPP_PS,"US dollars per person, PPP converted",LR,Chain linked volume (rebased),LA,Annual levels,T0102,Table 0102 - GDP identity from the expenditure side,2018-Q2,,64624.2,,2020,,,,F,Free (free for publication),1,One,A,Normal value,0,Units,USD,US dollar
DATAFLOW,OECD.SDD.NAD:DSD_NAMAIN1@DF_QNA_EXPENDITURE_CAPITA(1.1),Quarterly GDP per capita,I,Q,Quarterly,Y,Calendar and seasonally adjusted,USA,United States,S1,Total economy,S1,Total economy,B1GQ_POP,"Gross domestic product, per capita",_Z,Not applicable,_Z,Not applicable,_Z,Not applicable,USD_PPP_PS,"US dollars per person, PPP converted",LR,Chain linked volume (rebased),LA,Annual levels,T0102,Table 0102 - GDP identity from the expenditure side,2018-Q1,,64368.2,,2020,,,,F,Free (free for publication),1,One,A,Normal value,0,Units,USD,US dollar
DATAFLOW,OECD.SDD.NAD:DSD_NAMAIN1@DF_QNA_EXPENDITURE_CAPITA(1.1),Quarterly GDP per capita,I,Q,Quarterly,Y,Calendar and seasonally adjusted,USA,United States,S1,Total economy,S1,Total economy,B1GQ_POP,"Gross domestic product, per capita",_Z,Not applicable,_Z,Not applicable,_Z,Not applicable,USD_PPP_PS,"US dollars per person, PPP converted",LR,Chain linked volume (rebased),LA,Annual levels,T0102,Table 0102 - GDP identity from the expenditure side,2017-Q4,,63926.6,,2020,,,,F,Free (free for publication),1,One,A,Normal value,0,Units,USD,US dollar
DATAFLOW,OECD.SDD.NAD:DSD_NAMAIN1@DF_QNA_EXPENDITURE_CAPITA(1.1),Quarterly GDP per capita,I,Q,Quarterly,Y,Calendar and seasonally adjusted,USA,United States,S1,Total economy,S1,Total economy,B1GQ_POP,"Gross domestic product, per capita",_Z,Not applicable,_Z,Not applicable,_Z,Not applicable,USD_PPP_PS,"US dollars per person, PPP converted",LR,Chain linked volume (rebased),LA,Annual levels,T0102,Table 0102 - GDP identity from the expenditure side,2017-Q3,,63320.8,,2020,,,,F,Free (free for publication),1,One,A,Normal value,0,Units,USD,US dollar
DATAFLOW,OECD.SDD.NAD:DSD_NAMAIN1@DF_QNA_EXPENDITURE_CAPITA(1.1),Quarterly GDP per capita,I,Q,Quarterly,Y,Calendar and seasonally adjusted,USA,United States,S1,Total economy,S1,Total economy,B1GQ_POP,"Gross domestic product, per capita",_Z,Not applicable,_Z,Not applicable,_Z,Not applicable,USD_PPP_PS,"US dollars per person, PPP converted",LR,Chain linked volume (rebased),LA,Annual levels,T0102,Table 0102 - GDP identity from the expenditure side,2023-Q2,,70673.6,,2020,,,,F,Free (free for publication),1,One,A,Normal value,0,Units,USD,US dollar
DATAFLOW,OECD.SDD.NAD:DSD_NAMAIN1@DF_QNA_EXPENDITURE_CAPITA(1.1),Quarterly GDP per capita,I,Q,Quarterly,Y,Calendar and seasonally adjusted,USA,United States,S1,Total economy,S1,Total economy,B1GQ_POP,"Gross domestic product, per capita",_Z,Not applicable,_Z,Not applicable,_Z,Not applicable,USD_PPP_PS,"US dollars per person, PPP converted",LR,Chain linked volume (rebased),LA,Annual levels,T0102,Table 0102 - GDP identity from the expenditure side,2023-Q1,,70372.1,,2020,,,,F,Free (free for publication),1,One,A,Normal value,0,Units,USD,US dollar
DATAFLOW,OECD.SDD.NAD:DSD_NAMAIN1@DF_QNA_EXPENDITURE_CAPITA(1.1),Quarterly GDP per capita,I,Q,Quarterly,Y,Calendar and seasonally adjusted,USA,United States,S1,Total economy,S1,Total economy,B1GQ_POP,"Gross domestic product, per capita",_Z,Not applicable,_Z,Not applicable,_Z,Not applicable,USD_PPP_PS,"US dollars per person, PPP converted",LR,Chain linked volume (rebased),LA,Annual levels,T0102,Table 0102 - GDP identity from the expenditure side,2022-Q4,,69998.8,,2020,,,,F,Free (free for publication),1,One,A,Normal value,0,Units,USD,US dollar
DATAFLOW,OECD.SDD.NAD:DSD_NAMAIN1@DF_QNA_EXPENDITURE_CAPITA(1.1),Quarterly GDP per capita,I,Q,Quarterly,Y,Calendar and seasonally adjusted,USA,United States,S1,Total economy,S1,Total economy,B1GQ_POP,"Gross domestic product, per capita",_Z,Not applicable,_Z,Not applicable,_Z,Not applicable,USD_PPP_PS,"US dollars per person, PPP converted",LR,Chain linked volume (rebased),LA,Annual levels,T0102,Table 0102 - GDP identity from the expenditure side,2025-Q2,,73236.1,,2020,,,,F,Free (free for publication),1,One,A,Normal value,0,Units,USD,US dollar
DATAFLOW,OECD.SDD.NAD:DSD_NAMAIN1@DF_QNA_EXPENDITURE_CAPITA(1.1),Quarterly GDP per capita,I,Q,Quarterly,Y,Calendar and seasonally adjusted,USA,United States,S1,Total economy,S1,Total economy,B1GQ_POP,"Gross domestic product, per capita",_Z,Not applicable,_Z,Not applicable,_Z,Not applicable,USD_PPP_PS,"US dollars per person, PPP converted",LR,Chain linked volume (rebased),LA,Annual levels,T0102,Table 0102 - GDP identity from the expenditure side,2025-Q1,,72644.1,,2020,,,,F,Free (free for publication),1,One,A,Normal value,0,Units,USD,US dollar
DATAFLOW,OECD.SDD.NAD:DSD_NAMAIN1@DF_QNA_EXPENDITURE_CAPITA(1.1),Quarterly GDP per capita,I,Q,Quarterly,Y,Calendar and seasonally adjusted,USA,United States,S1,Total economy,S1,Total economy,B1GQ_POP,"Gross domestic product, per capita",_Z,Not applicable,_Z,Not applicable,_Z,Not applicable,USD_PPP_PS,"US dollars per person, PPP converted",LR,Chain linked volume (rebased),LA,Annual levels,T0102,Table 0102 - GDP identity from the expenditure side,2024-Q4,,72853.2,,2020,,,,F,Free (free for publication),1,One,A,Normal value,0,Units,USD,US dollar
DATAFLOW,OECD.SDD.NAD:DSD_NAMAIN1@DF_QNA_EXPENDITURE_CAPITA(1.1),Quarterly GDP per capita,I,Q,Quarterly,Y,Calendar and seasonally adjusted,USA,United States,S1,Total economy,S1,Total economy,B1GQ_POP,"Gross domestic product, per capita",_Z,Not applicable,_Z,Not applicable,_Z,Not applicable,USD_PPP_PS,"US dollars per person, PPP converted",LR,Chain linked volume (rebased),LA,Annual levels,T0102,Table 0102 - GDP identity from the expenditure side,2024-Q3,,72631.9,,2020,,,,F,Free (free for publication),1,One,A,Normal value,0,Units,USD,US dollar
DATAFLOW,OECD.SDD.NAD:DSD_NAMAIN1@DF_QNA_EXPENDITURE_CAPITA(1.1),Quarterly GDP per capita,I,Q,Quarterly,Y,Calendar and seasonally adjusted,USA,United States,S1,Total economy,S1,Total economy,B1GQ_POP,"Gross domestic product, per capita",_Z,Not applicable,_Z,Not applicable,_Z,Not applicable,USD_PPP_PS,"US dollars per person, PPP converted",LR,Chain linked volume (rebased),LA,Annual levels,T0102,Table 0102 - GDP identity from the expenditure side,2024-Q2,,72187.8,,2020,,,,F,Free (free for publication),1,One,A,Normal value,0,Units,USD,US dollar
DATAFLOW,OECD.SDD.NAD:DSD_NAMAIN1@DF_QNA_EXPENDITURE_CAPITA(1.1),Quarterly GDP per capita,I,Q,Quarterly,Y,Calendar and seasonally adjusted,USA,United States,S1,Total economy,S1,Total economy,B1GQ_POP,"Gross domestic product, per capita",_Z,Not applicable,_Z,Not applicable,_Z,Not applicable,USD_PPP_PS,"US dollars per person, PPP converted",LR,Chain linked volume (rebased),LA,Annual levels,T0102,Table 0102 - GDP identity from the expenditure side,2022-Q2,,69310.7,,2020,,,,F,Free (free for publication),1,One,A,Normal value,0,Units,USD,US dollar
DATAFLOW,OECD.SDD.NAD:DSD_NAMAIN1@DF_QNA_EXPENDITURE_CAPITA(1.1),Quarterly GDP per capita,I,Q,Quarterly,Y,Calendar and seasonally adjusted,USA,United States,S1,Total economy,S1,Total economy,B1GQ_POP,"Gross domestic product, per capita",_Z,Not applicable,_Z,Not applicable,_Z,Not applicable,USD_PPP_PS,"US dollars per person, PPP converted",LR,Chain linked volume (rebased),LA,Annual levels,T0102,Table 0102 - GDP identity from the expenditure side,2024-Q1,,71725.1,,2020,,,,F,Free (free for publication),1,One,A,Normal value,0,Units,USD,US dollar
DATAFLOW,OECD.SDD.NAD:DSD_NAMAIN1@DF_QNA_EXPENDITURE_CAPITA(1.1),Quarterly GDP per capita,I,Q,Quarterly,Y,Calendar and seasonally adjusted,USA,United States,S1,Total economy,S1,Total economy,B1GQ_POP,"Gross domestic product, per capita",_Z,Not applicable,_Z,Not applicable,_Z,Not applicable,USD_PPP_PS,"US dollars per person, PPP converted",LR,Chain linked volume (rebased),LA,Annual levels,T0102,Table 0102 - GDP identity from the expenditure side,2023-Q4,,71735.4,,2020,,,,F,Free (free for publication),1,One,A,Normal value,0,Units,USD,US dollar
DATAFLOW,OECD.SDD.NAD:DSD_NAMAIN1@DF_QNA_EXPENDITURE_CAPITA(1.1),Quarterly GDP per capita,I,Q,Quarterly,Y,Calendar and seasonally adjusted,USA,United States,S1,Total economy,S1,Total economy,B1GQ_POP,"Gross domestic product, per capita",_Z,Not applicable,_Z,Not applicable,_Z,Not applicable,USD_PPP_PS,"US dollars per person, PPP converted",LR,Chain linked volume (rebased),LA,Annual levels,T0102,Table 0102 - GDP identity from the expenditure side,2023-Q3,,71316.3,,2020,,,,F,Free (free for publication),1,One,A,Normal value,0,Units,USD,US dollar
DATAFLOW,OECD.SDD.NAD:DSD_NAMAIN1@DF_QNA_EXPENDITURE_CAPITA(1.1),Quarterly GDP per capita,I,Q,Quarterly,Y,Calendar and seasonally adjusted,USA,United States,S1,Total economy,S1,Total economy,B1GQ_POP,"Gross domestic product, per capita",_Z,Not applicable,_Z,Not applicable,_Z,Not applicable,USD_PPP_PS,"US dollars per person, PPP converted",LR,Chain linked volume (rebased),LA,Annual levels,T0102,Table 0102 - GDP identity from the expenditure side,2017-Q2,,62938.1,,2020,,,,F,Free (free for publication),1,One,A,Normal value,0,Units,USD,US dollar
DATAFLOW,OECD.SDD.NAD:DSD_NAMAIN1@DF_QNA_EXPENDITURE_CAPITA(1.1),Quarterly GDP per capita,I,Q,Quarterly,Y,Calendar and seasonally adjusted,GBR,United Kingdom,S1,Total economy,S1,Total economy,B1GQ_POP,"Gross domestic product, per capita",_Z,Not applicable,_Z,Not applicable,_Z,Not applicable,USD_PPP_PS,"US dollars per person, PPP converted",LR,Chain linked volume (rebased),LA,Annual levels,T0102,Table 0102 - GDP identity from the expenditure side,2013-Q1,,48968.4,,2020,,,,F,Free (free for publication),1,One,A,Normal value,0,Units,USD,US dollar
DATAFLOW,OECD.SDD.NAD:DSD_NAMAIN1@DF_QNA_EXPENDITURE_CAPITA(1.1),Quarterly GDP per capita,I,Q,Quarterly,Y,Calendar and seasonally adjusted,GBR,United Kingdom,S1,Total economy,S1,Total economy,B1GQ_POP,"Gross domestic product, per capita",_Z,Not applicable,_Z,Not applicable,_Z,Not applicable,USD_PPP_PS,"US dollars per person, PPP converted",LR,Chain linked volume (rebased),LA,Annual levels,T0102,Table 0102 - GDP identity from the expenditure side,2012-Q4,,48920.6,,2020,,,,F,Free (free for publication),1,One,A,Normal value,0,Units,USD,US dollar
DATAFLOW,OECD.SDD.NAD:DSD_NAMAIN1@DF_QNA_EXPENDITURE_CAPITA(1.1),Quarterly GDP per capita,I,Q,Quarterly,Y,Calendar and seasonally adjusted,GBR,United Kingdom,S1,Total economy,S1,Total economy,B1GQ_POP,"Gross domestic product, per capita",_Z,Not applicable,_Z,Not applicable,_Z,Not applicable,USD_PPP_PS,"US dollars per person, PPP converted",LR,Chain linked volume (rebased),LA,Annual levels,T0102,Table 0102 - GDP identity from the expenditure side,2012-Q3,,49073.5,,2020,,,,F,Free (free for publication),1,One,A,Normal value,0,Units,USD,US dollar
DATAFLOW,OECD.SDD.NAD:DSD_NAMAIN1@DF_QNA_EXPENDITURE_CAPITA(1.1),Quarterly GDP per capita,I,Q,Quarterly,Y,Calendar and seasonally adjusted,GBR,United Kingdom,S1,Total economy,S1,Total economy,B1GQ_POP,"Gross domestic product, per capita",_Z,Not applicable,_Z,Not applicable,_Z,Not applicable,USD_PPP_PS,"US dollars per person, PPP converted",LR,Chain linked volume (rebased),LA,Annual levels,T0102,Table 0102 - GDP identity from the expenditure side,2011-Q3,,48425.1,,2020,,,,F,Free (free for publication),1,One,A,Normal value,0,Units,USD,US dollar
DATAFLOW,OECD.SDD.NAD:DSD_NAMAIN1@DF_QNA_EXPENDITURE_CAPITA(1.1),Quarterly GDP per capita,I,Q,Quarterly,Y,Calendar and seasonally adjusted,DEU,Germany,S1,Total economy,S1,Total economy,B1GQ_POP,"Gross domestic product, per capita",_Z,Not applicable,_Z,Not applicable,_Z,Not applicable,USD_PPP_PS,"US dollars per person, PPP converted",LR,Chain linked volume (rebased),LA,Annual levels,T0102,Table 0102 - GDP identity from the expenditure side,2010-Q3,,54729,,2020,,,,F,Free (free for publication),1,One,A,Normal value,0,Units,USD,US dollar
DATAFLOW,OECD.SDD.NAD:DSD_NAMAIN1@DF_QNA_EXPENDITURE_CAPITA(1.1),Quarterly GDP per capita,I,Q,Quarterly,Y,Calendar and seasonally adjusted,DEU,Germany,S1,Total economy,S1,Total economy,B1GQ_POP,"Gross domestic product, per capita",_Z,Not applicable,_Z,Not applicable,_Z,Not applicable,USD_PPP_PS,"US dollars per person, PPP converted",LR,Chain linked volume (rebased),LA,Annual levels,T0102,Table 0102 - GDP identity from the expenditure side,2016-Q1,,58979.7,,2020,,,,F,Free (free for publication),1,One,A,Normal value,0,Units,USD,US dollar
DATAFLOW,OECD.SDD.NAD:DSD_NAMAIN1@DF_QNA_EXPENDITURE_CAPITA(1.1),Quarterly GDP per capita,I,Q,Quarterly,Y,Calendar and seasonally adjusted,USA,United States,S1,Total economy,S1,Total economy,B1GQ_POP,"Gross domestic product, per capita",_Z,Not applicable,_Z,Not applicable,_Z,Not applicable,USD_PPP_PS,"US dollars per person, PPP converted",LR,Chain linked volume (rebased),LA,Annual levels,T0102,Table 0102 - GDP identity from the expenditure side,2017-Q1,,62683.9,,2020,,,,F,Free (free for publication),1,One,A,Normal value,0,Units,USD,US dollar
DATAFLOW,OECD.SDD.NAD:DSD_NAMAIN1@DF_QNA_EXPENDITURE_CAPITA(1.1),Quarterly GDP per capita,I,Q,Quarterly,Y,Calendar and seasonally adjusted,GBR,United Kingdom,S1,Total economy,S1,Total economy,B1GQ_POP,"Gross domestic product, per capita",_Z,Not applicable,_Z,Not applicable,_Z,Not applicable,USD_PPP_PS,"US dollars per person, PPP converted",LR,Chain linked volume (rebased),LA,Annual levels,T0102,Table 0102 - GDP identity from the expenditure side,2015-Q2,,51175.8,,2020,,,,F,Free (free for publication),1,One,A,Normal value,0,Units,USD,US dollar
DATAFLOW,OECD.SDD.NAD:DSD_NAMAIN1@DF_QNA_EXPENDITURE_CAPITA(1.1),Quarterly GDP per capita,I,Q,Quarterly,Y,Calendar and seasonally adjusted,GBR,United Kingdom,S1,Total economy,S1,Total economy,B1GQ_POP,"Gross domestic product, per capita",_Z,Not applicable,_Z,Not applicable,_Z,Not applicable,USD_PPP_PS,"US dollars per person, PPP converted",LR,Chain linked volume (rebased),LA,Annual levels,T0102,Table 0102 - GDP identity from the expenditure side,2015-Q1,,51035,,2020,,,,F,Free (free for publication),1,One,A,Normal value,0,Units,USD,US dollar
DATAFLOW,OECD.SDD.NAD:DSD_NAMAIN1@DF_QNA_EXPENDITURE_CAPITA(1.1),Quarterly GDP per capita,I,Q,Quarterly,Y,Calendar and seasonally adjusted,GBR,United Kingdom,S1,Total economy,S1,Total economy,B1GQ_POP,"Gross domestic product, per capita",_Z,Not applicable,_Z,Not applicable,_Z,Not applicable,USD_PPP_PS,"US dollars per person, PPP converted",LR,Chain linked volume (rebased),LA,Annual levels,T0102,Table 0102 - GDP identity from the expenditure side,2014-Q4,,50972.3,,2020,,,,F,Free (free for publication),1,One,A,Normal value,0,Units,USD,US dollar
DATAFLOW,OECD.SDD.NAD:DSD_NAMAIN1@DF_QNA_EXPENDITURE_CAPITA(1.1),Quarterly GDP per capita,I,Q,Quarterly,Y,Calendar and seasonally adjusted,GBR,United Kingdom,S1,Total economy,S1,Total economy,B1GQ_POP,"Gross domestic product, per capita",_Z,Not applicable,_Z,Not applicable,_Z,Not applicable,USD_PPP_PS,"US dollars per person, PPP converted",LR,Chain linked volume (rebased),LA,Annual levels,T0102,Table 0102 - GDP identity from the expenditure side,2019-Q1,,54086.6,,2020,,,,F,Free (free for publication),1,One,A,Normal value,0,Units,USD,US dollar
DATAFLOW,OECD.SDD.NAD:DSD_NAMAIN1@DF_QNA_EXPENDITURE_CAPITA(1.1),Quarterly GDP per capita,I,Q,Quarterly,Y,Calendar and seasonally adjusted,GBR,United Kingdom,S1,Total economy,S1,Total economy,B1GQ_POP,"Gross domestic product, per capita",_Z,Not applicable,_Z,Not applicable,_Z,Not applicable,USD_PPP_PS,"US dollars per person, PPP converted",LR,Chain linked volume (rebased),LA,Annual levels,T0102,Table 0102 - GDP identity from the expenditure side,2018-Q4,,53884.3,,2020,,,,F,Free (free for publication),1,One,A,Normal value,0,Units,USD,US dollar
DATAFLOW,OECD.SDD.NAD:DSD_NAMAIN1@DF_QNA_EXPENDITURE_CAPITA(1.1),Quarterly GDP per capita,I,Q,Quarterly,Y,Calendar and seasonally adjusted,GBR,United Kingdom,S1,Total economy,S1,Total economy,B1GQ_POP,"Gross domestic product, per capita",_Z,Not applicable,_Z,Not applicable,_Z,Not applicable,USD_PPP_PS,"US dollars per person, PPP converted",LR,Chain linked volume (rebased),LA,Annual levels,T0102,Table 0102 - GDP identity from the expenditure side,2018-Q3,,53883.4,,2020,,,,F,Free (free for publication),1,One,A,Normal value,0,Units,USD,US dollar
DATAFLOW,OECD.SDD.NAD:DSD_NAMAIN1@DF_QNA_EXPENDITURE_CAPITA(1.1),Quarterly GDP per capita,I,Q,Quarterly,Y,Calendar and seasonally adjusted,DEU,Germany,S1,Total economy,S1,Total economy,B1GQ_POP,"Gross domestic product, per capita",_Z,Not applicable,_Z,Not applicable,_Z,Not applicable,USD_PPP_PS,"US dollars per person, PPP converted",LR,Chain linked volume (rebased),LA,Annual levels,T0102,Table 0102 - GDP identity from the expenditure side,2023-Q3,,61495.7,,2020,,,,F,Free (free for publication),1,One,P,Provisional value,0,Units,USD,US dollar
DATAFLOW,OECD.SDD.NAD:DSD_NAMAIN1@DF_QNA_EXPENDITURE_CAPITA(1.1),Quarterly GDP per capita,I,Q,Quarterly,Y,Calendar and seasonally adjusted,DEU,Germany,S1,Total economy,S1,Total economy,B1GQ_POP,"Gross domestic product, per capita",_Z,Not applicable,_Z,Not applicable,_Z,Not applicable,USD_PPP_PS,"US dollars per person, PPP converted",LR,Chain linked volume (rebased),LA,Annual levels,T0102,Table 0102 - GDP identity from the expenditure side,2025-Q1,,61243.2,,2020,,,,F,Free (free for publication),1,One,P,Provisional value,0,Units,USD,US dollar
DATAFLOW,OECD.SDD.NAD:DSD_NAMAIN1@DF_QNA_EXPENDITURE_CAPITA(1.1),Quarterly GDP per capita,I,Q,Quarterly,Y,Calendar and seasonally adjusted,DEU,Germany,S1,Total economy,S1,Total economy,B1GQ_POP,"Gross domestic product, per capita",_Z,Not applicable,_Z,Not applicable,_Z,Not applicable,USD_PPP_PS,"US dollars per person, PPP converted",LR,Chain linked volume (rebased),LA,Annual levels,T0102,Table 0102 - GDP identity from the expenditure side,2024-Q4,,61049.6,,2020,,,,F,Free (free for publication),1,One,P,Provisional value,0,Units,USD,US dollar
DATAFLOW,OECD.SDD.NAD:DSD_NAMAIN1@DF_QNA_EXPENDITURE_CAPITA(1.1),Quarterly GDP per capita,I,Q,Quarterly,Y,Calendar and seasonally adjusted,DEU,Germany,S1,Total economy,S1,Total economy,B1GQ_POP,"Gross domestic product, per capita",_Z,Not applicable,_Z,Not applicable,_Z,Not applicable,USD_PPP_PS,"US dollars per person, PPP converted",LR,Chain linked volume (rebased),LA,Annual levels,T0102,Table 0102 - GDP identity from the expenditure side,2024-Q3,,60955.4,,2020,,,,F,Free (free for publication),1,One,P,Provisional value,0,Units,USD,US dollar
DATAFLOW,OECD.SDD.NAD:DSD_NAMAIN1@DF_QNA_EXPENDITURE_CAPITA(1.1),Quarterly GDP per capita,I,Q,Quarterly,Y,Calendar and seasonally adjusted,DEU,Germany,S1,Total economy,S1,Total economy,B1GQ_POP,"Gross domestic product, per capita",_Z,Not applicable,_Z,Not applicable,_Z,Not applicable,USD_PPP_PS,"US dollars per person, PPP converted",LR,Chain linked volume (rebased),LA,Annual levels,T0102,Table 0102 - GDP identity from the expenditure side,2023-Q2,,61560.8,,2020,,,,F,Free (free for publication),1,One,P,Provisional value,0,Units,USD,US dollar
DATAFLOW,OECD.SDD.NAD:DSD_NAMAIN1@DF_QNA_EXPENDITURE_CAPITA(1.1),Quarterly GDP per capita,I,Q,Quarterly,Y,Calendar and seasonally adjusted,DEU,Germany,S1,Total economy,S1,Total economy,B1GQ_POP,"Gross domestic product, per capita",_Z,Not applicable,_Z,Not applicable,_Z,Not applicable,USD_PPP_PS,"US dollars per person, PPP converted",LR,Chain linked volume (rebased),LA,Annual levels,T0102,Table 0102 - GDP identity from the expenditure side,2023-Q1,,61655.8,,2020,,,,F,Free (free for publication),1,One,P,Provisional value,0,Units,USD,US dollar
DATAFLOW,OECD.SDD.NAD:DSD_NAMAIN1@DF_QNA_EXPENDITURE_CAPITA(1.1),Quarterly GDP per capita,I,Q,Quarterly,Y,Calendar and seasonally adjusted,DEU,Germany,S1,Total economy,S1,Total economy,B1GQ_POP,"Gross domestic product, per capita",_Z,Not applicable,_Z,Not applicable,_Z,Not applicable,USD_PPP_PS,"US dollars per person, PPP converted",LR,Chain linked volume (rebased),LA,Annual levels,T0102,Table 0102 - GDP identity from the expenditure side,2022-Q4,,62123.4,,2020,,,,F,Free (free for publication),1,One,P,Provisional value,0,Units,USD,US dollar
DATAFLOW,OECD.SDD.NAD:DSD_NAMAIN1@DF_QNA_EXPENDITURE_CAPITA(1.1),Quarterly GDP per capita,I,Q,Quarterly,Y,Calendar and seasonally adjusted,DEU,Germany,S1,Total economy,S1,Total economy,B1GQ_POP,"Gross domestic product, per capita",_Z,Not applicable,_Z,Not applicable,_Z,Not applicable,USD_PPP_PS,"US dollars per person, PPP converted",LR,Chain linked volume (rebased),LA,Annual levels,T0102,Table 0102 - GDP identity from the expenditure side,2022-Q3,,62464,,2020,,,,F,Free (free for publication),1,One,P,Provisional value,0,Units,USD,US dollar
DATAFLOW,OECD.SDD.NAD:DSD_NAMAIN1@DF_QNA_EXPENDITURE_CAPITA(1.1),Quarterly GDP per capita,I,Q,Quarterly,Y,Calendar and seasonally adjusted,DEU,Germany,S1,Total economy,S1,Total economy,B1GQ_POP,"Gross domestic product, per capita",_Z,Not applicable,_Z,Not applicable,_Z,Not applicable,USD_PPP_PS,"US dollars per person, PPP converted",LR,Chain linked volume (rebased),LA,Annual levels,T0102,Table 0102 - GDP identity from the expenditure side,2022-Q2,,62462.3,,2020,,,,F,Free (free for publication),1,One,P,Provisional value,0,Units,USD,US dollar
DATAFLOW,OECD.SDD.NAD:DSD_NAMAIN1@DF_QNA_EXPENDITURE_CAPITA(1.1),Quarterly GDP per capita,I,Q,Quarterly,Y,Calendar and seasonally adjusted,DEU,Germany,S1,Total economy,S1,Total economy,B1GQ_POP,"Gross domestic product, per capita",_Z,Not applicable,_Z,Not applicable,_Z,Not applicable,USD_PPP_PS,"US dollars per person, PPP converted",LR,Chain linked volume (rebased),LA,Annual levels,T0102,Table 0102 - GDP identity from the expenditure side,2022-Q1,,62851.2,,2020,,,,F,Free (free for publication),1,One,P,Provisional value,0,Units,USD,US dollar
DATAFLOW,OECD.SDD.NAD:DSD_NAMAIN1@DF_QNA_EXPENDITURE_CAPITA(1.1),Quarterly GDP per capita,I,Q,Quarterly,Y,Calendar and seasonally adjusted,DEU,Germany,S1,Total economy,S1,Total economy,B1GQ_POP,"Gross domestic product, per capita",_Z,Not applicable,_Z,Not applicable,_Z,Not applicable,USD_PPP_PS,"US dollars per person, PPP converted",LR,Chain linked volume (rebased),LA,Annual levels,T0102,Table 0102 - GDP identity from the expenditure side,2025-Q3,,61154.9,,2020,,,,F,Free (free for publication),1,One,P,Provisional value,0,Units,USD,US dollar
DATAFLOW,OECD.SDD.NAD:DSD_NAMAIN1@DF_QNA_EXPENDITURE_CAPITA(1.1),Quarterly GDP per capita,I,Q,Quarterly,Y,Calendar and seasonally adjusted,DEU,Germany,S1,Total economy,S1,Total economy,B1GQ_POP,"Gross domestic product, per capita",_Z,Not applicable,_Z,Not applicable,_Z,Not applicable,USD_PPP_PS,"US dollars per person, PPP converted",LR,Chain linked volume (rebased),LA,Annual levels,T0102,Table 0102 - GDP identity from the expenditure side,2025-Q2,,61135.1,,2020,,,,F,Free (free for publication),1,One,P,Provisional value,0,Units,USD,US dollar
DATAFLOW,OECD.SDD.NAD:DSD_NAMAIN1@DF_QNA_EXPENDITURE_CAPITA(1.1),Quarterly GDP per capita,I,Q,Quarterly,Y,Calendar and seasonally adjusted,JPN,Japan,S1,Total economy,S1,Total economy,B1GQ_POP,"Gross domestic product, per capita",_Z,Not applicable,_Z,Not applicable,_Z,Not applicable,USD_PPP_PS,"US dollars per person, PPP converted",LR,Chain linked volume (rebased),LA,Annual levels,T0102,Table 0102 - GDP identity from the expenditure side,2025-Q2,,46296.6,,2020,,,,F,Free (free for publication),1,One,P,Provisional value,0,Units,USD,US dollar
DATAFLOW,OECD.SDD.NAD:DSD_NAMAIN1@DF_QNA_EXPENDITURE_CAPITA(1.1),Quarterly GDP per capita,I,Q,Quarterly,Y,Calendar and seasonally adjusted,JPN,Japan,S1,Total economy,S1,Total economy,B1GQ_POP,"Gross domestic product, per capita",_Z,Not applicable,_Z,Not applicable,_Z,Not applicable,USD_PPP_PS,"US dollars per person, PPP converted",LR,Chain linked volume (rebased),LA,Annual levels,T0102,Table 0102 - GDP identity from the expenditure side,2025-Q1,,45999.1,,2020,,,,F,Free (free for publication),1,One,P,Provisional value,0,Units,USD,US dollar
DATAFLOW,OECD.SDD.NAD:DSD_NAMAIN1@DF_QNA_EXPENDITURE_CAPITA(1.1),Quarterly GDP per capita,I,Q,Quarterly,Y,Calendar and seasonally adjusted,JPN,Japan,S1,Total economy,S1,Total economy,B1GQ_POP,"Gross domestic product, per capita",_Z,Not applicable,_Z,Not applicable,_Z,Not applicable,USD_PPP_PS,"US dollars per person, PPP converted",LR,Chain linked volume (rebased),LA,Annual levels,T0102,Table 0102 - GDP identity from the expenditure side,2024-Q3,,45416.7,,2020,,,,F,Free (free for publication),1,One,P,Provisional value,0,Units,USD,US dollar
DATAFLOW,OECD.SDD.NAD:DSD_NAMAIN1@DF_QNA_EXPENDITURE_CAPITA(1.1),Quarterly GDP per capita,I,Q,Quarterly,Y,Calendar and seasonally adjusted,DEU,Germany,S1,Total economy,S1,Total economy,B1GQ_POP,"Gross domestic product, per capita",_Z,Not applicable,_Z,Not applicable,_Z,Not applicable,USD_PPP_PS,"US dollars per person, PPP converted",LR,Chain linked volume (rebased),LA,Annual levels,T0102,Table 0102 - GDP identity from the expenditure side,2024-Q2,,60960.5,,2020,,,,F,Free (free for publication),1,One,P,Provisional value,0,Units,USD,US dollar
DATAFLOW,OECD.SDD.NAD:DSD_NAMAIN1@DF_QNA_EXPENDITURE_CAPITA(1.1),Quarterly GDP per capita,I,Q,Quarterly,Y,Calendar and seasonally adjusted,DEU,Germany,S1,Total economy,S1,Total economy,B1GQ_POP,"Gross domestic product, per capita",_Z,Not applicable,_Z,Not applicable,_Z,Not applicable,USD_PPP_PS,"US dollars per person, PPP converted",LR,Chain linked volume (rebased),LA,Annual levels,T0102,Table 0102 - GDP identity from the expenditure side,2024-Q1,,61152.7,,2020,,,,F,Free (free for publication),1,One,P,Provisional value,0,Units,USD,US dollar
DATAFLOW,OECD.SDD.NAD:DSD_NAMAIN1@DF_QNA_EXPENDITURE_CAPITA(1.1),Quarterly GDP per capita,I,Q,Quarterly,Y,Calendar and seasonally adjusted,GBR,United Kingdom,S1,Total economy,S1,Total economy,B1GQ_POP,"Gross domestic product, per capita",_Z,Not applicable,_Z,Not applicable,_Z,Not applicable,USD_PPP_PS,"US dollars per person, PPP converted",LR,Chain linked volume (rebased),LA,Annual levels,T0102,Table 0102 - GDP identity from the expenditure side,2018-Q2,,53782,,2020,,,,F,Free (free for publication),1,One,A,Normal value,0,Units,USD,US dollar
DATAFLOW,OECD.SDD.NAD:DSD_NAMAIN1@DF_QNA_EXPENDITURE_CAPITA(1.1),Quarterly GDP per capita,I,Q,Quarterly,Y,Calendar and seasonally adjusted,DEU,Germany,S1,Total economy,S1,Total economy,B1GQ_POP,"Gross domestic product, per capita",_Z,Not applicable,_Z,Not applicable,_Z,Not applicable,USD_PPP_PS,"US dollars per person, PPP converted",LR,Chain linked volume (rebased),LA,Annual levels,T0102,Table 0102 - GDP identity from the expenditure side,2023-Q4,,61241.3,,2020,,,,F,Free (free for publication),1,One,P,Provisional value,0,Units,USD,US dollar
DATAFLOW,OECD.SDD.NAD:DSD_NAMAIN1@DF_QNA_EXPENDITURE_CAPITA(1.1),Quarterly GDP per capita,I,Q,Quarterly,Y,Calendar and seasonally adjusted,JPN,Japan,S1,Total economy,S1,Total economy,B1GQ_POP,"Gross domestic product, per capita",_Z,Not applicable,_Z,Not applicable,_Z,Not applicable,USD_PPP_PS,"US dollars per person, PPP converted",LR,Chain linked volume (rebased),LA,Annual levels,T0102,Table 0102 - GDP identity from the expenditure side,2013-Q3,,42311.8,,2020,,,,F,Free (free for publication),1,One,A,Normal value,0,Units,USD,US dollar
DATAFLOW,OECD.SDD.NAD:DSD_NAMAIN1@DF_QNA_EXPENDITURE_CAPITA(1.1),Quarterly GDP per capita,I,Q,Quarterly,Y,Calendar and seasonally adjusted,JPN,Japan,S1,Total economy,S1,Total economy,B1GQ_POP,"Gross domestic product, per capita",_Z,Not applicable,_Z,Not applicable,_Z,Not applicable,USD_PPP_PS,"US dollars per person, PPP converted",LR,Chain linked volume (rebased),LA,Annual levels,T0102,Table 0102 - GDP identity from the expenditure side,2013-Q2,,41891.8,,2020,,,,F,Free (free for publication),1,One,A,Normal value,0,Units,USD,US dollar
DATAFLOW,OECD.SDD.NAD:DSD_NAMAIN1@DF_QNA_EXPENDITURE_CAPITA(1.1),Quarterly GDP per capita,I,Q,Quarterly,Y,Calendar and seasonally adjusted,JPN,Japan,S1,Total economy,S1,Total economy,B1GQ_POP,"Gross domestic product, per capita",_Z,Not applicable,_Z,Not applicable,_Z,Not applicable,USD_PPP_PS,"US dollars per person, PPP converted",LR,Chain linked volume (rebased),LA,Annual levels,T0102,Table 0102 - GDP identity from the expenditure side,2013-Q1,,41502.1,,2020,,,,F,Free (free for publication),1,One,A,Normal value,0,Units,USD,US dollar
DATAFLOW,OECD.SDD.NAD:DSD_NAMAIN1@DF_QNA_EXPENDITURE_CAPITA(1.1),Quarterly GDP per capita,I,Q,Quarterly,Y,Calendar and seasonally adjusted,JPN,Japan,S1,Total economy,S1,Total economy,B1GQ_POP,"Gross domestic product, per capita",_Z,Not applicable,_Z,Not applicable,_Z,Not applicable,USD_PPP_PS,"US dollars per person, PPP converted",LR,Chain linked volume (rebased),LA,Annual levels,T0102,Table 0102 - GDP identity from the expenditure side,2012-Q4,,40926.5,,2020,,,,F,Free (free for publication),1,One,A,Normal value,0,Units,USD,US dollar
DATAFLOW,OECD.SDD.NAD:DSD_NAMAIN1@DF_QNA_EXPENDITURE_CAPITA(1.1),Quarterly GDP per capita,I,Q,Quarterly,Y,Calendar and seasonally adjusted,JPN,Japan,S1,Total economy,S1,Total economy,B1GQ_POP,"Gross domestic product, per capita",_Z,Not applicable,_Z,Not applicable,_Z,Not applicable,USD_PPP_PS,"US dollars per person, PPP converted",LR,Chain linked volume (rebased),LA,Annual levels,T0102,Table 0102 - GDP identity from the expenditure side,2012-Q3,,40927.2,,2020,,,,F,Free (free for publication),1,One,A,Normal value,0,Units,USD,US dollar
DATAFLOW,OECD.SDD.NAD:DSD_NAMAIN1@DF_QNA_EXPENDITURE_CAPITA(1.1),Quarterly GDP per capita,I,Q,Quarterly,Y,Calendar and seasonally adjusted,GBR,United Kingdom,S1,Total economy,S1,Total economy,B1GQ_POP,"Gross domestic product, per capita",_Z,Not applicable,_Z,Not applicable,_Z,Not applicable,USD_PPP_PS,"US dollars per person, PPP converted",LR,Chain linked volume (rebased),LA,Annual levels,T0102,Table 0102 - GDP identity from the expenditure side,2011-Q1,,48545.8,,2020,,,,F,Free (free for publication),1,One,A,Normal value,0,Units,USD,US dollar
DATAFLOW,OECD.SDD.NAD:DSD_NAMAIN1@DF_QNA_EXPENDITURE_CAPITA(1.1),Quarterly GDP per capita,I,Q,Quarterly,Y,Calendar and seasonally adjusted,GBR,United Kingdom,S1,Total economy,S1,Total economy,B1GQ_POP,"Gross domestic product, per capita",_Z,Not applicable,_Z,Not applicable,_Z,Not applicable,USD_PPP_PS,"US dollars per person, PPP converted",LR,Chain linked volume (rebased),LA,Annual levels,T0102,Table 0102 - GDP identity from the expenditure side,2010-Q4,,48567.8,,2020,,,,F,Free (free for publication),1,One,A,Normal value,0,Units,USD,US dollar
