STRUCTURE,STRUCTURE_ID,STRUCTURE_NAME,ACTION,FREQ,Frequency of observation,ADJUSTMENT,Adjustment,REF_AREA,Reference area,SECTOR,Institutional sector,COUNTERPART_SECTOR,Counterpart institutional sector,TRANSACTION,Transaction,INSTR_ASSET,Financial instruments and non-financial assets,ACTIVITY,Economic activity,EXPENDITURE,Expenditure,UNIT_MEASURE,Unit of measure,PRICE_BASE,Price base,TRANSFORMATION,Transformation,TABLE_IDENTIFIER,Table identifier,TIME_PERIOD,Time period,OBS_VALUE,Observation value,REF_YEAR_PRICE,Price reference year,BASE_PER,Base period,CONF_STATUS,Confidentiality status,DECIMALS,Decimals,OBS_STATUS,Observation status,UNIT_MULT,Unit multiplier,CURRENCY,Currency
DATAFLOW,OECD.SDD.NAD:DSD_NAMAIN1@DF_QNA_EXPENDITURE_GROWTH_G20(1.1),Quarterly real GDP growth - G20 countries,I,Q,Quarterly,Y,Calendar and seasonally adjusted,GBR,United Kingdom,S1,Total economy,S1,Total economy,B1GQ,Gross domestic product,_Z,Not applicable,_Z,Not applicable,_Z,Not applicable,PC,Percentage change,L,Chain linked volume,G1,"Growth rate, period on period",T0102,Table 0102 - GDP identity from the expenditure side,2024-Q1,,0.832667277,,,,,,F,Free (free for publication),1,One,A,Normal value,0,Units,_Z,Not applicable
DATAFLOW,OECD.SDD.NAD:DSD_NAMAIN1@DF_QNA_EXPENDITURE_GROWTH_G20(1.1),Quarterly real GDP growth - G20 countries,I,Q,Quarterly,Y,Calendar and seasonally adjusted,GBR,United Kingdom,S1,Total economy,S1,Total economy,B1GQ,Gross domestic product,_Z,Not applicable,_Z,Not applicable,_Z,Not applicable,PC,Percentage change,L,Chain linked volume,G1,"Growth rate, period on period",T0102,Table 0102 - GDP identity from the expenditure side,2024-Q2,,0.613449013,,,,,,F,Free (free for publication),1,One,A,Normal value,0,Units,_Z,Not applicable
DATAFLOW,OECD.SDD.NAD:DSD_NAMAIN1@DF_QNA_EXPENDITURE_GROWTH_G20(1.1),Quarterly real GDP growth - G20 countries,I,Q,Quarterly,Y,Calendar and seasonally adjusted,GBR,United Kingdom,S1,Total economy,S1,Total economy,B1GQ,Gross domestic product,_Z,Not applicable,_Z,Not applicable,_Z,Not applicable,PC,Percentage change,L,Chain linked volume,G1,"Growth rate, period on period",T0102,Table 0102 - GDP identity from the expenditure side,2024-Q3,,0.240088099,,,,,,F,Free (free for publication),1,One,A,Normal value,0,Units,_Z,Not applicable
DATAFLOW,OECD.SDD.NAD:DSD_NAMAIN1@DF_QNA_EXPENDITURE_GROWTH_G20(1.1),Quarterly real GDP growth - G20 countries,I,Q,Quarterly,Y,Calendar and seasonally adjusted,GBR,United Kingdom,S1,Total economy,S1,Total economy,B1GQ,Gross domestic product,_Z,Not applicable,_Z,Not applicable,_Z,Not applicable,PC,Percentage change,L,Chain linked volume,G1,"Growth rate, period on period",T0102,Table 0102 - GDP identity from the expenditure side,2024-Q4,,0.238652531,,,,,,F,Free (free for publication),1,One,A,Normal value,0,Units,_Z,Not applicable
DATAFLOW,OECD.SDD.NAD:DSD_NAMAIN1@DF_QNA_EXPENDITURE_GROWTH_G20(1.1),Quarterly real GDP growth - G20 countries,I,Q,Quarterly,Y,Calendar and seasonally adjusted,GBR,United Kingdom,S1,Total economy,S1,Total economy,B1GQ,Gross domestic product,_Z,Not applicable,_Z,Not applicable,_Z,Not applicable,PC,Percentage change,L,Chain linked volume,G1,"Growth rate, period on period",T0102,Table 0102 - GDP identity from the expenditure side,2025-Q1,,0.661027425,,,,,,F,Free (free for publication),1,One,A,Normal value,0,Units,_Z,Not applicable
DATAFLOW,OECD.SDD.NAD:DSD_NAMAIN1@DF_QNA_EXPENDITURE_GROWTH_G20(1.1),Quarterly real GDP growth - G20 countries,I,Q,Quarterly,Y,Calendar and seasonally adjusted,GBR,United Kingdom,S1,Total economy,S1,Total economy,B1GQ,Gross domestic product,_Z,Not applicable,_Z,Not applicable,_Z,Not applicable,PC,Percentage change,L,Chain linked volume,G1,"Growth rate, period on period",T0102,Table 0102 - GDP identity from the expenditure side,2025-Q2,,0.277741453,,,,,,F,Free (free for publication),1,One,A,Normal value,0,Units,_Z,Not applicable
DATAFLOW,OECD.SDD.NAD:DSD_NAMAIN1@DF_QNA_EXPENDITURE_GROWTH_G20(1.1),Quarterly real GDP growth - G20 countries,I,Q,Quarterly,Y,Calendar and seasonally adjusted,GBR,United Kingdom,S1,Total economy,S1,Total economy,B1GQ,Gross domestic product,_Z,Not applicable,_Z,Not applicable,_Z,Not applicable,PC,Percentage change,L,Chain linked volume,G1,"Growth rate, period on period",T0102,Table 0102 - GDP identity from the expenditure side,2025-Q3,,0.081645844,,,,,,F,Free (free for publication),1,One,A,Normal value,0,Units,_Z,Not applicable
DATAFLOW,OECD.SDD.NAD:DSD_NAMAIN1@DF_QNA_EXPENDITURE_GROWTH_G20(1.1),Quarterly real GDP growth - G20 countries,I,Q,Quarterly,Y,Calendar and seasonally adjusted,GBR,United Kingdom,S1,Total economy,S1,Total economy,B1GQ,Gross domestic product,_Z,Not applicable,_Z,Not applicable,_Z,Not applicable,PC,Percentage change,L,Chain linked volume,G1,"Growth rate, period on period",T0102,Table 0102 - GDP identity from the expenditure side,2010-Q1,,0.839723453,,,,,,F,Free (free for publication),1,One,A,Normal value,0,Units,_Z,Not applicable
DATAFLOW,OECD.SDD.NAD:DSD_NAMAIN1@DF_QNA_EXPENDITURE_GROWTH_G20(1.1),Quarterly real GDP growth - G20 countries,I,Q,Quarterly,Y,Calendar and seasonally adjusted,GBR,United Kingdom,S1,Total economy,S1,Total economy,B1GQ,Gross domestic product,_Z,Not applicable,_Z,Not applicable,_Z,Not applicable,PC,Percentage change,L,Chain linked volume,G1,"Growth rate, period on period",T0102,Table 0102 - GDP identity from the expenditure side,2010-Q2,,1.142262078,,,,,,F,Free (free for publication),1,One,A,Normal value,0,Units,_Z,Not applicable
DATAFLOW,OECD.SDD.NAD:DSD_NAMAIN1@DF_QNA_EXPENDITURE_GROWTH_G20(1.1),Quarterly real GDP growth - G20 countries,I,Q,Quarterly,Y,Calendar and seasonally adjusted,GBR,United Kingdom,S1,Total economy,S1,Total economy,B1GQ,Gross domestic product,_Z,Not applicable,_Z,Not applicable,_Z,Not applicable,PC,Percentage change,L,Chain linked volume,G1,"Growth rate, period on period",T0102,Table 0102 - GDP identity from the expenditure side,2010-Q3,,0.587886968,,,,,,F,Free (free for publication),1,One,A,Normal value,0,Units,_Z,Not applicable
DATAFLOW,OECD.SDD.NAD:DSD_NAMAIN1@DF_QNA_EXPENDITURE_GROWTH_G20(1.1),Quarterly real GDP growth - G20 countries,I,Q,Quarterly,Y,Calendar and seasonally adjusted,GBR,United Kingdom,S1,Total economy,S1,Total economy,B1GQ,Gross domestic product,_Z,Not applicable,_Z,Not applicable,_Z,Not applicable,PC,Percentage change,L,Chain linked volume,G1,"Growth rate, period on period",T0102,Table 0102 - GDP identity from the expenditure side,2010-Q4,,0.050560497,,,,,,F,Free (free for publication),1,One,A,Normal value,0,Units,_Z,Not applicable
DATAFLOW,OECD.SDD.NAD:DSD_NAMAIN1@DF_QNA_EXPENDITURE_GROWTH_G20(1.1),Quarterly real GDP growth - G20 countries,I,Q,Quarterly,Y,Calendar and seasonally adjusted,GBR,United Kingdom,S1,Total economy,S1,Total economy,B1GQ,Gross domestic product,_Z,Not applicable,_Z,Not applicable,_Z,Not applicable,PC,Percentage change,L,Chain linked volume,G1,"Growth rate, period on period",T0102,Table 0102 - GDP identity from the expenditure side,2011-Q1,,0.163973531,,,,,,F,Free (free for publication),1,One,A,Normal value,0,Units,_Z,Not applicable
DATAFLOW,OECD.SDD.NAD:DSD_NAMAIN1@DF_QNA_EXPENDITURE_GROWTH_G20(1.1),Quarterly real GDP growth - G20 countries,I,Q,Quarterly,Y,Calendar and seasonally adjusted,GBR,United Kingdom,S1,Total economy,S1,Total economy,B1GQ,Gross domestic product,_Z,Not applicable,_Z,Not applicable,_Z,Not applicable,PC,Percentage change,L,Chain linked volume,G1,"Growth rate, period on period",T0102,Table 0102 - GDP identity from the expenditure side,2011-Q2,,-0.047982529,,,,,,F,Free (free for publication),1,One,A,Normal value,0,Units,_Z,Not applicable
DATAFLOW,OECD.SDD.NAD:DSD_NAMAIN1@DF_QNA_EXPENDITURE_GROWTH_G20(1.1),Quarterly real GDP growth - G20 countries,I,Q,Quarterly,Y,Calendar and seasonally adjusted,GBR,United Kingdom,S1,Total economy,S1,Total economy,B1GQ,Gross domestic product,_Z,Not applicable,_Z,Not applicable,_Z,Not applicable,PC,Percentage change,L,Chain linked volume,G1,"Growth rate, period on period",T0102,Table 0102 - GDP identity from the expenditure side,2011-Q3,,0.173843675,,,,,,F,Free (free for publication),1,One,A,Normal value,0,Units,_Z,Not applicable
DATAFLOW,OECD.SDD.NAD:DSD_NAMAIN1@DF_QNA_EXPENDITURE_GROWTH_G20(1.1),Quarterly real GDP growth - G20 countries,I,Q,Quarterly,Y,Calendar and seasonally adjusted,GBR,United Kingdom,S1,Total economy,S1,Total economy,B1GQ,Gross domestic product,_Z,Not applicable,_Z,Not applicable,_Z,Not applicable,PC,Percentage change,L,Chain linked volume,G1,"Growth rate, period on period",T0102,Table 0102 - GDP identity from the expenditure side,2011-Q4,,0.082806835,,,,,,F,Free (free for publication),1,One,A,Normal value,0,Units,_Z,Not applicable
DATAFLOW,OECD.SDD.NAD:DSD_NAMAIN1@DF_QNA_EXPENDITURE_GROWTH_G20(1.1),Quarterly real GDP growth - G20 countries,I,Q,Quarterly,Y,Calendar and seasonally adjusted,GBR,United Kingdom,S1,Total economy,S1,Total economy,B1GQ,Gross domestic product,_Z,Not applicable,_Z,Not applicable,_Z,Not applicable,PC,Percentage change,L,Chain linked volume,G1,"Growth rate, period on period",T0102,Table 0102 - GDP identity from the expenditure side,2012-Q1,,0.943568944,,,,,,F,Free (free for publication),1,One,A,Normal value,0,Units,_Z,Not applicable
DATAFLOW,OECD.SDD.NAD:DSD_NAMAIN1@DF_QNA_EXPENDITURE_GROWTH_G20(1.1),Quarterly real GDP growth - G20 countries,I,Q,Quarterly,Y,Calendar and seasonally adjusted,GBR,United Kingdom,S1,Total economy,S1,Total economy,B1GQ,Gross domestic product,_Z,Not applicable,_Z,Not applicable,_Z,Not applicable,PC,Percentage change,L,Chain linked volume,G1,"Growth rate, period on period",T0102,Table 0102 - GDP identity from the expenditure side,2012-Q2,,-0.053015612,,,,,,F,Free (free for publication),1,One,A,Normal value,0,Units,_Z,Not applicable
DATAFLOW,OECD.SDD.NAD:DSD_NAMAIN1@DF_QNA_EXPENDITURE_GROWTH_G20(1.1),Quarterly real GDP growth - G20 countries,I,Q,Quarterly,Y,Calendar and seasonally adjusted,GBR,United Kingdom,S1,Total economy,S1,Total economy,B1GQ,Gross domestic product,_Z,Not applicable,_Z,Not applicable,_Z,Not applicable,PC,Percentage change,L,Chain linked volume,G1,"Growth rate, period on period",T0102,Table 0102 - GDP identity from the expenditure side,2012-Q3,,1.036272142,,,,,,F,Free (free for publication),1,One,A,Normal value,0,Units,_Z,Not applicable
DATAFLOW,OECD.SDD.NAD:DSD_NAMAIN1@DF_QNA_EXPENDITURE_GROWTH_G20(1.1),Quarterly real GDP growth - G20 countries,I,Q,Quarterly,Y,Calendar and seasonally adjusted,GBR,United Kingdom,S1,Total economy,S1,Total economy,B1GQ,Gross domestic product,_Z,Not applicable,_Z,Not applicable,_Z,Not applicable,PC,Percentage change,L,Chain linked volume,G1,"Growth rate, period on period",T0102,Table 0102 - GDP identity from the expenditure side,2012-Q4,,-0.144374157,,,,,,F,Free (free for publication),1,One,A,Normal value,0,Units,_Z,Not applicable
DATAFLOW,OECD.SDD.NAD:DSD_NAMAIN1@DF_QNA_EXPENDITURE_GROWTH_G20(1.1),Quarterly real GDP growth - G20 countries,I,Q,Quarterly,Y,Calendar and seasonally adjusted,GBR,United Kingdom,S1,Total economy,S1,Total economy,B1GQ,Gross domestic product,_Z,Not applicable,_Z,Not applicable,_Z,Not applicable,PC,Percentage change,L,Chain linked volume,G1,"Growth rate, period on period",T0102,Table 0102 - GDP identity from the expenditure side,2013-Q1,,0.26529924,,,,,,F,Free (free for publication),1,One,A,Normal value,0,Units,_Z,Not applicable
DATAFLOW,OECD.SDD.NAD:DSD_NAMAIN1@DF_QNA_EXPENDITURE_GROWTH_G20(1.1),Quarterly real GDP growth - G20 countries,I,Q,Quarterly,Y,Calendar and seasonally adjusted,GBR,United Kingdom,S1,Total economy,S1,Total economy,B1GQ,Gross domestic product,_Z,Not applicable,_Z,Not applicable,_Z,Not applicable,PC,Percentage change,L,Chain linked volume,G1,"Growth rate, period on period",T0102,Table 0102 - GDP identity from the expenditure side,2013-Q2,,0.665115421,,,,,,F,Free (free for publication),1,One,A,Normal value,0,Units,_Z,Not applicable
DATAFLOW,OECD.SDD.NAD:DSD_NAMAIN1@DF_QNA_EXPENDITURE_GROWTH_G20(1.1),Quarterly real GDP growth - G20 countries,I,Q,Quarterly,Y,Calendar and seasonally adjusted,GBR,United Kingdom,S1,Total economy,S1,Total economy,B1GQ,Gross domestic product,_Z,Not applicable,_Z,Not applicable,_Z,Not applicable,PC,Percentage change,L,Chain linked volume,G1,"Growth rate, period on period",T0102,Table 0102 - GDP identity from the expenditure side,2013-Q3,,0.766100359,,,,,,F,Free (free for publication),1,One,A,Normal value,0,Units,_Z,Not applicable
DATAFLOW,OECD.SDD.NAD:DSD_NAMAIN1@DF_QNA_EXPENDITURE_GROWTH_G20(1.1),Quarterly real GDP growth - G20 countries,I,Q,Quarterly,Y,Calendar and seasonally adjusted,GBR,United Kingdom,S1,Total economy,S1,Total economy,B1GQ,Gross domestic product,_Z,Not applicable,_Z,Not applicable,_Z,Not applicable,PC,Percentage change,L,Chain linked volume,G1,"Growth rate, period on period",T0102,Table 0102 - GDP identity from the expenditure side,2013-Q4,,0.659438576,,,,,,F,Free (free for publication),1,One,A,Normal value,0,Units,_Z,Not applicable
DATAFLOW,OECD.SDD.NAD:DSD_NAMAIN1@DF_QNA_EXPENDITURE_GROWTH_G20(1.1),Quarterly real GDP growth - G20 countries,I,Q,Quarterly,Y,Calendar and seasonally adjusted,GBR,United Kingdom,S1,Total economy,S1,Total economy,B1GQ,Gross domestic product,_Z,Not applicable,_Z,Not applicable,_Z,Not applicable,PC,Percentage change,L,Chain linked volume,G1,"Growth rate, period on period",T0102,Table 0102 - GDP identity from the expenditure side,2014-Q1,,0.801075759,,,,,,F,Free (free for publication),1,One,A,Normal value,0,Units,_Z,Not applicable
DATAFLOW,OECD.SDD.NAD:DSD_NAMAIN1@DF_QNA_EXPENDITURE_GROWTH_G20(1.1),Quarterly real GDP growth - G20 countries,I,Q,Quarterly,Y,Calendar and seasonally adjusted,GBR,United Kingdom,S1,Total economy,S1,Total economy,B1GQ,Gross domestic product,_Z,Not applicable,_Z,Not applicable,_Z,Not applicable,PC,Percentage change,L,Chain linked volume,G1,"Growth rate, period on period",T0102,Table 0102 - GDP identity from the expenditure side,2014-Q2,,0.940847601,,,,,,F,Free (free for publication),1,One,A,Normal value,0,Units,_Z,Not applicable
DATAFLOW,OECD.SDD.NAD:DSD_NAMAIN1@DF_QNA_EXPENDITURE_GROWTH_G20(1.1),Quarterly real GDP growth - G20 countries,I,Q,Quarterly,Y,Calendar and seasonally adjusted,GBR,United Kingdom,S1,Total economy,S1,Total economy,B1GQ,Gross domestic product,_Z,Not applicable,_Z,Not applicable,_Z,Not applicable,PC,Percentage change,L,Chain linked volume,G1,"Growth rate, period on period",T0102,Table 0102 - GDP identity from the expenditure side,2014-Q3,,0.814032641,,,,,,F,Free (free for publication),1,One,A,Normal value,0,Units,_Z,Not applicable
DATAFLOW,OECD.SDD.NAD:DSD_NAMAIN1@DF_QNA_EXPENDITURE_GROWTH_G20(1.1),Quarterly real GDP growth - G20 countries,I,Q,Quarterly,Y,Calendar and seasonally adjusted,GBR,United Kingdom,S1,Total economy,S1,Total economy,B1GQ,Gross domestic product,_Z,Not applicable,_Z,Not applicable,_Z,Not applicable,PC,Percentage change,L,Chain linked volume,G1,"Growth rate, period on period",T0102,Table 0102 - GDP identity from the expenditure side,2014-Q4,,0.659900233,,,,,,F,Free (free for publication),1,One,A,Normal value,0,Units,_Z,Not applicable
DATAFLOW,OECD.SDD.NAD:DSD_NAMAIN1@DF_QNA_EXPENDITURE_GROWTH_G20(1.1),Quarterly real GDP growth - G20 countries,I,Q,Quarterly,Y,Calendar and seasonally adjusted,GBR,United Kingdom,S1,Total economy,S1,Total economy,B1GQ,Gross domestic product,_Z,Not applicable,_Z,Not applicable,_Z,Not applicable,PC,Percentage change,L,Chain linked volume,G1,"Growth rate, period on period",T0102,Table 0102 - GDP identity from the expenditure side,2015-Q1,,0.303654985,,,,,,F,Free (free for publication),1,One,A,Normal value,0,Units,_Z,Not applicable
DATAFLOW,OECD.SDD.NAD:DSD_NAMAIN1@DF_QNA_EXPENDITURE_GROWTH_G20(1.1),Quarterly real GDP growth - G20 countries,I,Q,Quarterly,Y,Calendar and seasonally adjusted,GBR,United Kingdom,S1,Total economy,S1,Total economy,B1GQ,Gross domestic product,_Z,Not applicable,_Z,Not applicable,_Z,Not applicable,PC,Percentage change,L,Chain linked volume,G1,"Growth rate, period on period",T0102,Table 0102 - GDP identity from the expenditure side,2015-Q2,,0.456550248,,,,,,F,Free (free for publication),1,One,A,Normal value,0,Units,_Z,Not applicable
DATAFLOW,OECD.SDD.NAD:DSD_NAMAIN1@DF_QNA_EXPENDITURE_GROWTH_G20(1.1),Quarterly real GDP growth - G20 countries,I,Q,Quarterly,Y,Calendar and seasonally adjusted,GBR,United Kingdom,S1,Total economy,S1,Total economy,B1GQ,Gross domestic product,_Z,Not applicable,_Z,Not applicable,_Z,Not applicable,PC,Percentage change,L,Chain linked volume,G1,"Growth rate, period on period",T0102,Table 0102 - GDP identity from the expenditure side,2015-Q3,,0.387741019,,,,,,F,Free (free for publication),1,One,A,Normal value,0,Units,_Z,Not applicable
DATAFLOW,OECD.SDD.NAD:DSD_NAMAIN1@DF_QNA_EXPENDITURE_GROWTH_G20(1.1),Quarterly real GDP growth - G20 countries,I,Q,Quarterly,Y,Calendar and seasonally adjusted,GBR,United Kingdom,S1,Total economy,S1,Total economy,B1GQ,Gross domestic product,_Z,Not applicable,_Z,Not applicable,_Z,Not applicable,PC,Percentage change,L,Chain linked volume,G1,"Growth rate, period on period",T0102,Table 0102 - GDP identity from the expenditure side,2015-Q4,,0.599259538,,,,,,F,Free (free for publication),1,One,A,Normal value,0,Units,_Z,Not applicable
DATAFLOW,OECD.SDD.NAD:DSD_NAMAIN1@DF_QNA_EXPENDITURE_GROWTH_G20(1.1),Quarterly real GDP growth - G20 countries,I,Q,Quarterly,Y,Calendar and seasonally adjusted,GBR,United Kingdom,S1,Total economy,S1,Total economy,B1GQ,Gross domestic product,_Z,Not applicable,_Z,Not applicable,_Z,Not applicable,PC,Percentage change,L,Chain linked volume,G1,"Growth rate, period on period",T0102,Table 0102 - GDP identity from the expenditure side,2016-Q1,,0.503402104,,,,,,F,Free (free for publication),1,One,A,Normal value,0,Units,_Z,Not applicable
DATAFLOW,OECD.SDD.NAD:DSD_NAMAIN1@DF_QNA_EXPENDITURE_GROWTH_G20(1.1),Quarterly real GDP growth - G20 countries,I,Q,Quarterly,Y,Calendar and seasonally adjusted,GBR,United Kingdom,S1,Total economy,S1,Total economy,B1GQ,Gross domestic product,_Z,Not applicable,_Z,Not applicable,_Z,Not applicable,PC,Percentage change,L,Chain linked volume,G1,"Growth rate, period on period",T0102,Table 0102 - GDP identity from the expenditure side,2016-Q2,,0.735563487,,,,,,F,Free (free for publication),1,One,A,Normal value,0,Units,_Z,Not applicable
DATAFLOW,OECD.SDD.NAD:DSD_NAMAIN1@DF_QNA_EXPENDITURE_GROWTH_G20(1.1),Quarterly real GDP growth - G20 countries,I,Q,Quarterly,Y,Calendar and seasonally adjusted,GBR,United Kingdom,S1,Total economy,S1,Total economy,B1GQ,Gross domestic product,_Z,Not applicable,_Z,Not applicable,_Z,Not applicable,PC,Percentage change,L,Chain linked volume,G1,"Growth rate, period on period",T0102,Table 0102 - GDP identity from the expenditure side,2016-Q3,,0.441482173,,,,,,F,Free (free for publication),1,One,A,Normal value,0,Units,_Z,Not applicable
DATAFLOW,OECD.SDD.NAD:DSD_NAMAIN1@DF_QNA_EXPENDITURE_GROWTH_G20(1.1),Quarterly real GDP growth - G20 countries,I,Q,Quarterly,Y,Calendar and seasonally adjusted,GBR,United Kingdom,S1,Total economy,S1,Total economy,B1GQ,Gross domestic product,_Z,Not applicable,_Z,Not applicable,_Z,Not applicable,PC,Percentage change,L,Chain linked volume,G1,"Growth rate, period on period",T0102,Table 0102 - GDP identity from the expenditure side,2016-Q4,,0.618994841,,,,,,F,Free (free for publication),1,One,A,Normal value,0,Units,_Z,Not applicable
DATAFLOW,OECD.SDD.NAD:DSD_NAMAIN1@DF_QNA_EXPENDITURE_GROWTH_G20(1.1),Quarterly real GDP growth - G20 countries,I,Q,Quarterly,Y,Calendar and seasonally adjusted,GBR,United Kingdom,S1,Total economy,S1,Total economy,B1GQ,Gross domestic product,_Z,Not applicable,_Z,Not applicable,_Z,Not applicable,PC,Percentage change,L,Chain linked volume,G1,"Growth rate, period on period",T0102,Table 0102 - GDP identity from the expenditure side,2017-Q1,,0.953971766,,,,,,F,Free (free for publication),1,One,A,Normal value,0,Units,_Z,Not applicable
DATAFLOW,OECD.SDD.NAD:DSD_NAMAIN1@DF_QNA_EXPENDITURE_GROWTH_G20(1.1),Quarterly real GDP growth - G20 countries,I,Q,Quarterly,Y,Calendar and seasonally adjusted,GBR,United Kingdom,S1,Total economy,S1,Total economy,B1GQ,Gross domestic product,_Z,Not applicable,_Z,Not applicable,_Z,Not applicable,PC,Percentage change,L,Chain linked volume,G1,"Growth rate, period on period",T0102,Table 0102 - GDP identity from the expenditure side,2017-Q2,,0.853123059,,,,,,F,Free (free for publication),1,One,A,Normal value,0,Units,_Z,Not applicable
DATAFLOW,OECD.SDD.NAD:DSD_NAMAIN1@DF_QNA_EXPENDITURE_GROWTH_G20(1.1),Quarterly real GDP growth - G20 countries,I,Q,Quarterly,Y,Calendar and seasonally adjusted,GBR,United Kingdom,S1,Total economy,S1,Total economy,B1GQ,Gross domestic product,_Z,Not applicable,_Z,Not applicable,_Z,Not applicable,PC,Percentage change,L,Chain linked volume,G1,"Growth rate, period on period",T0102,Table 0102 - GDP identity from the expenditure side,2017-Q3,,0.676756016,,,,,,F,Free (free for publication),1,One,A,Normal value,0,Units,_Z,Not applicable
DATAFLOW,OECD.SDD.NAD:DSD_NAMAIN1@DF_QNA_EXPENDITURE_GROWTH_G20(1.1),Quarterly real GDP growth - G20 countries,I,Q,Quarterly,Y,Calendar and seasonally adjusted,GBR,United Kingdom,S1,Total economy,S1,Total economy,B1GQ,Gross domestic product,_Z,Not applicable,_Z,Not applicable,_Z,Not applicable,PC,Percentage change,L,Chain linked volume,G1,"Growth rate, period on period",T0102,Table 0102 - GDP identity from the expenditure side,2017-Q4,,0.750541521,,,,,,F,Free (free for publication),1,One,A,Normal value,0,Units,_Z,Not applicable
DATAFLOW,OECD.SDD.NAD:DSD_NAMAIN1@DF_QNA_EXPENDITURE_GROWTH_G20(1.1),Quarterly real GDP growth - G20 countries,I,Q,Quarterly,Y,Calendar and seasonally adjusted,GBR,United Kingdom,S1,Total economy,S1,Total economy,B1GQ,Gross domestic product,_Z,Not applicable,_Z,Not applicable,_Z,Not applicable,PC,Percentage change,L,Chain linked volume,G1,"Growth rate, period on period",T0102,Table 0102 - GDP identity from the expenditure side,2018-Q1,,0.078511925,,,,,,F,Free (free for publication),1,One,A,Normal value,0,Units,_Z,Not applicable
DATAFLOW,OECD.SDD.NAD:DSD_NAMAIN1@DF_QNA_EXPENDITURE_GROWTH_G20(1.1),Quarterly real GDP growth - G20 countries,I,Q,Quarterly,Y,Calendar and seasonally adjusted,GBR,United Kingdom,S1,Total economy,S1,Total economy,B1GQ,Gross domestic product,_Z,Not applicable,_Z,Not applicable,_Z,Not applicable,PC,Percentage change,L,Chain linked volume,G1,"Growth rate, period on period",T0102,Table 0102 - GDP identity from the expenditure side,2018-Q2,,0.21756284,,,,,,F,Free (free for publication),1,One,A,Normal value,0,Units,_Z,Not applicable
DATAFLOW,OECD.SDD.NAD:DSD_NAMAIN1@DF_QNA_EXPENDITURE_GROWTH_G20(1.1),Quarterly real GDP growth - G20 countries,I,Q,Quarterly,Y,Calendar and seasonally adjusted,GBR,United Kingdom,S1,Total economy,S1,Total economy,B1GQ,Gross domestic product,_Z,Not applicable,_Z,Not applicable,_Z,Not applicable,PC,Percentage change,L,Chain linked volume,G1,"Growth rate, period on period",T0102,Table 0102 - GDP identity from the expenditure side,2018-Q3,,0.317064438,,,,,,F,Free (free for publication),1,One,A,Normal value,0,Units,_Z,Not applicable
DATAFLOW,OECD.SDD.NAD:DSD_NAMAIN1@DF_QNA_EXPENDITURE_GROWTH_G20(1.1),Quarterly real GDP growth - G20 countries,I,Q,Quarterly,Y,Calendar and seasonally adjusted,GBR,United Kingdom,S1,Total economy,S1,Total economy,B1GQ,Gross domestic product,_Z,Not applicable,_Z,Not applicable,_Z,Not applicable,PC,Percentage change,L,Chain linked volume,G1,"Growth rate, period on period",T0102,Table 0102 - GDP identity from the expenditure side,2018-Q4,,0.129751899,,,,,,F,Free (free for publication),1,One,A,Normal value,0,Units,_Z,Not applicable
DATAFLOW,OECD.SDD.NAD:DSD_NAMAIN1@DF_QNA_EXPENDITURE_GROWTH_G20(1.1),Quarterly real GDP growth - G20 countries,I,Q,Quarterly,Y,Calendar and seasonally adjusted,GBR,United Kingdom,S1,Total economy,S1,Total economy,B1GQ,Gross domestic product,_Z,Not applicable,_Z,Not applicable,_Z,Not applicable,PC,Percentage change,L,Chain linked volume,G1,"Growth rate, period on period",T0102,Table 0102 - GDP identity from the expenditure side,2019-Q1,,0.503836163,,,,,,F,Free (free for publication),1,One,A,Normal value,0,Units,_Z,Not applicable
DATAFLOW,OECD.SDD.NAD:DSD_NAMAIN1@DF_QNA_EXPENDITURE_GROWTH_G20(1.1),Quarterly real GDP growth - G20 countries,I,Q,Quarterly,Y,Calendar and seasonally adjusted,GBR,United Kingdom,S1,Total economy,S1,Total economy,B1GQ,Gross domestic product,_Z,Not applicable,_Z,Not applicable,_Z,Not applicable,PC,Percentage change,L,Chain linked volume,G1,"Growth rate, period on period",T0102,Table 0102 - GDP identity from the expenditure side,2019-Q2,,0.213237239,,,,,,F,Free (free for publication),1,One,A,Normal value,0,Units,_Z,Not applicable
DATAFLOW,OECD.SDD.NAD:DSD_NAMAIN1@DF_QNA_EXPENDITURE_GROWTH_G20(1.1),Quarterly real GDP growth - G20 countries,I,Q,Quarterly,Y,Calendar and seasonally adjusted,GBR,United Kingdom,S1,Total economy,S1,Total economy,B1GQ,Gross domestic product,_Z,Not applicable,_Z,Not applicable,_Z,Not applicable,PC,Percentage change,L,Chain linked volume,G1,"Growth rate, period on period",T0102,Table 0102 - GDP identity from the expenditure side,2019-Q3,,0.550627929,,,,,,F,Free (free for publication),1,One,A,Normal value,0,Units,_Z,Not applicable
DATAFLOW,OECD.SDD.NAD:DSD_NAMAIN1@DF_QNA_EXPENDITURE_GROWTH_G20(1.1),Quarterly real GDP growth - G20 countries,I,Q,Quarterly,Y,Calendar and seasonally adjusted,GBR,United Kingdom,S1,Total economy,S1,Total economy,B1GQ,Gross domestic product,_Z,Not applicable,_Z,Not applicable,_Z,Not applicable,PC,Percentage change,L,Chain linked volume,G1,"Growth rate, period on period",T0102,Table 0102 - GDP identity from the expenditure side,2019-Q4,,0.005965279,,,,,,F,Free (free for publication),1,One,A,Normal value,0,Units,_Z,Not applicable
DATAFLOW,OECD.SDD.NAD:DSD_NAMAIN1@DF_QNA_EXPENDITURE_GROWTH_G20(1.1),Quarterly real GDP growth - G20 countries,I,Q,Quarterly,Y,Calendar and seasonally adjusted,GBR,United Kingdom,S1,Total economy,S1,Total economy,B1GQ,Gross domestic product,_Z,Not applicable,_Z,Not applicable,_Z,Not applicable,PC,Percentage change,L,Chain linked volume,G1,"Growth rate, period on period",T0102,Table 0102 - GDP identity from the expenditure side,2020-Q1,,-2.744908565,,,,,,F,Free (free for publication),1,One,A,Normal value,0,Units,_Z,Not applicable
DATAFLOW,OECD.SDD.NAD:DSD_NAMAIN1@DF_QNA_EXPENDITURE_GROWTH_G20(1.1),Quarterly real GDP growth - G20 countries,I,Q,Quarterly,Y,Calendar and seasonally adjusted,GBR,United Kingdom,S1,Total economy,S1,Total economy,B1GQ,Gross domestic product,_Z,Not applicable,_Z,Not applicable,_Z,Not applicable,PC,Percentage change,L,Chain linked volume,G1,"Growth rate, period on period",T0102,Table 0102 - GDP identity from the expenditure side,2020-Q2,,-19.906160876,,,,,,F,Free (free for publication),1,One,A,Normal value,0,Units,_Z,Not applicable
DATAFLOW,OECD.SDD.NAD:DSD_NAMAIN1@DF_QNA_EXPENDITURE_GROWTH_G20(1.1),Quarterly real GDP growth - G20 countries,I,Q,Quarterly,Y,Calendar and seasonally adjusted,GBR,United Kingdom,S1,Total economy,S1,Total economy,B1GQ,Gross domestic product,_Z,Not applicable,_Z,Not applicable,_Z,Not applicable,PC,Percentage change,L,Chain linked volume,G1,"Growth rate, period on period",T0102,Table 0102 - GDP identity from the expenditure side,2020-Q3,,16.964675432,,,,,,F,Free (free for publication),1,One,A,Normal value,0,Units,_Z,Not applicable
DATAFLOW,OECD.SDD.NAD:DSD_NAMAIN1@DF_QNA_EXPENDITURE_GROWTH_G20(1.1),Quarterly real GDP growth - G20 countries,I,Q,Quarterly,Y,Calendar and seasonally adjusted,GBR,United Kingdom,S1,Total economy,S1,Total economy,B1GQ,Gross domestic product,_Z,Not applicable,_Z,Not applicable,_Z,Not applicable,PC,Percentage change,L,Chain linked volume,G1,"Growth rate, period on period",T0102,Table 0102 - GDP identity from the expenditure side,2020-Q4,,1.36798413,,,,,,F,Free (free for publication),1,One,A,Normal value,0,Units,_Z,Not applicable
DATAFLOW,OECD.SDD.NAD:DSD_NAMAIN1@DF_QNA_EXPENDITURE_GROWTH_G20(1.1),Quarterly real GDP growth - G20 countries,I,Q,Quarterly,Y,Calendar and seasonally adjusted,GBR,United Kingdom,S1,Total economy,S1,Total economy,B1GQ,Gross domestic product,_Z,Not applicable,_Z,Not applicable,_Z,Not applicable,PC,Percentage change,L,Chain linked volume,G1,"Growth rate, period on period",T0102,Table 0102 - GDP identity from the expenditure side,2021-Q1,,-1.07616295,,,,,,F,Free (free for publication),1,One,A,Normal value,0,Units,_Z,Not applicable
DATAFLOW,OECD.SDD.NAD:DSD_NAMAIN1@DF_QNA_EXPENDITURE_GROWTH_G20(1.1),Quarterly real GDP growth - G20 countries,I,Q,Quarterly,Y,Calendar and seasonally adjusted,GBR,United Kingdom,S1,Total economy,S1,Total economy,B1GQ,Gross domestic product,_Z,Not applicable,_Z,Not applicable,_Z,Not applicable,PC,Percentage change,L,Chain linked volume,G1,"Growth rate, period on period",T0102,Table 0102 - GDP identity from the expenditure side,2021-Q2,,6.982282324,,,,,,F,Free (free for publication),1,One,A,Normal value,0,Units,_Z,Not applicable
DATAFLOW,OECD.SDD.NAD:DSD_NAMAIN1@DF_QNA_EXPENDITURE_GROWTH_G20(1.1),Quarterly real GDP growth - G20 countries,I,Q,Quarterly,Y,Calendar and seasonally adjusted,GBR,United Kingdom,S1,Total economy,S1,Total economy,B1GQ,Gross domestic product,_Z,Not applicable,_Z,Not applicable,_Z,Not applicable,PC,Percentage change,L,Chain linked volume,G1,"Growth rate, period on period",T0102,Table 0102 - GDP identity from the expenditure side,2021-Q3,,1.686645521,,,,,,F,Free (free for publication),1,One,A,Normal value,0,Units,_Z,Not applicable
DATAFLOW,OECD.SDD.NAD:DSD_NAMAIN1@DF_QNA_EXPENDITURE_GROWTH_G20(1.1),Quarterly real GDP growth - G20 countries,I,Q,Quarterly,Y,Calendar and seasonally adjusted,GBR,United Kingdom,S1,Total economy,S1,Total economy,B1GQ,Gross domestic product,_Z,Not applicable,_Z,Not applicable,_Z,Not applicable,PC,Percentage change,L,Chain linked volume,G1,"Growth rate, period on period",T0102,Table 0102 - GDP identity from the expenditure side,2021-Q4,,1.377648545,,,,,,F,Free (free for publication),1,One,A,Normal value,0,Units,_Z,Not applicable
DATAFLOW,OECD.SDD.NAD:DSD_NAMAIN1@DF_QNA_EXPENDITURE_GROWTH_G20(1.1),Quarterly real GDP growth - G20 countries,I,Q,Quarterly,Y,Calendar and seasonally adjusted,GBR,United Kingdom,S1,Total economy,S1,Total economy,B1GQ,Gross domestic product,_Z,Not applicable,_Z,Not applicable,_Z,Not applicable,PC,Percentage change,L,Chain linked volume,G1,"Growth rate, period on period",T0102,Table 0102 - GDP identity from the expenditure side,2022-Q1,,1.013349515,,,,,,F,Free (free for publication),1,One,A,Normal value,0,Units,_Z,Not applicable
DATAFLOW,OECD.SDD.NAD:DSD_NAMAIN1@DF_QNA_EXPENDITURE_GROWTH_G20(1.1),Quarterly real GDP growth - G20 countries,I,Q,Quarterly,Y,Calendar and seasonally adjusted,GBR,United Kingdom,S1,Total economy,S1,Total economy,B1GQ,Gross domestic product,_Z,Not applicable,_Z,Not applicable,_Z,Not applicable,PC,Percentage change,L,Chain linked volume,G1,"Growth rate, period on period",T0102,Table 0102 - GDP identity from the expenditure side,2022-Q2,,0.557926646,,,,,,F,Free (free for publication),1,One,A,Normal value,0,Units,_Z,Not applicable
DATAFLOW,OECD.SDD.NAD:DSD_NAMAIN1@DF_QNA_EXPENDITURE_GROWTH_G20(1.1),Quarterly real GDP growth - G20 countries,I,Q,Quarterly,Y,Calendar and seasonally adjusted,GBR,United Kingdom,S1,Total economy,S1,Total economy,B1GQ,Gross domestic product,_Z,Not applicable,_Z,Not applicable,_Z,Not applicable,PC,Percentage change,L,Chain linked volume,G1,"Growth rate, period on period",T0102,Table 0102 - GDP identity from the expenditure side,2022-Q3,,0.101116802,,,,,,F,Free (free for publication),1,One,A,Normal value,0,Units,_Z,Not applicable
DATAFLOW,OECD.SDD.NAD:DSD_NAMAIN1@DF_QNA_EXPENDITURE_GROWTH_G20(1.1),Quarterly real GDP growth - G20 countries,I,Q,Quarterly,Y,Calendar and seasonally adjusted,GBR,United Kingdom,S1,Total economy,S1,Total economy,B1GQ,Gross domestic product,_Z,Not applicable,_Z,Not applicable,_Z,Not applicable,PC,Percentage change,L,Chain linked volume,G1,"Growth rate, period on period",T0102,Table 0102 - GDP identity from the expenditure side,2022-Q4,,0.260251023,,,,,,F,Free (free for publication),1,One,A,Normal value,0,Units,_Z,Not applicable
DATAFLOW,OECD.SDD.NAD:DSD_NAMAIN1@DF_QNA_EXPENDITURE_GROWTH_G20(1.1),Quarterly real GDP growth - G20 countries,I,Q,Quarterly,Y,Calendar and seasonally adjusted,GBR,United Kingdom,S1,Total economy,S1,Total economy,B1GQ,Gross domestic product,_Z,Not applicable,_Z,Not applicable,_Z,Not applicable,PC,Percentage change,L,Chain linked volume,G1,"Growth rate, period on period",T0102,Table 0102 - GDP identity from the expenditure side,2023-Q1,,0.056473635,,,,,,F,Free (free for publication),1,One,A,Normal value,0,Units,_Z,Not applicable
DATAFLOW,OECD.SDD.NAD:DSD_NAMAIN1@DF_QNA_EXPENDITURE_GROWTH_G20(1.1),Quarterly real GDP growth - G20 countries,I,Q,Quarterly,Y,Calendar and seasonally adjusted,GBR,United Kingdom,S1,Total economy,S1,Total economy,B1GQ,Gross domestic product,_Z,Not applicable,_Z,Not applicable,_Z,Not applicable,PC,Percentage change,L,Chain linked volume,G1,"Growth rate, period on period",T0102,Table 0102 - GDP identity from the expenditure side,2023-Q2,,0.041351933,,,,,,F,Free (free for publication),1,One,A,Normal value,0,Units,_Z,Not applicable
DATAFLOW,OECD.SDD.NAD:DSD_NAMAIN1@DF_QNA_EXPENDITURE_GROWTH_G20(1.1),Quarterly real GDP growth - G20 countries,I,Q,Quarterly,Y,Calendar and seasonally adjusted,GBR,United Kingdom,S1,Total economy,S1,Total economy,B1GQ,Gross domestic product,_Z,Not applicable,_Z,Not applicable,_Z,Not applicable,PC,Percentage change,L,Chain linked volume,G1,"Growth rate, period on period",T0102,Table 0102 - GDP identity from the expenditure side,2023-Q3,,-0.239597036,,,,,,F,Free (free for publication),1,One,A,Normal value,0,Units,_Z,Not applicable
DATAFLOW,OECD.SDD.NAD:DSD_NAMAIN1@DF_QNA_EXPENDITURE_GROWTH_G20(1.1),Quarterly real GDP growth - G20 countries,I,Q,Quarterly,Y,Calendar and seasonally adjusted,GBR,United Kingdom,S1,Total economy,S1,Total economy,B1GQ,Gross domestic product,_Z,Not applicable,_Z,Not applicable,_Z,Not applicable,PC,Percentage change,L,Chain linked volume,G1,"Growth rate, period on period",T0102,Table 0102 - GDP identity from the expenditure side,2023-Q4,,-0.3214415,,,,,,F,Free (free for publication),1,One,A,Normal value,0,Units,_Z,Not applicable
DATAFLOW,OECD.SDD.NAD:DSD_NAMAIN1@DF_QNA_EXPENDITURE_GROWTH_G20(1.1),Quarterly real GDP growth - G20 countries,I,Q,Quarterly,Y,Calendar and seasonally adjusted,AUS,Australia,S1,Total economy,S1,Total economy,B1GQ,Gross domestic product,_Z,Not applicable,_Z,Not applicable,_Z,Not applicable,PC,Percentage change,L,Chain linked volume,G1,"Growth rate, period on period",T0102,Table 0102 - GDP identity from the expenditure side,2010-Q1,,0.444678004,,,,,,F,Free (free for publication),1,One,A,Normal value,0,Units,_Z,Not applicable
DATAFLOW,OECD.SDD.NAD:DSD_NAMAIN1@DF_QNA_EXPENDITURE_GROWTH_G20(1.1),Quarterly real GDP growth - G20 countries,I,Q,Quarterly,Y,Calendar and seasonally adjusted,AUS,Australia,S1,Total economy,S1,Total economy,B1GQ,Gross domestic product,_Z,Not applicable,_Z,Not applicable,_Z,Not applicable,PC,Percentage change,L,Chain linked volume,G1,"Growth rate, period on period",T0102,Table 0102 - GDP identity from the expenditure side,2010-Q2,,0.622776735,,,,,,F,Free (free for publication),1,One,A,Normal value,0,Units,_Z,Not applicable
DATAFLOW,OECD.SDD.NAD:DSD_NAMAIN1@DF_QNA_EXPENDITURE_GROWTH_G20(1.1),Quarterly real GDP growth - G20 countries,I,Q,Quarterly,Y,Calendar and seasonally adjusted,AUS,Australia,S1,Total economy,S1,Total economy,B1GQ,Gross domestic product,_Z,Not applicable,_Z,Not applicable,_Z,Not applicable,PC,Percentage change,L,Chain linked volume,G1,"Growth rate, period on period",T0102,Table 0102 - GDP identity from the expenditure side,2010-Q3,,0.703073939,,,,,,F,Free (free for publication),1,One,A,Normal value,0,Units,_Z,Not applicable
DATAFLOW,OECD.SDD.NAD:DSD_NAMAIN1@DF_QNA_EXPENDITURE_GROWTH_G20(1.1),Quarterly real GDP growth - G20 countries,I,Q,Quarterly,Y,Calendar and seasonally adjusted,AUS,Australia,S1,Total economy,S1,Total economy,B1GQ,Gross domestic product,_Z,Not applicable,_Z,Not applicable,_Z,Not applicable,PC,Percentage change,L,Chain linked volume,G1,"Growth rate, period on period",T0102,Table 0102 - GDP identity from the expenditure side,2010-Q4,,0.836263955,,,,,,F,Free (free for publication),1,One,A,Normal value,0,Units,_Z,Not applicable
DATAFLOW,OECD.SDD.NAD:DSD_NAMAIN1@DF_QNA_EXPENDITURE_GROWTH_G20(1.1),Quarterly real GDP growth - G20 countries,I,Q,Quarterly,Y,Calendar and seasonally adjusted,AUS,Australia,S1,Total economy,S1,Total economy,B1GQ,Gross domestic product,_Z,Not applicable,_Z,Not applicable,_Z,Not applicable,PC,Percentage change,L,Chain linked volume,G1,"Growth rate, period on period",T0102,Table 0102 - GDP identity from the expenditure side,2011-Q1,,-0.291796988,,,,,,F,Free (free for publication),1,One,A,Normal value,0,Units,_Z,Not applicable
DATAFLOW,OECD.SDD.NAD:DSD_NAMAIN1@DF_QNA_EXPENDITURE_GROWTH_G20(1.1),Quarterly real GDP growth - G20 countries,I,Q,Quarterly,Y,Calendar and seasonally adjusted,AUS,Australia,S1,Total economy,S1,Total economy,B1GQ,Gross domestic product,_Z,Not applicable,_Z,Not applicable,_Z,Not applicable,PC,Percentage change,L,Chain linked volume,G1,"Growth rate, period on period",T0102,Table 0102 - GDP identity from the expenditure side,2011-Q2,,1.208345192,,,,,,F,Free (free for publication),1,One,A,Normal value,0,Units,_Z,Not applicable
DATAFLOW,OECD.SDD.NAD:DSD_NAMAIN1@DF_QNA_EXPENDITURE_GROWTH_G20(1.1),Quarterly real GDP growth - G20 countries,I,Q,Quarterly,Y,Calendar and seasonally adjusted,AUS,Australia,S1,Total economy,S1,Total economy,B1GQ,Gross domestic product,_Z,Not applicable,_Z,Not applicable,_Z,Not applicable,PC,Percentage change,L,Chain linked volume,G1,"Growth rate, period on period",T0102,Table 0102 - GDP identity from the expenditure side,2011-Q3,,1.393821945,,,,,,F,Free (free for publication),1,One,A,Normal value,0,Units,_Z,Not applicable
DATAFLOW,OECD.SDD.NAD:DSD_NAMAIN1@DF_QNA_EXPENDITURE_GROWTH_G20(1.1),Quarterly real GDP growth - G20 countries,I,Q,Quarterly,Y,Calendar and seasonally adjusted,AUS,Australia,S1,Total economy,S1,Total economy,B1GQ,Gross domestic product,_Z,Not applicable,_Z,Not applicable,_Z,Not applicable,PC,Percentage change,L,Chain linked volume,G1,"Growth rate, period on period",T0102,Table 0102 - GDP identity from the expenditure side,2011-Q4,,1.110983828,,,,,,F,Free (free for publication),1,One,A,Normal value,0,Units,_Z,Not applicable
DATAFLOW,OECD.SDD.NAD:DSD_NAMAIN1@DF_QNA_EXPENDITURE_GROWTH_G20(1.1),Quarterly real GDP growth - G20 countries,I,Q,Quarterly,Y,Calendar and seasonally adjusted,AUS,Australia,S1,Total economy,S1,Total economy,B1GQ,Gross domestic product,_Z,Not applicable,_Z,Not applicable,_Z,Not applicable,PC,Percentage change,L,Chain linked volume,G1,"Growth rate, period on period",T0102,Table 0102 - GDP identity from the expenditure side,2012-Q1,,1.040737023,,,,,,F,Free (free for publication),1,One,A,Normal value,0,Units,_Z,Not applicable
DATAFLOW,OECD.SDD.NAD:DSD_NAMAIN1@DF_QNA_EXPENDITURE_GROWTH_G20(1.1),Quarterly real GDP growth - G20 countries,I,Q,Quarterly,Y,Calendar and seasonally adjusted,AUS,Australia,S1,Total economy,S1,Total economy,B1GQ,Gross domestic product,_Z,Not applicable,_Z,Not applicable,_Z,Not applicable,PC,Percentage change,L,Chain linked volume,G1,"Growth rate, period on period",T0102,Table 0102 - GDP identity from the expenditure side,2012-Q2,,0.718808831,,,,,,F,Free (free for publication),1,One,A,Normal value,0,Units,_Z,Not applicable
DATAFLOW,OECD.SDD.NAD:DSD_NAMAIN1@DF_QNA_EXPENDITURE_GROWTH_G20(1.1),Quarterly real GDP growth - G20 countries,I,Q,Quarterly,Y,Calendar and seasonally adjusted,AUS,Australia,S1,Total economy,S1,Total economy,B1GQ,Gross domestic product,_Z,Not applicable,_Z,Not applicable,_Z,Not applicable,PC,Percentage change,L,Chain linked volume,G1,"Growth rate, period on period",T0102,Table 0102 - GDP identity from the expenditure side,2012-Q3,,0.611920038,,,,,,F,Free (free for publication),1,One,A,Normal value,0,Units,_Z,Not applicable
DATAFLOW,OECD.SDD.NAD:DSD_NAMAIN1@DF_QNA_EXPENDITURE_GROWTH_G20(1.1),Quarterly real GDP growth - G20 countries,I,Q,Quarterly,Y,Calendar and seasonally adjusted,AUS,Australia,S1,Total economy,S1,Total economy,B1GQ,Gross domestic product,_Z,Not applicable,_Z,Not applicable,_Z,Not applicable,PC,Percentage change,L,Chain linked volume,G1,"Growth rate, period on period",T0102,Table 0102 - GDP identity from the expenditure side,2012-Q4,,0.441831933,,,,,,F,Free (free for publication),1,One,A,Normal value,0,Units,_Z,Not applicable
DATAFLOW,OECD.SDD.NAD:DSD_NAMAIN1@DF_QNA_EXPENDITURE_GROWTH_G20(1.1),Quarterly real GDP growth - G20 countries,I,Q,Quarterly,Y,Calendar and seasonally adjusted,AUS,Australia,S1,Total economy,S1,Total economy,B1GQ,Gross domestic product,_Z,Not applicable,_Z,Not applicable,_Z,Not applicable,PC,Percentage change,L,Chain linked volume,G1,"Growth rate, period on period",T0102,Table 0102 - GDP identity from the expenditure side,2013-Q1,,0.517390666,,,,,,F,Free (free for publication),1,One,A,Normal value,0,Units,_Z,Not applicable
DATAFLOW,OECD.SDD.NAD:DSD_NAMAIN1@DF_QNA_EXPENDITURE_GROWTH_G20(1.1),Quarterly real GDP growth - G20 countries,I,Q,Quarterly,Y,Calendar and seasonally adjusted,AUS,Australia,S1,Total economy,S1,Total economy,B1GQ,Gross domestic product,_Z,Not applicable,_Z,Not applicable,_Z,Not applicable,PC,Percentage change,L,Chain linked volume,G1,"Growth rate, period on period",T0102,Table 0102 - GDP identity from the expenditure side,2013-Q2,,0.379171706,,,,,,F,Free (free for publication),1,One,A,Normal value,0,Units,_Z,Not applicable
DATAFLOW,OECD.SDD.NAD:DSD_NAMAIN1@DF_QNA_EXPENDITURE_GROWTH_G20(1.1),Quarterly real GDP growth - G20 countries,I,Q,Quarterly,Y,Calendar and seasonally adjusted,AUS,Australia,S1,Total economy,S1,Total economy,B1GQ,Gross domestic product,_Z,Not applicable,_Z,Not applicable,_Z,Not applicable,PC,Percentage change,L,Chain linked volume,G1,"Growth rate, period on period",T0102,Table 0102 - GDP identity from the expenditure side,2013-Q3,,0.821564094,,,,,,F,Free (free for publication),1,One,A,Normal value,0,Units,_Z,Not applicable
DATAFLOW,OECD.SDD.NAD:DSD_NAMAIN1@DF_QNA_EXPENDITURE_GROWTH_G20(1.1),Quarterly real GDP growth - G20 countries,I,Q,Quarterly,Y,Calendar and seasonally adjusted,AUS,Australia,S1,Total economy,S1,Total economy,B1GQ,Gross domestic product,_Z,Not applicable,_Z,Not applicable,_Z,Not applicable,PC,Percentage change,L,Chain linked volume,G1,"Growth rate, period on period",T0102,Table 0102 - GDP identity from the expenditure side,2013-Q4,,0.77972117,,,,,,F,Free (free for publication),1,One,A,Normal value,0,Units,_Z,Not applicable
DATAFLOW,OECD.SDD.NAD:DSD_NAMAIN1@DF_QNA_EXPENDITURE_GROWTH_G20(1.1),Quarterly real GDP growth - G20 countries,I,Q,Quarterly,Y,Calendar and seasonally adjusted,AUS,Australia,S1,Total economy,S1,Total economy,B1GQ,Gross domestic product,_Z,Not applicable,_Z,Not applicable,_Z,Not applicable,PC,Percentage change,L,Chain linked volume,G1,"Growth rate, period on period",T0102,Table 0102 - GDP identity from the expenditure side,2014-Q1,,0.781417901,,,,,,F,Free (free for publication),1,One,A,Normal value,0,Units,_Z,Not applicable
DATAFLOW,OECD.SDD.NAD:DSD_NAMAIN1@DF_QNA_EXPENDITURE_GROWTH_G20(1.1),Quarterly real GDP growth - G20 countries,I,Q,Quarterly,Y,Calendar and seasonally adjusted,AUS,Australia,S1,Total economy,S1,Total economy,B1GQ,Gross domestic product,_Z,Not applicable,_Z,Not applicable,_Z,Not applicable,PC,Percentage change,L,Chain linked volume,G1,"Growth rate, period on period",T0102,Table 0102 - GDP identity from the expenditure side,2014-Q2,,0.498137829,,,,,,F,Free (free for publication),1,One,A,Normal value,0,Units,_Z,Not applicable
DATAFLOW,OECD.SDD.NAD:DSD_NAMAIN1@DF_QNA_EXPENDITURE_GROWTH_G20(1.1),Quarterly real GDP growth - G20 countries,I,Q,Quarterly,Y,Calendar and seasonally adjusted,AUS,Australia,S1,Total economy,S1,Total economy,B1GQ,Gross domestic product,_Z,Not applicable,_Z,Not applicable,_Z,Not applicable,PC,Percentage change,L,Chain linked volume,G1,"Growth rate, period on period",T0102,Table 0102 - GDP identity from the expenditure side,2014-Q3,,0.399066363,,,,,,F,Free (free for publication),1,One,A,Normal value,0,Units,_Z,Not applicable
DATAFLOW,OECD.SDD.NAD:DSD_NAMAIN1@DF_QNA_EXPENDITURE_GROWTH_G20(1.1),Quarterly real GDP growth - G20 countries,I,Q,Quarterly,Y,Calendar and seasonally adjusted,AUS,Australia,S1,Total economy,S1,Total economy,B1GQ,Gross domestic product,_Z,Not applicable,_Z,Not applicable,_Z,Not applicable,PC,Percentage change,L,Chain linked volume,G1,"Growth rate, period on period",T0102,Table 0102 - GDP identity from the expenditure side,2014-Q4,,0.367632064,,,,,,F,Free (free for publication),1,One,A,Normal value,0,Units,_Z,Not applicable
DATAFLOW,OECD.SDD.NAD:DSD_NAMAIN1@DF_QNA_EXPENDITURE_GROWTH_G20(1.1),Quarterly real GDP growth - G20 countries,I,Q,Quarterly,Y,Calendar and seasonally adjusted,AUS,Australia,S1,Total economy,S1,Total economy,B1GQ,Gross domestic product,_Z,Not applicable,_Z,Not applicable,_Z,Not applicable,PC,Percentage change,L,Chain linked volume,G1,"Growth rate, period on period",T0102,Table 0102 - GDP identity from the expenditure side,2015-Q1,,0.971774037,,,,,,F,Free (free for publication),1,One,A,Normal value,0,Units,_Z,Not applicable
DATAFLOW,OECD.SDD.NAD:DSD_NAMAIN1@DF_QNA_EXPENDITURE_GROWTH_G20(1.1),Quarterly real GDP growth - G20 countries,I,Q,Quarterly,Y,Calendar and seasonally adjusted,AUS,Australia,S1,Total economy,S1,Total economy,B1GQ,Gross domestic product,_Z,Not applicable,_Z,Not applicable,_Z,Not applicable,PC,Percentage change,L,Chain linked volume,G1,"Growth rate, period on period",T0102,Table 0102 - GDP identity from the expenditure side,2015-Q2,,0.117078454,,,,,,F,Free (free for publication),1,One,A,Normal value,0,Units,_Z,Not applicable
DATAFLOW,OECD.SDD.NAD:DSD_NAMAIN1@DF_QNA_EXPENDITURE_GROWTH_G20(1.1),Quarterly real GDP growth - G20 countries,I,Q,Quarterly,Y,Calendar and seasonally adjusted,AUS,Australia,S1,Total economy,S1,Total economy,B1GQ,Gross domestic product,_Z,Not applicable,_Z,Not applicable,_Z,Not applicable,PC,Percentage change,L,Chain linked volume,G1,"Growth rate, period on period",T0102,Table 0102 - GDP identity from the expenditure side,2015-Q3,,0.973355601,,,,,,F,Free (free for publication),1,One,A,Normal value,0,Units,_Z,Not applicable
DATAFLOW,OECD.SDD.NAD:DSD_NAMAIN1@DF_QNA_EXPENDITURE_GROWTH_G20(1.1),Quarterly real GDP growth - G20 countries,I,Q,Quarterly,Y,Calendar and seasonally adjusted,AUS,Australia,S1,Total economy,S1,Total economy,B1GQ,Gross domestic product,_Z,Not applicable,_Z,Not applicable,_Z,Not applicable,PC,Percentage change,L,Chain linked volume,G1,"Growth rate, period on period",T0102,Table 0102 - GDP identity from the expenditure side,2015-Q4,,0.620149147,,,,,,F,Free (free for publication),1,One,A,Normal value,0,Units,_Z,Not applicable
DATAFLOW,OECD.SDD.NAD:DSD_NAMAIN1@DF_QNA_EXPENDITURE_GROWTH_G20(1.1),Quarterly real GDP growth - G20 countries,I,Q,Quarterly,Y,Calendar and seasonally adjusted,AUS,Australia,S1,Total economy,S1,Total economy,B1GQ,Gross domestic product,_Z,Not applicable,_Z,Not applicable,_Z,Not applicable,PC,Percentage change,L,Chain linked volume,G1,"Growth rate, period on period",T0102,Table 0102 - GDP identity from the expenditure side,2016-Q1,,0.919904467,,,,,,F,Free (free for publication),1,One,A,Normal value,0,Units,_Z,Not applicable
DATAFLOW,OECD.SDD.NAD:DSD_NAMAIN1@DF_QNA_EXPENDITURE_GROWTH_G20(1.1),Quarterly real GDP growth - G20 countries,I,Q,Quarterly,Y,Calendar and seasonally adjusted,AUS,Australia,S1,Total economy,S1,Total economy,B1GQ,Gross domestic product,_Z,Not applicable,_Z,Not applicable,_Z,Not applicable,PC,Percentage change,L,Chain linked volume,G1,"Growth rate, period on period",T0102,Table 0102 - GDP identity from the expenditure side,2016-Q2,,0.656507785,,,,,,F,Free (free for publication),1,One,A,Normal value,0,Units,_Z,Not applicable
DATAFLOW,OECD.SDD.NAD:DSD_NAMAIN1@DF_QNA_EXPENDITURE_GROWTH_G20(1.1),Quarterly real GDP growth - G20 countries,I,Q,Quarterly,Y,Calendar and seasonally adjusted,AUS,Australia,S1,Total economy,S1,Total economy,B1GQ,Gross domestic product,_Z,Not applicable,_Z,Not applicable,_Z,Not applicable,PC,Percentage change,L,Chain linked volume,G1,"Growth rate, period on period",T0102,Table 0102 - GDP identity from the expenditure side,2016-Q3,,-0.010445528,,,,,,F,Free (free for publication),1,One,A,Normal value,0,Units,_Z,Not applicable
DATAFLOW,OECD.SDD.NAD:DSD_NAMAIN1@DF_QNA_EXPENDITURE_GROWTH_G20(1.1),Quarterly real GDP growth - G20 countries,I,Q,Quarterly,Y,Calendar and seasonally adjusted,AUS,Australia,S1,Total economy,S1,Total economy,B1GQ,Gross domestic product,_Z,Not applicable,_Z,Not applicable,_Z,Not applicable,PC,Percentage change,L,Chain linked volume,G1,"Growth rate, period on period",T0102,Table 0102 - GDP identity from the expenditure side,2016-Q4,,1.16488661,,,,,,F,Free (free for publication),1,One,A,Normal value,0,Units,_Z,Not applicable
DATAFLOW,OECD.SDD.NAD:DSD_NAMAIN1@DF_QNA_EXPENDITURE_GROWTH_G20(1.1),Quarterly real GDP growth - G20 countries,I,Q,Quarterly,Y,Calendar and seasonally adjusted,AUS,Australia,S1,Total economy,S1,Total economy,B1GQ,Gross domestic product,_Z,Not applicable,_Z,Not applicable,_Z,Not applicable,PC,Percentage change,L,Chain linked volume,G1,"Growth rate, period on period",T0102,Table 0102 - GDP identity from the expenditure side,2017-Q1,,0.316965809,,,,,,F,Free (free for publication),1,One,A,Normal value,0,Units,_Z,Not applicable
DATAFLOW,OECD.SDD.NAD:DSD_NAMAIN1@DF_QNA_EXPENDITURE_GROWTH_G20(1.1),Quarterly real GDP growth - G20 countries,I,Q,Quarterly,Y,Calendar and seasonally adjusted,AUS,Australia,S1,Total economy,S1,Total economy,B1GQ,Gross domestic product,_Z,Not applicable,_Z,Not applicable,_Z,Not applicable,PC,Percentage change,L,Chain linked volume,G1,"Growth rate, period on period",T0102,Table 0102 - GDP identity from the expenditure side,2017-Q2,,0.595813429,,,,,,F,Free (free for publication),1,One,A,Normal value,0,Units,_Z,Not applicable
DATAFLOW,OECD.SDD.NAD:DSD_NAMAIN1@DF_QNA_EXPENDITURE_GROWTH_G20(1.1),Quarterly real GDP growth - G20 countries,I,Q,Quarterly,Y,Calendar and seasonally adjusted,AUS,Australia,S1,Total economy,S1,Total economy,B1GQ,Gross domestic product,_Z,Not applicable,_Z,Not applicable,_Z,Not applicable,PC,Percentage change,L,Chain linked volume,G1,"Growth rate, period on period",T0102,Table 0102 - GDP identity from the expenditure side,2017-Q3,,0.94626774,,,,,,F,Free (free for publication),1,One,A,Normal value,0,Units,_Z,Not applicable
DATAFLOW,OECD.SDD.NAD:DSD_NAMAIN1@DF_QNA_EXPENDITURE_GROWTH_G20(1.1),Quarterly real GDP growth - G20 countries,I,Q,Quarterly,Y,Calendar and seasonally adjusted,AUS,Australia,S1,Total economy,S1,Total economy,B1GQ,Gross domestic product,_Z,Not applicable,_Z,Not applicable,_Z,Not applicable,PC,Percentage change,L,Chain linked volume,G1,"Growth rate, period on period",T0102,Table 0102 - GDP identity from the expenditure side,2017-Q4,,0.395851123,,,,,,F,Free (free for publication),1,One,A,Normal value,0,Units,_Z,Not applicable
DATAFLOW,OECD.SDD.NAD:DSD_NAMAIN1@DF_QNA_EXPENDITURE_GROWTH_G20(1.1),Quarterly real GDP growth - G20 countries,I,Q,Quarterly,Y,Calendar and seasonally adjusted,AUS,Australia,S1,Total economy,S1,Total economy,B1GQ,Gross domestic product,_Z,Not applicable,_Z,Not applicable,_Z,Not applicable,PC,Percentage change,L,Chain linked volume,G1,"Growth rate, period on period",T0102,Table 0102 - GDP identity from the expenditure side,2018-Q1,,1.039803813,,,,,,F,Free (free for publication),1,One,A,Normal value,0,Units,_Z,Not applicable
DATAFLOW,OECD.SDD.NAD:DSD_NAMAIN1@DF_QNA_EXPENDITURE_GROWTH_G20(1.1),Quarterly real GDP growth - G20 countries,I,Q,Quarterly,Y,Calendar and seasonally adjusted,AUS,Australia,S1,Total economy,S1,Total economy,B1GQ,Gross domestic product,_Z,Not applicable,_Z,Not applicable,_Z,Not applicable,PC,Percentage change,L,Chain linked volume,G1,"Growth rate, period on period",T0102,Table 0102 - GDP identity from the expenditure side,2018-Q2,,0.739307981,,,,,,F,Free (free for publication),1,One,A,Normal value,0,Units,_Z,Not applicable
DATAFLOW,OECD.SDD.NAD:DSD_NAMAIN1@DF_QNA_EXPENDITURE_GROWTH_G20(1.1),Quarterly real GDP growth - G20 countries,I,Q,Quarterly,Y,Calendar and seasonally adjusted,AUS,Australia,S1,Total economy,S1,Total economy,B1GQ,Gross domestic product,_Z,Not applicable,_Z,Not applicable,_Z,Not applicable,PC,Percentage change,L,Chain linked volume,G1,"Growth rate, period on period",T0102,Table 0102 - GDP identity from the expenditure side,2018-Q3,,0.376608573,,,,,,F,Free (free for publication),1,One,A,Normal value,0,Units,_Z,Not applicable
DATAFLOW,OECD.SDD.NAD:DSD_NAMAIN1@DF_QNA_EXPENDITURE_GROWTH_G20(1.1),Quarterly real GDP growth - G20 countries,I,Q,Quarterly,Y,Calendar and seasonally adjusted,AUS,Australia,S1,Total economy,S1,Total economy,B1GQ,Gross domestic product,_Z,Not applicable,_Z,Not applicable,_Z,Not applicable,PC,Percentage change,L,Chain linked volume,G1,"Growth rate, period on period",T0102,Table 0102 - GDP identity from the expenditure side,2018-Q4,,0.246724576,,,,,,F,Free (free for publication),1,One,A,Normal value,0,Units,_Z,Not applicable
DATAFLOW,OECD.SDD.NAD:DSD_NAMAIN1@DF_QNA_EXPENDITURE_GROWTH_G20(1.1),Quarterly real GDP growth - G20 countries,I,Q,Quarterly,Y,Calendar and seasonally adjusted,AUS,Australia,S1,Total economy,S1,Total economy,B1GQ,Gross domestic product,_Z,Not applicable,_Z,Not applicable,_Z,Not applicable,PC,Percentage change,L,Chain linked volume,G1,"Growth rate, period on period",T0102,Table 0102 - GDP identity from the expenditure side,2019-Q1,,0.738686205,,,,,,F,Free (free for publication),1,One,A,Normal value,0,Units,_Z,Not applicable
DATAFLOW,OECD.SDD.NAD:DSD_NAMAIN1@DF_QNA_EXPENDITURE_GROWTH_G20(1.1),Quarterly real GDP growth - G20 countries,I,Q,Quarterly,Y,Calendar and seasonally adjusted,AUS,Australia,S1,Total economy,S1,Total economy,B1GQ,Gross domestic product,_Z,Not applicable,_Z,Not applicable,_Z,Not applicable,PC,Percentage change,L,Chain linked volume,G1,"Growth rate, period on period",T0102,Table 0102 - GDP identity from the expenditure side,2019-Q2,,0.302197984,,,,,,F,Free (free for publication),1,One,A,Normal value,0,Units,_Z,Not applicable
DATAFLOW,OECD.SDD.NAD:DSD_NAMAIN1@DF_QNA_EXPENDITURE_GROWTH_G20(1.1),Quarterly real GDP growth - G20 countries,I,Q,Quarterly,Y,Calendar and seasonally adjusted,AUS,Australia,S1,Total economy,S1,Total economy,B1GQ,Gross domestic product,_Z,Not applicable,_Z,Not applicable,_Z,Not applicable,PC,Percentage change,L,Chain linked volume,G1,"Growth rate, period on period",T0102,Table 0102 - GDP identity from the expenditure side,2019-Q3,,0.585708191,,,,,,F,Free (free for publication),1,One,A,Normal value,0,Units,_Z,Not applicable
DATAFLOW,OECD.SDD.NAD:DSD_NAMAIN1@DF_QNA_EXPENDITURE_GROWTH_G20(1.1),Quarterly real GDP growth - G20 countries,I,Q,Quarterly,Y,Calendar and seasonally adjusted,AUS,Australia,S1,Total economy,S1,Total economy,B1GQ,Gross domestic product,_Z,Not applicable,_Z,Not applicable,_Z,Not applicable,PC,Percentage change,L,Chain linked volume,G1,"Growth rate, period on period",T0102,Table 0102 - GDP identity from the expenditure side,2019-Q4,,0.575557309,,,,,,F,Free (free for publication),1,One,A,Normal value,0,Units,_Z,Not applicable
DATAFLOW,OECD.SDD.NAD:DSD_NAMAIN1@DF_QNA_EXPENDITURE_GROWTH_G20(1.1),Quarterly real GDP growth - G20 countries,I,Q,Quarterly,Y,Calendar and seasonally adjusted,AUS,Australia,S1,Total economy,S1,Total economy,B1GQ,Gross domestic product,_Z,Not applicable,_Z,Not applicable,_Z,Not applicable,PC,Percentage change,L,Chain linked volume,G1,"Growth rate, period on period",T0102,Table 0102 - GDP identity from the expenditure side,2020-Q1,,-0.200235051,,,,,,F,Free (free for publication),1,One,A,Normal value,0,Units,_Z,Not applicable
DATAFLOW,OECD.SDD.NAD:DSD_NAMAIN1@DF_QNA_EXPENDITURE_GROWTH_G20(1.1),Quarterly real GDP growth - G20 countries,I,Q,Quarterly,Y,Calendar and seasonally adjusted,AUS,Australia,S1,Total economy,S1,Total economy,B1GQ,Gross domestic product,_Z,Not applicable,_Z,Not applicable,_Z,Not applicable,PC,Percentage change,L,Chain linked volume,G1,"Growth rate, period on period",T0102,Table 0102 - GDP identity from the expenditure side,2020-Q2,,-6.749913194,,,,,,F,Free (free for publication),1,One,A,Normal value,0,Units,_Z,Not applicable
DATAFLOW,OECD.SDD.NAD:DSD_NAMAIN1@DF_QNA_EXPENDITURE_GROWTH_G20(1.1),Quarterly real GDP growth - G20 countries,I,Q,Quarterly,Y,Calendar and seasonally adjusted,AUS,Australia,S1,Total economy,S1,Total economy,B1GQ,Gross domestic product,_Z,Not applicable,_Z,Not applicable,_Z,Not applicable,PC,Percentage change,L,Chain linked volume,G1,"Growth rate, period on period",T0102,Table 0102 - GDP identity from the expenditure side,2020-Q3,,3.484536589,,,,,,F,Free (free for publication),1,One,A,Normal value,0,Units,_Z,Not applicable
DATAFLOW,OECD.SDD.NAD:DSD_NAMAIN1@DF_QNA_EXPENDITURE_GROWTH_G20(1.1),Quarterly real GDP growth - G20 countries,I,Q,Quarterly,Y,Calendar and seasonally adjusted,AUS,Australia,S1,Total economy,S1,Total economy,B1GQ,Gross domestic product,_Z,Not applicable,_Z,Not applicable,_Z,Not applicable,PC,Percentage change,L,Chain linked volume,G1,"Growth rate, period on period",T0102,Table 0102 - GDP identity from the expenditure side,2020-Q4,,3.369411541,,,,,,F,Free (free for publication),1,One,A,Normal value,0,Units,_Z,Not applicable
DATAFLOW,OECD.SDD.NAD:DSD_NAMAIN1@DF_QNA_EXPENDITURE_GROWTH_G20(1.1),Quarterly real GDP growth - G20 countries,I,Q,Quarterly,Y,Calendar and seasonally adjusted,AUS,Australia,S1,Total economy,S1,Total economy,B1GQ,Gross domestic product,_Z,Not applicable,_Z,Not applicable,_Z,Not applicable,PC,Percentage change,L,Chain linked volume,G1,"Growth rate, period on period",T0102,Table 0102 - GDP identity from the expenditure side,2021-Q1,,2.205948755,,,,,,F,Free (free for publication),1,One,A,Normal value,0,Units,_Z,Not applicable
DATAFLOW,OECD.SDD.NAD:DSD_NAMAIN1@DF_QNA_EXPENDITURE_GROWTH_G20(1.1),Quarterly real GDP growth - G20 countries,I,Q,Quarterly,Y,Calendar and seasonally adjusted,AUS,Australia,S1,Total economy,S1,Total economy,B1GQ,Gross domestic product,_Z,Not applicable,_Z,Not applicable,_Z,Not applicable,PC,Percentage change,L,Chain linked volume,G1,"Growth rate, period on period",T0102,Table 0102 - GDP identity from the expenditure side,2021-Q2,,0.798432053,,,,,,F,Free (free for publication),1,One,A,Normal value,0,Units,_Z,Not applicable
DATAFLOW,OECD.SDD.NAD:DSD_NAMAIN1@DF_QNA_EXPENDITURE_GROWTH_G20(1.1),Quarterly real GDP growth - G20 countries,I,Q,Quarterly,Y,Calendar and seasonally adjusted,AUS,Australia,S1,Total economy,S1,Total economy,B1GQ,Gross domestic product,_Z,Not applicable,_Z,Not applicable,_Z,Not applicable,PC,Percentage change,L,Chain linked volume,G1,"Growth rate, period on period",T0102,Table 0102 - GDP identity from the expenditure side,2021-Q3,,-1.706139232,,,,,,F,Free (free for publication),1,One,A,Normal value,0,Units,_Z,Not applicable
DATAFLOW,OECD.SDD.NAD:DSD_NAMAIN1@DF_QNA_EXPENDITURE_GROWTH_G20(1.1),Quarterly real GDP growth - G20 countries,I,Q,Quarterly,Y,Calendar and seasonally adjusted,AUS,Australia,S1,Total economy,S1,Total economy,B1GQ,Gross domestic product,_Z,Not applicable,_Z,Not applicable,_Z,Not applicable,PC,Percentage change,L,Chain linked volume,G1,"Growth rate, period on period",T0102,Table 0102 - GDP identity from the expenditure side,2021-Q4,,3.598141828,,,,,,F,Free (free for publication),1,One,A,Normal value,0,Units,_Z,Not applicable
DATAFLOW,OECD.SDD.NAD:DSD_NAMAIN1@DF_QNA_EXPENDITURE_GROWTH_G20(1.1),Quarterly real GDP growth - G20 countries,I,Q,Quarterly,Y,Calendar and seasonally adjusted,AUS,Australia,S1,Total economy,S1,Total economy,B1GQ,Gross domestic product,_Z,Not applicable,_Z,Not applicable,_Z,Not applicable,PC,Percentage change,L,Chain linked volume,G1,"Growth rate, period on period",T0102,Table 0102 - GDP identity from the expenditure side,2022-Q1,,0.986812244,,,,,,F,Free (free for publication),1,One,A,Normal value,0,Units,_Z,Not applicable
DATAFLOW,OECD.SDD.NAD:DSD_NAMAIN1@DF_QNA_EXPENDITURE_GROWTH_G20(1.1),Quarterly real GDP growth - G20 countries,I,Q,Quarterly,Y,Calendar and seasonally adjusted,AUS,Australia,S1,Total economy,S1,Total economy,B1GQ,Gross domestic product,_Z,Not applicable,_Z,Not applicable,_Z,Not applicable,PC,Percentage change,L,Chain linked volume,G1,"Growth rate, period on period",T0102,Table 0102 - GDP identity from the expenditure side,2022-Q2,,0.949427414,,,,,,F,Free (free for publication),1,One,A,Normal value,0,Units,_Z,Not applicable
DATAFLOW,OECD.SDD.NAD:DSD_NAMAIN1@DF_QNA_EXPENDITURE_GROWTH_G20(1.1),Quarterly real GDP growth - G20 countries,I,Q,Quarterly,Y,Calendar and seasonally adjusted,AUS,Australia,S1,Total economy,S1,Total economy,B1GQ,Gross domestic product,_Z,Not applicable,_Z,Not applicable,_Z,Not applicable,PC,Percentage change,L,Chain linked volume,G1,"Growth rate, period on period",T0102,Table 0102 - GDP identity from the expenditure side,2022-Q3,,0.473933649,,,,,,F,Free (free for publication),1,One,A,Normal value,0,Units,_Z,Not applicable
DATAFLOW,OECD.SDD.NAD:DSD_NAMAIN1@DF_QNA_EXPENDITURE_GROWTH_G20(1.1),Quarterly real GDP growth - G20 countries,I,Q,Quarterly,Y,Calendar and seasonally adjusted,AUS,Australia,S1,Total economy,S1,Total economy,B1GQ,Gross domestic product,_Z,Not applicable,_Z,Not applicable,_Z,Not applicable,PC,Percentage change,L,Chain linked volume,G1,"Growth rate, period on period",T0102,Table 0102 - GDP identity from the expenditure side,2022-Q4,,0.850492938,,,,,,F,Free (free for publication),1,One,A,Normal value,0,Units,_Z,Not applicable
DATAFLOW,OECD.SDD.NAD:DSD_NAMAIN1@DF_QNA_EXPENDITURE_GROWTH_G20(1.1),Quarterly real GDP growth - G20 countries,I,Q,Quarterly,Y,Calendar and seasonally adjusted,AUS,Australia,S1,Total economy,S1,Total economy,B1GQ,Gross domestic product,_Z,Not applicable,_Z,Not applicable,_Z,Not applicable,PC,Percentage change,L,Chain linked volume,G1,"Growth rate, period on period",T0102,Table 0102 - GDP identity from the expenditure side,2023-Q1,,0.501204527,,,,,,F,Free (free for publication),1,One,A,Normal value,0,Units,_Z,Not applicable
DATAFLOW,OECD.SDD.NAD:DSD_NAMAIN1@DF_QNA_EXPENDITURE_GROWTH_G20(1.1),Quarterly real GDP growth - G20 countries,I,Q,Quarterly,Y,Calendar and seasonally adjusted,AUS,Australia,S1,Total economy,S1,Total economy,B1GQ,Gross domestic product,_Z,Not applicable,_Z,Not applicable,_Z,Not applicable,PC,Percentage change,L,Chain linked volume,G1,"Growth rate, period on period",T0102,Table 0102 - GDP identity from the expenditure side,2023-Q2,,0.396039305,,,,,,F,Free (free for publication),1,One,A,Normal value,0,Units,_Z,Not applicable
DATAFLOW,OECD.SDD.NAD:DSD_NAMAIN1@DF_QNA_EXPENDITURE_GROWTH_G20(1.1),Quarterly real GDP growth - G20 countries,I,Q,Quarterly,Y,Calendar and seasonally adjusted,AUS,Australia,S1,Total economy,S1,Total economy,B1GQ,Gross domestic product,_Z,Not applicable,_Z,Not applicable,_Z,Not applicable,PC,Percentage change,L,Chain linked volume,G1,"Growth rate, period on period",T0102,Table 0102 - GDP identity from the expenditure side,2023-Q3,,0.376607678,,,,,,F,Free (free for publication),1,One,A,Normal value,0,Units,_Z,Not applicable
DATAFLOW,OECD.SDD.NAD:DSD_NAMAIN1@DF_QNA_EXPENDITURE_GROWTH_G20(1.1),Quarterly real GDP growth - G20 countries,I,Q,Quarterly,Y,Calendar and seasonally adjusted,AUS,Australia,S1,Total economy,S1,Total economy,B1GQ,Gross domestic product,_Z,Not applicable,_Z,Not applicable,_Z,Not applicable,PC,Percentage change,L,Chain linked volume,G1,"Growth rate, period on period",T0102,Table 0102 - GDP identity from the expenditure side,2023-Q4,,0.073153984,,,,,,F,Free (free for publication),1,One,A,Normal value,0,Units,_Z,Not applicable
DATAFLOW,OECD.SDD.NAD:DSD_NAMAIN1@DF_QNA_EXPENDITURE_GROWTH_G20(1.1),Quarterly real GDP growth - G20 countries,I,Q,Quarterly,Y,Calendar and seasonally adjusted,AUS,Australia,S1,Total economy,S1,Total economy,B1GQ,Gross domestic product,_Z,Not applicable,_Z,Not applicable,_Z,Not applicable,PC,Percentage change,L,Chain linked volume,G1,"Growth rate, period on period",T0102,Table 0102 - GDP identity from the expenditure side,2024-Q1,,0.258318359,,,,,,F,Free (free for publication),1,One,A,Normal value,0,Units,_Z,Not applicable
DATAFLOW,OECD.SDD.NAD:DSD_NAMAIN1@DF_QNA_EXPENDITURE_GROWTH_G20(1.1),Quarterly real GDP growth - G20 countries,I,Q,Quarterly,Y,Calendar and seasonally adjusted,AUS,Australia,S1,Total economy,S1,Total economy,B1GQ,Gross domestic product,_Z,Not applicable,_Z,Not applicable,_Z,Not applicable,PC,Percentage change,L,Chain linked volume,G1,"Growth rate, period on period",T0102,Table 0102 - GDP identity from the expenditure side,2024-Q2,,0.192344968,,,,,,F,Free (free for publication),1,One,A,Normal value,0,Units,_Z,Not applicable
DATAFLOW,OECD.SDD.NAD:DSD_NAMAIN1@DF_QNA_EXPENDITURE_GROWTH_G20(1.1),Quarterly real GDP growth - G20 countries,I,Q,Quarterly,Y,Calendar and seasonally adjusted,AUS,Australia,S1,Total economy,S1,Total economy,B1GQ,Gross domestic product,_Z,Not applicable,_Z,Not applicable,_Z,Not applicable,PC,Percentage change,L,Chain linked volume,G1,"Growth rate, period on period",T0102,Table 0102 - GDP identity from the expenditure side,2024-Q3,,0.292725757,,,,,,F,Free (free for publication),1,One,A,Normal value,0,Units,_Z,Not applicable
DATAFLOW,OECD.SDD.NAD:DSD_NAMAIN1@DF_QNA_EXPENDITURE_GROWTH_G20(1.1),Quarterly real GDP growth - G20 countries,I,Q,Quarterly,Y,Calendar and seasonally adjusted,AUS,Australia,S1,Total economy,S1,Total economy,B1GQ,Gross domestic product,_Z,Not applicable,_Z,Not applicable,_Z,Not applicable,PC,Percentage change,L,Chain linked volume,G1,"Growth rate, period on period",T0102,Table 0102 - GDP identity from the expenditure side,2024-Q4,,0.539672695,,,,,,F,Free (free for publication),1,One,A,Normal value,0,Units,_Z,Not applicable
DATAFLOW,OECD.SDD.NAD:DSD_NAMAIN1@DF_QNA_EXPENDITURE_GROWTH_G20(1.1),Quarterly real GDP growth - G20 countries,I,Q,Quarterly,Y,Calendar and seasonally adjusted,AUS,Australia,S1,Total economy,S1,Total economy,B1GQ,Gross domestic product,_Z,Not applicable,_Z,Not applicable,_Z,Not applicable,PC,Percentage change,L,Chain linked volume,G1,"Growth rate, period on period",T0102,Table 0102 - GDP identity from the expenditure side,2025-Q1,,0.372068174,,,,,,F,Free (free for publication),1,One,A,Normal value,0,Units,_Z,Not applicable
DATAFLOW,OECD.SDD.NAD:DSD_NAMAIN1@DF_QNA_EXPENDITURE_GROWTH_G20(1.1),Quarterly real GDP growth - G20 countries,I,Q,Quarterly,Y,Calendar and seasonally adjusted,AUS,Australia,S1,Total economy,S1,Total economy,B1GQ,Gross domestic product,_Z,Not applicable,_Z,Not applicable,_Z,Not applicable,PC,Percentage change,L,Chain linked volume,G1,"Growth rate, period on period",T0102,Table 0102 - GDP identity from the expenditure side,2025-Q2,,0.733878853,,,,,,F,Free (free for publication),1,One,A,Normal value,0,Units,_Z,Not applicable
DATAFLOW,OECD.SDD.NAD:DSD_NAMAIN1@DF_QNA_EXPENDITURE_GROWTH_G20(1.1),Quarterly real GDP growth - G20 countries,I,Q,Quarterly,Y,Calendar and seasonally adjusted,AUS,Australia,S1,Total economy,S1,Total economy,B1GQ,Gross domestic product,_Z,Not applicable,_Z,Not applicable,_Z,Not applicable,PC,Percentage change,L,Chain linked volume,G1,"Growth rate, period on period",T0102,Table 0102 - GDP identity from the expenditure side,2025-Q3,,0.391343442,,,,,,F,Free (free for publication),1,One,A,Normal value,0,Units,_Z,Not applicable
DATAFLOW,OECD.SDD.NAD:DSD_NAMAIN1@DF_QNA_EXPENDITURE_GROWTH_G20(1.1),Quarterly real GDP growth - G20 countries,I,Q,Quarterly,Y,Calendar and seasonally adjusted,CAN,Canada,S1,Total economy,S1,Total economy,B1GQ,Gross domestic product,_Z,Not applicable,_Z,Not applicable,_Z,Not applicable,PC,Percentage change,L,Chain linked volume,G1,"Growth rate, period on period",T0102,Table 0102 - GDP identity from the expenditure side,2010-Q1,,1.211533092,,,,,,F,Free (free for publication),1,One,A,Normal value,0,Units,_Z,Not applicable
DATAFLOW,OECD.SDD.NAD:DSD_NAMAIN1@DF_QNA_EXPENDITURE_GROWTH_G20(1.1),Quarterly real GDP growth - G20 countries,I,Q,Quarterly,Y,Calendar and seasonally adjusted,CAN,Canada,S1,Total economy,S1,Total economy,B1GQ,Gross domestic product,_Z,Not applicable,_Z,Not applicable,_Z,Not applicable,PC,Percentage change,L,Chain linked volume,G1,"Growth rate, period on period",T0102,Table 0102 - GDP identity from the expenditure side,2010-Q2,,0.523642872,,,,,,F,Free (free for publication),1,One,A,Normal value,0,Units,_Z,Not applicable
DATAFLOW,OECD.SDD.NAD:DSD_NAMAIN1@DF_QNA_EXPENDITURE_GROWTH_G20(1.1),Quarterly real GDP growth - G20 countries,I,Q,Quarterly,Y,Calendar and seasonally adjusted,CAN,Canada,S1,Total economy,S1,Total economy,B1GQ,Gross domestic product,_Z,Not applicable,_Z,Not applicable,_Z,Not applicable,PC,Percentage change,L,Chain linked volume,G1,"Growth rate, period on period",T0102,Table 0102 - GDP identity from the expenditure side,2010-Q3,,0.700042554,,,,,,F,Free (free for publication),1,One,A,Normal value,0,Units,_Z,Not applicable
DATAFLOW,OECD.SDD.NAD:DSD_NAMAIN1@DF_QNA_EXPENDITURE_GROWTH_G20(1.1),Quarterly real GDP growth - G20 countries,I,Q,Quarterly,Y,Calendar and seasonally adjusted,CAN,Canada,S1,Total economy,S1,Total economy,B1GQ,Gross domestic product,_Z,Not applicable,_Z,Not applicable,_Z,Not applicable,PC,Percentage change,L,Chain linked volume,G1,"Growth rate, period on period",T0102,Table 0102 - GDP identity from the expenditure side,2010-Q4,,1.121801791,,,,,,F,Free (free for publication),1,One,A,Normal value,0,Units,_Z,Not applicable
DATAFLOW,OECD.SDD.NAD:DSD_NAMAIN1@DF_QNA_EXPENDITURE_GROWTH_G20(1.1),Quarterly real GDP growth - G20 countries,I,Q,Quarterly,Y,Calendar and seasonally adjusted,CAN,Canada,S1,Total economy,S1,Total economy,B1GQ,Gross domestic product,_Z,Not applicable,_Z,Not applicable,_Z,Not applicable,PC,Percentage change,L,Chain linked volume,G1,"Growth rate, period on period",T0102,Table 0102 - GDP identity from the expenditure side,2011-Q1,,0.761595519,,,,,,F,Free (free for publication),1,One,A,Normal value,0,Units,_Z,Not applicable
DATAFLOW,OECD.SDD.NAD:DSD_NAMAIN1@DF_QNA_EXPENDITURE_GROWTH_G20(1.1),Quarterly real GDP growth - G20 countries,I,Q,Quarterly,Y,Calendar and seasonally adjusted,CAN,Canada,S1,Total economy,S1,Total economy,B1GQ,Gross domestic product,_Z,Not applicable,_Z,Not applicable,_Z,Not applicable,PC,Percentage change,L,Chain linked volume,G1,"Growth rate, period on period",T0102,Table 0102 - GDP identity from the expenditure side,2011-Q2,,0.181517907,,,,,,F,Free (free for publication),1,One,A,Normal value,0,Units,_Z,Not applicable
DATAFLOW,OECD.SDD.NAD:DSD_NAMAIN1@DF_QNA_EXPENDITURE_GROWTH_G20(1.1),Quarterly real GDP growth - G20 countries,I,Q,Quarterly,Y,Calendar and seasonally adjusted,CAN,Canada,S1,Total economy,S1,Total economy,B1GQ,Gross domestic product,_Z,Not applicable,_Z,Not applicable,_Z,Not applicable,PC,Percentage change,L,Chain linked volume,G1,"Growth rate, period on period",T0102,Table 0102 - GDP identity from the expenditure side,2011-Q3,,1.368249361,,,,,,F,Free (free for publication),1,One,A,Normal value,0,Units,_Z,Not applicable
DATAFLOW,OECD.SDD.NAD:DSD_NAMAIN1@DF_QNA_EXPENDITURE_GROWTH_G20(1.1),Quarterly real GDP growth - G20 countries,I,Q,Quarterly,Y,Calendar and seasonally adjusted,CAN,Canada,S1,Total economy,S1,Total economy,B1GQ,Gross domestic product,_Z,Not applicable,_Z,Not applicable,_Z,Not applicable,PC,Percentage change,L,Chain linked volume,G1,"Growth rate, period on period",T0102,Table 0102 - GDP identity from the expenditure side,2011-Q4,,0.79472209,,,,,,F,Free (free for publication),1,One,A,Normal value,0,Units,_Z,Not applicable
DATAFLOW,OECD.SDD.NAD:DSD_NAMAIN1@DF_QNA_EXPENDITURE_GROWTH_G20(1.1),Quarterly real GDP growth - G20 countries,I,Q,Quarterly,Y,Calendar and seasonally adjusted,CAN,Canada,S1,Total economy,S1,Total economy,B1GQ,Gross domestic product,_Z,Not applicable,_Z,Not applicable,_Z,Not applicable,PC,Percentage change,L,Chain linked volume,G1,"Growth rate, period on period",T0102,Table 0102 - GDP identity from the expenditure side,2012-Q1,,0.0631303,,,,,,F,Free (free for publication),1,One,A,Normal value,0,Units,_Z,Not applicable
DATAFLOW,OECD.SDD.NAD:DSD_NAMAIN1@DF_QNA_EXPENDITURE_GROWTH_G20(1.1),Quarterly real GDP growth - G20 countries,I,Q,Quarterly,Y,Calendar and seasonally adjusted,CAN,Canada,S1,Total economy,S1,Total economy,B1GQ,Gross domestic product,_Z,Not applicable,_Z,Not applicable,_Z,Not applicable,PC,Percentage change,L,Chain linked volume,G1,"Growth rate, period on period",T0102,Table 0102 - GDP identity from the expenditure side,2012-Q2,,0.325071067,,,,,,F,Free (free for publication),1,One,A,Normal value,0,Units,_Z,Not applicable
DATAFLOW,OECD.SDD.NAD:DSD_NAMAIN1@DF_QNA_EXPENDITURE_GROWTH_G20(1.1),Quarterly real GDP growth - G20 countries,I,Q,Quarterly,Y,Calendar and seasonally adjusted,CAN,Canada,S1,Total economy,S1,Total economy,B1GQ,Gross domestic product,_Z,Not applicable,_Z,Not applicable,_Z,Not applicable,PC,Percentage change,L,Chain linked volume,G1,"Growth rate, period on period",T0102,Table 0102 - GDP identity from the expenditure side,2012-Q3,,0.136854471,,,,,,F,Free (free for publication),1,One,A,Normal value,0,Units,_Z,Not applicable
DATAFLOW,OECD.SDD.NAD:DSD_NAMAIN1@DF_QNA_EXPENDITURE_GROWTH_G20(1.1),Quarterly real GDP growth - G20 countries,I,Q,Quarterly,Y,Calendar and seasonally adjusted,CAN,Canada,S1,Total economy,S1,Total economy,B1GQ,Gross domestic product,_Z,Not applicable,_Z,Not applicable,_Z,Not applicable,PC,Percentage change,L,Chain linked volume,G1,"Growth rate, period on period",T0102,Table 0102 - GDP identity from the expenditure side,2012-Q4,,0.205799023,,,,,,F,Free (free for publication),1,One,A,Normal value,0,Units,_Z,Not applicable
DATAFLOW,OECD.SDD.NAD:DSD_NAMAIN1@DF_QNA_EXPENDITURE_GROWTH_G20(1.1),Quarterly real GDP growth - G20 countries,I,Q,Quarterly,Y,Calendar and seasonally adjusted,CAN,Canada,S1,Total economy,S1,Total economy,B1GQ,Gross domestic product,_Z,Not applicable,_Z,Not applicable,_Z,Not applicable,PC,Percentage change,L,Chain linked volume,G1,"Growth rate, period on period",T0102,Table 0102 - GDP identity from the expenditure side,2013-Q1,,0.89511833,,,,,,F,Free (free for publication),1,One,A,Normal value,0,Units,_Z,Not applicable
DATAFLOW,OECD.SDD.NAD:DSD_NAMAIN1@DF_QNA_EXPENDITURE_GROWTH_G20(1.1),Quarterly real GDP growth - G20 countries,I,Q,Quarterly,Y,Calendar and seasonally adjusted,CAN,Canada,S1,Total economy,S1,Total economy,B1GQ,Gross domestic product,_Z,Not applicable,_Z,Not applicable,_Z,Not applicable,PC,Percentage change,L,Chain linked volume,G1,"Growth rate, period on period",T0102,Table 0102 - GDP identity from the expenditure side,2013-Q2,,0.575888641,,,,,,F,Free (free for publication),1,One,A,Normal value,0,Units,_Z,Not applicable
DATAFLOW,OECD.SDD.NAD:DSD_NAMAIN1@DF_QNA_EXPENDITURE_GROWTH_G20(1.1),Quarterly real GDP growth - G20 countries,I,Q,Quarterly,Y,Calendar and seasonally adjusted,CAN,Canada,S1,Total economy,S1,Total economy,B1GQ,Gross domestic product,_Z,Not applicable,_Z,Not applicable,_Z,Not applicable,PC,Percentage change,L,Chain linked volume,G1,"Growth rate, period on period",T0102,Table 0102 - GDP identity from the expenditure side,2013-Q3,,0.82231197,,,,,,F,Free (free for publication),1,One,A,Normal value,0,Units,_Z,Not applicable
DATAFLOW,OECD.SDD.NAD:DSD_NAMAIN1@DF_QNA_EXPENDITURE_GROWTH_G20(1.1),Quarterly real GDP growth - G20 countries,I,Q,Quarterly,Y,Calendar and seasonally adjusted,CAN,Canada,S1,Total economy,S1,Total economy,B1GQ,Gross domestic product,_Z,Not applicable,_Z,Not applicable,_Z,Not applicable,PC,Percentage change,L,Chain linked volume,G1,"Growth rate, period on period",T0102,Table 0102 - GDP identity from the expenditure side,2013-Q4,,1.046569427,,,,,,F,Free (free for publication),1,One,A,Normal value,0,Units,_Z,Not applicable
DATAFLOW,OECD.SDD.NAD:DSD_NAMAIN1@DF_QNA_EXPENDITURE_GROWTH_G20(1.1),Quarterly real GDP growth - G20 countries,I,Q,Quarterly,Y,Calendar and seasonally adjusted,CAN,Canada,S1,Total economy,S1,Total economy,B1GQ,Gross domestic product,_Z,Not applicable,_Z,Not applicable,_Z,Not applicable,PC,Percentage change,L,Chain linked volume,G1,"Growth rate, period on period",T0102,Table 0102 - GDP identity from the expenditure side,2014-Q1,,0.168994293,,,,,,F,Free (free for publication),1,One,A,Normal value,0,Units,_Z,Not applicable
DATAFLOW,OECD.SDD.NAD:DSD_NAMAIN1@DF_QNA_EXPENDITURE_GROWTH_G20(1.1),Quarterly real GDP growth - G20 countries,I,Q,Quarterly,Y,Calendar and seasonally adjusted,CAN,Canada,S1,Total economy,S1,Total economy,B1GQ,Gross domestic product,_Z,Not applicable,_Z,Not applicable,_Z,Not applicable,PC,Percentage change,L,Chain linked volume,G1,"Growth rate, period on period",T0102,Table 0102 - GDP identity from the expenditure side,2014-Q2,,0.911555413,,,,,,F,Free (free for publication),1,One,A,Normal value,0,Units,_Z,Not applicable
DATAFLOW,OECD.SDD.NAD:DSD_NAMAIN1@DF_QNA_EXPENDITURE_GROWTH_G20(1.1),Quarterly real GDP growth - G20 countries,I,Q,Quarterly,Y,Calendar and seasonally adjusted,CAN,Canada,S1,Total economy,S1,Total economy,B1GQ,Gross domestic product,_Z,Not applicable,_Z,Not applicable,_Z,Not applicable,PC,Percentage change,L,Chain linked volume,G1,"Growth rate, period on period",T0102,Table 0102 - GDP identity from the expenditure side,2014-Q3,,0.958574349,,,,,,F,Free (free for publication),1,One,A,Normal value,0,Units,_Z,Not applicable
DATAFLOW,OECD.SDD.NAD:DSD_NAMAIN1@DF_QNA_EXPENDITURE_GROWTH_G20(1.1),Quarterly real GDP growth - G20 countries,I,Q,Quarterly,Y,Calendar and seasonally adjusted,CAN,Canada,S1,Total economy,S1,Total economy,B1GQ,Gross domestic product,_Z,Not applicable,_Z,Not applicable,_Z,Not applicable,PC,Percentage change,L,Chain linked volume,G1,"Growth rate, period on period",T0102,Table 0102 - GDP identity from the expenditure side,2014-Q4,,0.691167613,,,,,,F,Free (free for publication),1,One,A,Normal value,0,Units,_Z,Not applicable
DATAFLOW,OECD.SDD.NAD:DSD_NAMAIN1@DF_QNA_EXPENDITURE_GROWTH_G20(1.1),Quarterly real GDP growth - G20 countries,I,Q,Quarterly,Y,Calendar and seasonally adjusted,CAN,Canada,S1,Total economy,S1,Total economy,B1GQ,Gross domestic product,_Z,Not applicable,_Z,Not applicable,_Z,Not applicable,PC,Percentage change,L,Chain linked volume,G1,"Growth rate, period on period",T0102,Table 0102 - GDP identity from the expenditure side,2015-Q1,,-0.55677898,,,,,,F,Free (free for publication),1,One,A,Normal value,0,Units,_Z,Not applicable
DATAFLOW,OECD.SDD.NAD:DSD_NAMAIN1@DF_QNA_EXPENDITURE_GROWTH_G20(1.1),Quarterly real GDP growth - G20 countries,I,Q,Quarterly,Y,Calendar and seasonally adjusted,CAN,Canada,S1,Total economy,S1,Total economy,B1GQ,Gross domestic product,_Z,Not applicable,_Z,Not applicable,_Z,Not applicable,PC,Percentage change,L,Chain linked volume,G1,"Growth rate, period on period",T0102,Table 0102 - GDP identity from the expenditure side,2015-Q2,,-0.272994458,,,,,,F,Free (free for publication),1,One,A,Normal value,0,Units,_Z,Not applicable
DATAFLOW,OECD.SDD.NAD:DSD_NAMAIN1@DF_QNA_EXPENDITURE_GROWTH_G20(1.1),Quarterly real GDP growth - G20 countries,I,Q,Quarterly,Y,Calendar and seasonally adjusted,CAN,Canada,S1,Total economy,S1,Total economy,B1GQ,Gross domestic product,_Z,Not applicable,_Z,Not applicable,_Z,Not applicable,PC,Percentage change,L,Chain linked volume,G1,"Growth rate, period on period",T0102,Table 0102 - GDP identity from the expenditure side,2015-Q3,,0.358097519,,,,,,F,Free (free for publication),1,One,A,Normal value,0,Units,_Z,Not applicable
DATAFLOW,OECD.SDD.NAD:DSD_NAMAIN1@DF_QNA_EXPENDITURE_GROWTH_G20(1.1),Quarterly real GDP growth - G20 countries,I,Q,Quarterly,Y,Calendar and seasonally adjusted,CAN,Canada,S1,Total economy,S1,Total economy,B1GQ,Gross domestic product,_Z,Not applicable,_Z,Not applicable,_Z,Not applicable,PC,Percentage change,L,Chain linked volume,G1,"Growth rate, period on period",T0102,Table 0102 - GDP identity from the expenditure side,2015-Q4,,0.066272079,,,,,,F,Free (free for publication),1,One,A,Normal value,0,Units,_Z,Not applicable
DATAFLOW,OECD.SDD.NAD:DSD_NAMAIN1@DF_QNA_EXPENDITURE_GROWTH_G20(1.1),Quarterly real GDP growth - G20 countries,I,Q,Quarterly,Y,Calendar and seasonally adjusted,CAN,Canada,S1,Total economy,S1,Total economy,B1GQ,Gross domestic product,_Z,Not applicable,_Z,Not applicable,_Z,Not applicable,PC,Percentage change,L,Chain linked volume,G1,"Growth rate, period on period",T0102,Table 0102 - GDP identity from the expenditure side,2016-Q1,,0.591683798,,,,,,F,Free (free for publication),1,One,A,Normal value,0,Units,_Z,Not applicable
DATAFLOW,OECD.SDD.NAD:DSD_NAMAIN1@DF_QNA_EXPENDITURE_GROWTH_G20(1.1),Quarterly real GDP growth - G20 countries,I,Q,Quarterly,Y,Calendar and seasonally adjusted,CAN,Canada,S1,Total economy,S1,Total economy,B1GQ,Gross domestic product,_Z,Not applicable,_Z,Not applicable,_Z,Not applicable,PC,Percentage change,L,Chain linked volume,G1,"Growth rate, period on period",T0102,Table 0102 - GDP identity from the expenditure side,2016-Q2,,-0.498133929,,,,,,F,Free (free for publication),1,One,A,Normal value,0,Units,_Z,Not applicable
DATAFLOW,OECD.SDD.NAD:DSD_NAMAIN1@DF_QNA_EXPENDITURE_GROWTH_G20(1.1),Quarterly real GDP growth - G20 countries,I,Q,Quarterly,Y,Calendar and seasonally adjusted,CAN,Canada,S1,Total economy,S1,Total economy,B1GQ,Gross domestic product,_Z,Not applicable,_Z,Not applicable,_Z,Not applicable,PC,Percentage change,L,Chain linked volume,G1,"Growth rate, period on period",T0102,Table 0102 - GDP identity from the expenditure side,2016-Q3,,1.03778381,,,,,,F,Free (free for publication),1,One,A,Normal value,0,Units,_Z,Not applicable
DATAFLOW,OECD.SDD.NAD:DSD_NAMAIN1@DF_QNA_EXPENDITURE_GROWTH_G20(1.1),Quarterly real GDP growth - G20 countries,I,Q,Quarterly,Y,Calendar and seasonally adjusted,CAN,Canada,S1,Total economy,S1,Total economy,B1GQ,Gross domestic product,_Z,Not applicable,_Z,Not applicable,_Z,Not applicable,PC,Percentage change,L,Chain linked volume,G1,"Growth rate, period on period",T0102,Table 0102 - GDP identity from the expenditure side,2016-Q4,,0.561022275,,,,,,F,Free (free for publication),1,One,A,Normal value,0,Units,_Z,Not applicable
DATAFLOW,OECD.SDD.NAD:DSD_NAMAIN1@DF_QNA_EXPENDITURE_GROWTH_G20(1.1),Quarterly real GDP growth - G20 countries,I,Q,Quarterly,Y,Calendar and seasonally adjusted,CAN,Canada,S1,Total economy,S1,Total economy,B1GQ,Gross domestic product,_Z,Not applicable,_Z,Not applicable,_Z,Not applicable,PC,Percentage change,L,Chain linked volume,G1,"Growth rate, period on period",T0102,Table 0102 - GDP identity from the expenditure side,2017-Q1,,1.258206055,,,,,,F,Free (free for publication),1,One,A,Normal value,0,Units,_Z,Not applicable
DATAFLOW,OECD.SDD.NAD:DSD_NAMAIN1@DF_QNA_EXPENDITURE_GROWTH_G20(1.1),Quarterly real GDP growth - G20 countries,I,Q,Quarterly,Y,Calendar and seasonally adjusted,CAN,Canada,S1,Total economy,S1,Total economy,B1GQ,Gross domestic product,_Z,Not applicable,_Z,Not applicable,_Z,Not applicable,PC,Percentage change,L,Chain linked volume,G1,"Growth rate, period on period",T0102,Table 0102 - GDP identity from the expenditure side,2017-Q2,,1.052553159,,,,,,F,Free (free for publication),1,One,A,Normal value,0,Units,_Z,Not applicable
DATAFLOW,OECD.SDD.NAD:DSD_NAMAIN1@DF_QNA_EXPENDITURE_GROWTH_G20(1.1),Quarterly real GDP growth - G20 countries,I,Q,Quarterly,Y,Calendar and seasonally adjusted,CAN,Canada,S1,Total economy,S1,Total economy,B1GQ,Gross domestic product,_Z,Not applicable,_Z,Not applicable,_Z,Not applicable,PC,Percentage change,L,Chain linked volume,G1,"Growth rate, period on period",T0102,Table 0102 - GDP identity from the expenditure side,2017-Q3,,0.031402141,,,,,,F,Free (free for publication),1,One,A,Normal value,0,Units,_Z,Not applicable
DATAFLOW,OECD.SDD.NAD:DSD_NAMAIN1@DF_QNA_EXPENDITURE_GROWTH_G20(1.1),Quarterly real GDP growth - G20 countries,I,Q,Quarterly,Y,Calendar and seasonally adjusted,CAN,Canada,S1,Total economy,S1,Total economy,B1GQ,Gross domestic product,_Z,Not applicable,_Z,Not applicable,_Z,Not applicable,PC,Percentage change,L,Chain linked volume,G1,"Growth rate, period on period",T0102,Table 0102 - GDP identity from the expenditure side,2017-Q4,,0.507360861,,,,,,F,Free (free for publication),1,One,A,Normal value,0,Units,_Z,Not applicable
DATAFLOW,OECD.SDD.NAD:DSD_NAMAIN1@DF_QNA_EXPENDITURE_GROWTH_G20(1.1),Quarterly real GDP growth - G20 countries,I,Q,Quarterly,Y,Calendar and seasonally adjusted,CAN,Canada,S1,Total economy,S1,Total economy,B1GQ,Gross domestic product,_Z,Not applicable,_Z,Not applicable,_Z,Not applicable,PC,Percentage change,L,Chain linked volume,G1,"Growth rate, period on period",T0102,Table 0102 - GDP identity from the expenditure side,2018-Q1,,1.162519794,,,,,,F,Free (free for publication),1,One,A,Normal value,0,Units,_Z,Not applicable
DATAFLOW,OECD.SDD.NAD:DSD_NAMAIN1@DF_QNA_EXPENDITURE_GROWTH_G20(1.1),Quarterly real GDP growth - G20 countries,I,Q,Quarterly,Y,Calendar and seasonally adjusted,CAN,Canada,S1,Total economy,S1,Total economy,B1GQ,Gross domestic product,_Z,Not applicable,_Z,Not applicable,_Z,Not applicable,PC,Percentage change,L,Chain linked volume,G1,"Growth rate, period on period",T0102,Table 0102 - GDP identity from the expenditure side,2018-Q2,,0.780038215,,,,,,F,Free (free for publication),1,One,A,Normal value,0,Units,_Z,Not applicable
DATAFLOW,OECD.SDD.NAD:DSD_NAMAIN1@DF_QNA_EXPENDITURE_GROWTH_G20(1.1),Quarterly real GDP growth - G20 countries,I,Q,Quarterly,Y,Calendar and seasonally adjusted,CAN,Canada,S1,Total economy,S1,Total economy,B1GQ,Gross domestic product,_Z,Not applicable,_Z,Not applicable,_Z,Not applicable,PC,Percentage change,L,Chain linked volume,G1,"Growth rate, period on period",T0102,Table 0102 - GDP identity from the expenditure side,2018-Q3,,0.504422861,,,,,,F,Free (free for publication),1,One,A,Normal value,0,Units,_Z,Not applicable
DATAFLOW,OECD.SDD.NAD:DSD_NAMAIN1@DF_QNA_EXPENDITURE_GROWTH_G20(1.1),Quarterly real GDP growth - G20 countries,I,Q,Quarterly,Y,Calendar and seasonally adjusted,CAN,Canada,S1,Total economy,S1,Total economy,B1GQ,Gross domestic product,_Z,Not applicable,_Z,Not applicable,_Z,Not applicable,PC,Percentage change,L,Chain linked volume,G1,"Growth rate, period on period",T0102,Table 0102 - GDP identity from the expenditure side,2018-Q4,,0.235568646,,,,,,F,Free (free for publication),1,One,A,Normal value,0,Units,_Z,Not applicable
DATAFLOW,OECD.SDD.NAD:DSD_NAMAIN1@DF_QNA_EXPENDITURE_GROWTH_G20(1.1),Quarterly real GDP growth - G20 countries,I,Q,Quarterly,Y,Calendar and seasonally adjusted,CAN,Canada,S1,Total economy,S1,Total economy,B1GQ,Gross domestic product,_Z,Not applicable,_Z,Not applicable,_Z,Not applicable,PC,Percentage change,L,Chain linked volume,G1,"Growth rate, period on period",T0102,Table 0102 - GDP identity from the expenditure side,2019-Q1,,0.240663338,,,,,,F,Free (free for publication),1,One,A,Normal value,0,Units,_Z,Not applicable
DATAFLOW,OECD.SDD.NAD:DSD_NAMAIN1@DF_QNA_EXPENDITURE_GROWTH_G20(1.1),Quarterly real GDP growth - G20 countries,I,Q,Quarterly,Y,Calendar and seasonally adjusted,CAN,Canada,S1,Total economy,S1,Total economy,B1GQ,Gross domestic product,_Z,Not applicable,_Z,Not applicable,_Z,Not applicable,PC,Percentage change,L,Chain linked volume,G1,"Growth rate, period on period",T0102,Table 0102 - GDP identity from the expenditure side,2019-Q2,,1.094764819,,,,,,F,Free (free for publication),1,One,A,Normal value,0,Units,_Z,Not applicable
DATAFLOW,OECD.SDD.NAD:DSD_NAMAIN1@DF_QNA_EXPENDITURE_GROWTH_G20(1.1),Quarterly real GDP growth - G20 countries,I,Q,Quarterly,Y,Calendar and seasonally adjusted,CAN,Canada,S1,Total economy,S1,Total economy,B1GQ,Gross domestic product,_Z,Not applicable,_Z,Not applicable,_Z,Not applicable,PC,Percentage change,L,Chain linked volume,G1,"Growth rate, period on period",T0102,Table 0102 - GDP identity from the expenditure side,2019-Q3,,0.279623055,,,,,,F,Free (free for publication),1,One,A,Normal value,0,Units,_Z,Not applicable
DATAFLOW,OECD.SDD.NAD:DSD_NAMAIN1@DF_QNA_EXPENDITURE_GROWTH_G20(1.1),Quarterly real GDP growth - G20 countries,I,Q,Quarterly,Y,Calendar and seasonally adjusted,CAN,Canada,S1,Total economy,S1,Total economy,B1GQ,Gross domestic product,_Z,Not applicable,_Z,Not applicable,_Z,Not applicable,PC,Percentage change,L,Chain linked volume,G1,"Growth rate, period on period",T0102,Table 0102 - GDP identity from the expenditure side,2019-Q4,,0.285513174,,,,,,F,Free (free for publication),1,One,A,Normal value,0,Units,_Z,Not applicable
DATAFLOW,OECD.SDD.NAD:DSD_NAMAIN1@DF_QNA_EXPENDITURE_GROWTH_G20(1.1),Quarterly real GDP growth - G20 countries,I,Q,Quarterly,Y,Calendar and seasonally adjusted,CAN,Canada,S1,Total economy,S1,Total economy,B1GQ,Gross domestic product,_Z,Not applicable,_Z,Not applicable,_Z,Not applicable,PC,Percentage change,L,Chain linked volume,G1,"Growth rate, period on period",T0102,Table 0102 - GDP identity from the expenditure side,2020-Q1,,-1.949937792,,,,,,F,Free (free for publication),1,One,A,Normal value,0,Units,_Z,Not applicable
DATAFLOW,OECD.SDD.NAD:DSD_NAMAIN1@DF_QNA_EXPENDITURE_GROWTH_G20(1.1),Quarterly real GDP growth - G20 countries,I,Q,Quarterly,Y,Calendar and seasonally adjusted,CAN,Canada,S1,Total economy,S1,Total economy,B1GQ,Gross domestic product,_Z,Not applicable,_Z,Not applicable,_Z,Not applicable,PC,Percentage change,L,Chain linked volume,G1,"Growth rate, period on period",T0102,Table 0102 - GDP identity from the expenditure side,2020-Q2,,-10.9999385,,,,,,F,Free (free for publication),1,One,A,Normal value,0,Units,_Z,Not applicable
DATAFLOW,OECD.SDD.NAD:DSD_NAMAIN1@DF_QNA_EXPENDITURE_GROWTH_G20(1.1),Quarterly real GDP growth - G20 countries,I,Q,Quarterly,Y,Calendar and seasonally adjusted,CAN,Canada,S1,Total economy,S1,Total economy,B1GQ,Gross domestic product,_Z,Not applicable,_Z,Not applicable,_Z,Not applicable,PC,Percentage change,L,Chain linked volume,G1,"Growth rate, period on period",T0102,Table 0102 - GDP identity from the expenditure side,2020-Q3,,9.083513962,,,,,,F,Free (free for publication),1,One,A,Normal value,0,Units,_Z,Not applicable
DATAFLOW,OECD.SDD.NAD:DSD_NAMAIN1@DF_QNA_EXPENDITURE_GROWTH_G20(1.1),Quarterly real GDP growth - G20 countries,I,Q,Quarterly,Y,Calendar and seasonally adjusted,CAN,Canada,S1,Total economy,S1,Total economy,B1GQ,Gross domestic product,_Z,Not applicable,_Z,Not applicable,_Z,Not applicable,PC,Percentage change,L,Chain linked volume,G1,"Growth rate, period on period",T0102,Table 0102 - GDP identity from the expenditure side,2020-Q4,,1.87838191,,,,,,F,Free (free for publication),1,One,A,Normal value,0,Units,_Z,Not applicable
DATAFLOW,OECD.SDD.NAD:DSD_NAMAIN1@DF_QNA_EXPENDITURE_GROWTH_G20(1.1),Quarterly real GDP growth - G20 countries,I,Q,Quarterly,Y,Calendar and seasonally adjusted,CAN,Canada,S1,Total economy,S1,Total economy,B1GQ,Gross domestic product,_Z,Not applicable,_Z,Not applicable,_Z,Not applicable,PC,Percentage change,L,Chain linked volume,G1,"Growth rate, period on period",T0102,Table 0102 - GDP identity from the expenditure side,2021-Q1,,1.703571827,,,,,,F,Free (free for publication),1,One,A,Normal value,0,Units,_Z,Not applicable
DATAFLOW,OECD.SDD.NAD:DSD_NAMAIN1@DF_QNA_EXPENDITURE_GROWTH_G20(1.1),Quarterly real GDP growth - G20 countries,I,Q,Quarterly,Y,Calendar and seasonally adjusted,CAN,Canada,S1,Total economy,S1,Total economy,B1GQ,Gross domestic product,_Z,Not applicable,_Z,Not applicable,_Z,Not applicable,PC,Percentage change,L,Chain linked volume,G1,"Growth rate, period on period",T0102,Table 0102 - GDP identity from the expenditure side,2021-Q2,,-0.117195455,,,,,,F,Free (free for publication),1,One,A,Normal value,0,Units,_Z,Not applicable
DATAFLOW,OECD.SDD.NAD:DSD_NAMAIN1@DF_QNA_EXPENDITURE_GROWTH_G20(1.1),Quarterly real GDP growth - G20 countries,I,Q,Quarterly,Y,Calendar and seasonally adjusted,CAN,Canada,S1,Total economy,S1,Total economy,B1GQ,Gross domestic product,_Z,Not applicable,_Z,Not applicable,_Z,Not applicable,PC,Percentage change,L,Chain linked volume,G1,"Growth rate, period on period",T0102,Table 0102 - GDP identity from the expenditure side,2021-Q3,,2.014508421,,,,,,F,Free (free for publication),1,One,A,Normal value,0,Units,_Z,Not applicable
DATAFLOW,OECD.SDD.NAD:DSD_NAMAIN1@DF_QNA_EXPENDITURE_GROWTH_G20(1.1),Quarterly real GDP growth - G20 countries,I,Q,Quarterly,Y,Calendar and seasonally adjusted,CAN,Canada,S1,Total economy,S1,Total economy,B1GQ,Gross domestic product,_Z,Not applicable,_Z,Not applicable,_Z,Not applicable,PC,Percentage change,L,Chain linked volume,G1,"Growth rate, period on period",T0102,Table 0102 - GDP identity from the expenditure side,2021-Q4,,1.790401837,,,,,,F,Free (free for publication),1,One,A,Normal value,0,Units,_Z,Not applicable
DATAFLOW,OECD.SDD.NAD:DSD_NAMAIN1@DF_QNA_EXPENDITURE_GROWTH_G20(1.1),Quarterly real GDP growth - G20 countries,I,Q,Quarterly,Y,Calendar and seasonally adjusted,CAN,Canada,S1,Total economy,S1,Total economy,B1GQ,Gross domestic product,_Z,Not applicable,_Z,Not applicable,_Z,Not applicable,PC,Percentage change,L,Chain linked volume,G1,"Growth rate, period on period",T0102,Table 0102 - GDP identity from the expenditure side,2022-Q1,,1.036830407,,,,,,F,Free (free for publication),1,One,A,Normal value,0,Units,_Z,Not applicable
DATAFLOW,OECD.SDD.NAD:DSD_NAMAIN1@DF_QNA_EXPENDITURE_GROWTH_G20(1.1),Quarterly real GDP growth - G20 countries,I,Q,Quarterly,Y,Calendar and seasonally adjusted,CAN,Canada,S1,Total economy,S1,Total economy,B1GQ,Gross domestic product,_Z,Not applicable,_Z,Not applicable,_Z,Not applicable,PC,Percentage change,L,Chain linked volume,G1,"Growth rate, period on period",T0102,Table 0102 - GDP identity from the expenditure side,2022-Q2,,1.137637883,,,,,,F,Free (free for publication),1,One,A,Normal value,0,Units,_Z,Not applicable
DATAFLOW,OECD.SDD.NAD:DSD_NAMAIN1@DF_QNA_EXPENDITURE_GROWTH_G20(1.1),Quarterly real GDP growth - G20 countries,I,Q,Quarterly,Y,Calendar and seasonally adjusted,CAN,Canada,S1,Total economy,S1,Total economy,B1GQ,Gross domestic product,_Z,Not applicable,_Z,Not applicable,_Z,Not applicable,PC,Percentage change,L,Chain linked volume,G1,"Growth rate, period on period",T0102,Table 0102 - GDP identity from the expenditure side,2022-Q3,,0.808765958,,,,,,F,Free (free for publication),1,One,A,Normal value,0,Units,_Z,Not applicable
DATAFLOW,OECD.SDD.NAD:DSD_NAMAIN1@DF_QNA_EXPENDITURE_GROWTH_G20(1.1),Quarterly real GDP growth - G20 countries,I,Q,Quarterly,Y,Calendar and seasonally adjusted,CAN,Canada,S1,Total economy,S1,Total economy,B1GQ,Gross domestic product,_Z,Not applicable,_Z,Not applicable,_Z,Not applicable,PC,Percentage change,L,Chain linked volume,G1,"Growth rate, period on period",T0102,Table 0102 - GDP identity from the expenditure side,2022-Q4,,0.062901444,,,,,,F,Free (free for publication),1,One,A,Normal value,0,Units,_Z,Not applicable
DATAFLOW,OECD.SDD.NAD:DSD_NAMAIN1@DF_QNA_EXPENDITURE_GROWTH_G20(1.1),Quarterly real GDP growth - G20 countries,I,Q,Quarterly,Y,Calendar and seasonally adjusted,CAN,Canada,S1,Total economy,S1,Total economy,B1GQ,Gross domestic product,_Z,Not applicable,_Z,Not applicable,_Z,Not applicable,PC,Percentage change,L,Chain linked volume,G1,"Growth rate, period on period",T0102,Table 0102 - GDP identity from the expenditure side,2023-Q1,,1.05267407,,,,,,F,Free (free for publication),1,One,A,Normal value,0,Units,_Z,Not applicable
DATAFLOW,OECD.SDD.NAD:DSD_NAMAIN1@DF_QNA_EXPENDITURE_GROWTH_G20(1.1),Quarterly real GDP growth - G20 countries,I,Q,Quarterly,Y,Calendar and seasonally adjusted,CAN,Canada,S1,Total economy,S1,Total economy,B1GQ,Gross domestic product,_Z,Not applicable,_Z,Not applicable,_Z,Not applicable,PC,Percentage change,L,Chain linked volume,G1,"Growth rate, period on period",T0102,Table 0102 - GDP identity from the expenditure side,2023-Q2,,0.159574645,,,,,,F,Free (free for publication),1,One,A,Normal value,0,Units,_Z,Not applicable
DATAFLOW,OECD.SDD.NAD:DSD_NAMAIN1@DF_QNA_EXPENDITURE_GROWTH_G20(1.1),Quarterly real GDP growth - G20 countries,I,Q,Quarterly,Y,Calendar and seasonally adjusted,CAN,Canada,S1,Total economy,S1,Total economy,B1GQ,Gross domestic product,_Z,Not applicable,_Z,Not applicable,_Z,Not applicable,PC,Percentage change,L,Chain linked volume,G1,"Growth rate, period on period",T0102,Table 0102 - GDP identity from the expenditure side,2023-Q3,,0.050143347,,,,,,F,Free (free for publication),1,One,A,Normal value,0,Units,_Z,Not applicable
DATAFLOW,OECD.SDD.NAD:DSD_NAMAIN1@DF_QNA_EXPENDITURE_GROWTH_G20(1.1),Quarterly real GDP growth - G20 countries,I,Q,Quarterly,Y,Calendar and seasonally adjusted,CAN,Canada,S1,Total economy,S1,Total economy,B1GQ,Gross domestic product,_Z,Not applicable,_Z,Not applicable,_Z,Not applicable,PC,Percentage change,L,Chain linked volume,G1,"Growth rate, period on period",T0102,Table 0102 - GDP identity from the expenditure side,2023-Q4,,0.051696088,,,,,,F,Free (free for publication),1,One,A,Normal value,0,Units,_Z,Not applicable
DATAFLOW,OECD.SDD.NAD:DSD_NAMAIN1@DF_QNA_EXPENDITURE_GROWTH_G20(1.1),Quarterly real GDP growth - G20 countries,I,Q,Quarterly,Y,Calendar and seasonally adjusted,CAN,Canada,S1,Total economy,S1,Total economy,B1GQ,Gross domestic product,_Z,Not applicable,_Z,Not applicable,_Z,Not applicable,PC,Percentage change,L,Chain linked volume,G1,"Growth rate, period on period",T0102,Table 0102 - GDP identity from the expenditure side,2024-Q1,,0.728641975,,,,,,F,Free (free for publication),1,One,A,Normal value,0,Units,_Z,Not applicable
DATAFLOW,OECD.SDD.NAD:DSD_NAMAIN1@DF_QNA_EXPENDITURE_GROWTH_G20(1.1),Quarterly real GDP growth - G20 countries,I,Q,Quarterly,Y,Calendar and seasonally adjusted,CAN,Canada,S1,Total economy,S1,Total economy,B1GQ,Gross domestic product,_Z,Not applicable,_Z,Not applicable,_Z,Not applicable,PC,Percentage change,L,Chain linked volume,G1,"Growth rate, period on period",T0102,Table 0102 - GDP identity from the expenditure side,2024-Q2,,0.815991707,,,,,,F,Free (free for publication),1,One,A,Normal value,0,Units,_Z,Not applicable
DATAFLOW,OECD.SDD.NAD:DSD_NAMAIN1@DF_QNA_EXPENDITURE_GROWTH_G20(1.1),Quarterly real GDP growth - G20 countries,I,Q,Quarterly,Y,Calendar and seasonally adjusted,CAN,Canada,S1,Total economy,S1,Total economy,B1GQ,Gross domestic product,_Z,Not applicable,_Z,Not applicable,_Z,Not applicable,PC,Percentage change,L,Chain linked volume,G1,"Growth rate, period on period",T0102,Table 0102 - GDP identity from the expenditure side,2024-Q3,,0.819154584,,,,,,F,Free (free for publication),1,One,A,Normal value,0,Units,_Z,Not applicable
DATAFLOW,OECD.SDD.NAD:DSD_NAMAIN1@DF_QNA_EXPENDITURE_GROWTH_G20(1.1),Quarterly real GDP growth - G20 countries,I,Q,Quarterly,Y,Calendar and seasonally adjusted,CAN,Canada,S1,Total economy,S1,Total economy,B1GQ,Gross domestic product,_Z,Not applicable,_Z,Not applicable,_Z,Not applicable,PC,Percentage change,L,Chain linked volume,G1,"Growth rate, period on period",T0102,Table 0102 - GDP identity from the expenditure side,2024-Q4,,0.701430953,,,,,,F,Free (free for publication),1,One,A,Normal value,0,Units,_Z,Not applicable
DATAFLOW,OECD.SDD.NAD:DSD_NAMAIN1@DF_QNA_EXPENDITURE_GROWTH_G20(1.1),Quarterly real GDP growth - G20 countries,I,Q,Quarterly,Y,Calendar and seasonally adjusted,CAN,Canada,S1,Total economy,S1,Total economy,B1GQ,Gross domestic product,_Z,Not applicable,_Z,Not applicable,_Z,Not applicable,PC,Percentage change,L,Chain linked volume,G1,"Growth rate, period on period",T0102,Table 0102 - GDP identity from the expenditure side,2025-Q1,,0.539919115,,,,,,F,Free (free for publication),1,One,A,Normal value,0,Units,_Z,Not applicable
DATAFLOW,OECD.SDD.NAD:DSD_NAMAIN1@DF_QNA_EXPENDITURE_GROWTH_G20(1.1),Quarterly real GDP growth - G20 countries,I,Q,Quarterly,Y,Calendar and seasonally adjusted,CAN,Canada,S1,Total economy,S1,Total economy,B1GQ,Gross domestic product,_Z,Not applicable,_Z,Not applicable,_Z,Not applicable,PC,Percentage change,L,Chain linked volume,G1,"Growth rate, period on period",T0102,Table 0102 - GDP identity from the expenditure side,2025-Q2,,-0.465593188,,,,,,F,Free (free for publication),1,One,A,Normal value,0,Units,_Z,Not applicable
DATAFLOW,OECD.SDD.NAD:DSD_NAMAIN1@DF_QNA_EXPENDITURE_GROWTH_G20(1.1),Quarterly real GDP growth - G20 countries,I,Q,Quarterly,Y,Calendar and seasonally adjusted,CAN,Canada,S1,Total economy,S1,Total economy,B1GQ,Gross domestic product,_Z,Not applicable,_Z,Not applicable,_Z,Not applicable,PC,Percentage change,L,Chain linked volume,G1,"Growth rate, period on period",T0102,Table 0102 - GDP identity from the expenditure side,2025-Q3,,0.644598147,,,,,,F,Free (free for publication),1,One,A,Normal value,0,Units,_Z,Not applicable
DATAFLOW,OECD.SDD.NAD:DSD_NAMAIN1@DF_QNA_EXPENDITURE_GROWTH_G20(1.1),Quarterly real GDP growth - G20 countries,I,Q,Quarterly,Y,Calendar and seasonally adjusted,KOR,Korea,S1,Total economy,S1,Total economy,B1GQ,Gross domestic product,_Z,Not applicable,_Z,Not applicable,_Z,Not applicable,PC,Percentage change,L,Chain linked volume,G1,"Growth rate, period on period",T0102,Table 0102 - GDP identity from the expenditure side,2016-Q1,,0.384973125,,,,,,F,Free (free for publication),1,One,A,Normal value,0,Units,_Z,Not applicable
DATAFLOW,OECD.SDD.NAD:DSD_NAMAIN1@DF_QNA_EXPENDITURE_GROWTH_G20(1.1),Quarterly real GDP growth - G20 countries,I,Q,Quarterly,Y,Calendar and seasonally adjusted,KOR,Korea,S1,Total economy,S1,Total economy,B1GQ,Gross domestic product,_Z,Not applicable,_Z,Not applicable,_Z,Not applicable,PC,Percentage change,L,Chain linked volume,G1,"Growth rate, period on period",T0102,Table 0102 - GDP identity from the expenditure side,2016-Q2,,1.25345778,,,,,,F,Free (free for publication),1,One,A,Normal value,0,Units,_Z,Not applicable
DATAFLOW,OECD.SDD.NAD:DSD_NAMAIN1@DF_QNA_EXPENDITURE_GROWTH_G20(1.1),Quarterly real GDP growth - G20 countries,I,Q,Quarterly,Y,Calendar and seasonally adjusted,KOR,Korea,S1,Total economy,S1,Total economy,B1GQ,Gross domestic product,_Z,Not applicable,_Z,Not applicable,_Z,Not applicable,PC,Percentage change,L,Chain linked volume,G1,"Growth rate, period on period",T0102,Table 0102 - GDP identity from the expenditure side,2016-Q3,,0.386719421,,,,,,F,Free (free for publication),1,One,A,Normal value,0,Units,_Z,Not applicable
DATAFLOW,OECD.SDD.NAD:DSD_NAMAIN1@DF_QNA_EXPENDITURE_GROWTH_G20(1.1),Quarterly real GDP growth - G20 countries,I,Q,Quarterly,Y,Calendar and seasonally adjusted,KOR,Korea,S1,Total economy,S1,Total economy,B1GQ,Gross domestic product,_Z,Not applicable,_Z,Not applicable,_Z,Not applicable,PC,Percentage change,L,Chain linked volume,G1,"Growth rate, period on period",T0102,Table 0102 - GDP identity from the expenditure side,2016-Q4,,0.770438323,,,,,,F,Free (free for publication),1,One,A,Normal value,0,Units,_Z,Not applicable
DATAFLOW,OECD.SDD.NAD:DSD_NAMAIN1@DF_QNA_EXPENDITURE_GROWTH_G20(1.1),Quarterly real GDP growth - G20 countries,I,Q,Quarterly,Y,Calendar and seasonally adjusted,KOR,Korea,S1,Total economy,S1,Total economy,B1GQ,Gross domestic product,_Z,Not applicable,_Z,Not applicable,_Z,Not applicable,PC,Percentage change,L,Chain linked volume,G1,"Growth rate, period on period",T0102,Table 0102 - GDP identity from the expenditure side,2017-Q1,,1.128532056,,,,,,F,Free (free for publication),1,One,A,Normal value,0,Units,_Z,Not applicable
DATAFLOW,OECD.SDD.NAD:DSD_NAMAIN1@DF_QNA_EXPENDITURE_GROWTH_G20(1.1),Quarterly real GDP growth - G20 countries,I,Q,Quarterly,Y,Calendar and seasonally adjusted,KOR,Korea,S1,Total economy,S1,Total economy,B1GQ,Gross domestic product,_Z,Not applicable,_Z,Not applicable,_Z,Not applicable,PC,Percentage change,L,Chain linked volume,G1,"Growth rate, period on period",T0102,Table 0102 - GDP identity from the expenditure side,2017-Q2,,0.734581083,,,,,,F,Free (free for publication),1,One,A,Normal value,0,Units,_Z,Not applicable
DATAFLOW,OECD.SDD.NAD:DSD_NAMAIN1@DF_QNA_EXPENDITURE_GROWTH_G20(1.1),Quarterly real GDP growth - G20 countries,I,Q,Quarterly,Y,Calendar and seasonally adjusted,KOR,Korea,S1,Total economy,S1,Total economy,B1GQ,Gross domestic product,_Z,Not applicable,_Z,Not applicable,_Z,Not applicable,PC,Percentage change,L,Chain linked volume,G1,"Growth rate, period on period",T0102,Table 0102 - GDP identity from the expenditure side,2017-Q3,,1.374991253,,,,,,F,Free (free for publication),1,One,A,Normal value,0,Units,_Z,Not applicable
DATAFLOW,OECD.SDD.NAD:DSD_NAMAIN1@DF_QNA_EXPENDITURE_GROWTH_G20(1.1),Quarterly real GDP growth - G20 countries,I,Q,Quarterly,Y,Calendar and seasonally adjusted,KOR,Korea,S1,Total economy,S1,Total economy,B1GQ,Gross domestic product,_Z,Not applicable,_Z,Not applicable,_Z,Not applicable,PC,Percentage change,L,Chain linked volume,G1,"Growth rate, period on period",T0102,Table 0102 - GDP identity from the expenditure side,2017-Q4,,-0.232747529,,,,,,F,Free (free for publication),1,One,A,Normal value,0,Units,_Z,Not applicable
DATAFLOW,OECD.SDD.NAD:DSD_NAMAIN1@DF_QNA_EXPENDITURE_GROWTH_G20(1.1),Quarterly real GDP growth - G20 countries,I,Q,Quarterly,Y,Calendar and seasonally adjusted,KOR,Korea,S1,Total economy,S1,Total economy,B1GQ,Gross domestic product,_Z,Not applicable,_Z,Not applicable,_Z,Not applicable,PC,Percentage change,L,Chain linked volume,G1,"Growth rate, period on period",T0102,Table 0102 - GDP identity from the expenditure side,2018-Q1,,1.470061962,,,,,,F,Free (free for publication),1,One,A,Normal value,0,Units,_Z,Not applicable
DATAFLOW,OECD.SDD.NAD:DSD_NAMAIN1@DF_QNA_EXPENDITURE_GROWTH_G20(1.1),Quarterly real GDP growth - G20 countries,I,Q,Quarterly,Y,Calendar and seasonally adjusted,KOR,Korea,S1,Total economy,S1,Total economy,B1GQ,Gross domestic product,_Z,Not applicable,_Z,Not applicable,_Z,Not applicable,PC,Percentage change,L,Chain linked volume,G1,"Growth rate, period on period",T0102,Table 0102 - GDP identity from the expenditure side,2018-Q2,,0.779646804,,,,,,F,Free (free for publication),1,One,A,Normal value,0,Units,_Z,Not applicable
DATAFLOW,OECD.SDD.NAD:DSD_NAMAIN1@DF_QNA_EXPENDITURE_GROWTH_G20(1.1),Quarterly real GDP growth - G20 countries,I,Q,Quarterly,Y,Calendar and seasonally adjusted,KOR,Korea,S1,Total economy,S1,Total economy,B1GQ,Gross domestic product,_Z,Not applicable,_Z,Not applicable,_Z,Not applicable,PC,Percentage change,L,Chain linked volume,G1,"Growth rate, period on period",T0102,Table 0102 - GDP identity from the expenditure side,2018-Q3,,0.512881686,,,,,,F,Free (free for publication),1,One,A,Normal value,0,Units,_Z,Not applicable
DATAFLOW,OECD.SDD.NAD:DSD_NAMAIN1@DF_QNA_EXPENDITURE_GROWTH_G20(1.1),Quarterly real GDP growth - G20 countries,I,Q,Quarterly,Y,Calendar and seasonally adjusted,KOR,Korea,S1,Total economy,S1,Total economy,B1GQ,Gross domestic product,_Z,Not applicable,_Z,Not applicable,_Z,Not applicable,PC,Percentage change,L,Chain linked volume,G1,"Growth rate, period on period",T0102,Table 0102 - GDP identity from the expenditure side,2018-Q4,,0.559133995,,,,,,F,Free (free for publication),1,One,A,Normal value,0,Units,_Z,Not applicable
DATAFLOW,OECD.SDD.NAD:DSD_NAMAIN1@DF_QNA_EXPENDITURE_GROWTH_G20(1.1),Quarterly real GDP growth - G20 countries,I,Q,Quarterly,Y,Calendar and seasonally adjusted,KOR,Korea,S1,Total economy,S1,Total economy,B1GQ,Gross domestic product,_Z,Not applicable,_Z,Not applicable,_Z,Not applicable,PC,Percentage change,L,Chain linked volume,G1,"Growth rate, period on period",T0102,Table 0102 - GDP identity from the expenditure side,2019-Q1,,0.084903965,,,,,,F,Free (free for publication),1,One,A,Normal value,0,Units,_Z,Not applicable
DATAFLOW,OECD.SDD.NAD:DSD_NAMAIN1@DF_QNA_EXPENDITURE_GROWTH_G20(1.1),Quarterly real GDP growth - G20 countries,I,Q,Quarterly,Y,Calendar and seasonally adjusted,KOR,Korea,S1,Total economy,S1,Total economy,B1GQ,Gross domestic product,_Z,Not applicable,_Z,Not applicable,_Z,Not applicable,PC,Percentage change,L,Chain linked volume,G1,"Growth rate, period on period",T0102,Table 0102 - GDP identity from the expenditure side,2019-Q2,,1.318708396,,,,,,F,Free (free for publication),1,One,A,Normal value,0,Units,_Z,Not applicable
DATAFLOW,OECD.SDD.NAD:DSD_NAMAIN1@DF_QNA_EXPENDITURE_GROWTH_G20(1.1),Quarterly real GDP growth - G20 countries,I,Q,Quarterly,Y,Calendar and seasonally adjusted,KOR,Korea,S1,Total economy,S1,Total economy,B1GQ,Gross domestic product,_Z,Not applicable,_Z,Not applicable,_Z,Not applicable,PC,Percentage change,L,Chain linked volume,G1,"Growth rate, period on period",T0102,Table 0102 - GDP identity from the expenditure side,2019-Q3,,0.20430127,,,,,,F,Free (free for publication),1,One,A,Normal value,0,Units,_Z,Not applicable
DATAFLOW,OECD.SDD.NAD:DSD_NAMAIN1@DF_QNA_EXPENDITURE_GROWTH_G20(1.1),Quarterly real GDP growth - G20 countries,I,Q,Quarterly,Y,Calendar and seasonally adjusted,KOR,Korea,S1,Total economy,S1,Total economy,B1GQ,Gross domestic product,_Z,Not applicable,_Z,Not applicable,_Z,Not applicable,PC,Percentage change,L,Chain linked volume,G1,"Growth rate, period on period",T0102,Table 0102 - GDP identity from the expenditure side,2019-Q4,,0.997600189,,,,,,F,Free (free for publication),1,One,A,Normal value,0,Units,_Z,Not applicable
DATAFLOW,OECD.SDD.NAD:DSD_NAMAIN1@DF_QNA_EXPENDITURE_GROWTH_G20(1.1),Quarterly real GDP growth - G20 countries,I,Q,Quarterly,Y,Calendar and seasonally adjusted,KOR,Korea,S1,Total economy,S1,Total economy,B1GQ,Gross domestic product,_Z,Not applicable,_Z,Not applicable,_Z,Not applicable,PC,Percentage change,L,Chain linked volume,G1,"Growth rate, period on period",T0102,Table 0102 - GDP identity from the expenditure side,2020-Q1,,-1.284097057,,,,,,F,Free (free for publication),1,One,A,Normal value,0,Units,_Z,Not applicable
DATAFLOW,OECD.SDD.NAD:DSD_NAMAIN1@DF_QNA_EXPENDITURE_GROWTH_G20(1.1),Quarterly real GDP growth - G20 countries,I,Q,Quarterly,Y,Calendar and seasonally adjusted,KOR,Korea,S1,Total economy,S1,Total economy,B1GQ,Gross domestic product,_Z,Not applicable,_Z,Not applicable,_Z,Not applicable,PC,Percentage change,L,Chain linked volume,G1,"Growth rate, period on period",T0102,Table 0102 - GDP identity from the expenditure side,2020-Q2,,-2.73386243,,,,,,F,Free (free for publication),1,One,A,Normal value,0,Units,_Z,Not applicable
DATAFLOW,OECD.SDD.NAD:DSD_NAMAIN1@DF_QNA_EXPENDITURE_GROWTH_G20(1.1),Quarterly real GDP growth - G20 countries,I,Q,Quarterly,Y,Calendar and seasonally adjusted,KOR,Korea,S1,Total economy,S1,Total economy,B1GQ,Gross domestic product,_Z,Not applicable,_Z,Not applicable,_Z,Not applicable,PC,Percentage change,L,Chain linked volume,G1,"Growth rate, period on period",T0102,Table 0102 - GDP identity from the expenditure side,2020-Q3,,2.215423949,,,,,,F,Free (free for publication),1,One,A,Normal value,0,Units,_Z,Not applicable
DATAFLOW,OECD.SDD.NAD:DSD_NAMAIN1@DF_QNA_EXPENDITURE_GROWTH_G20(1.1),Quarterly real GDP growth - G20 countries,I,Q,Quarterly,Y,Calendar and seasonally adjusted,KOR,Korea,S1,Total economy,S1,Total economy,B1GQ,Gross domestic product,_Z,Not applicable,_Z,Not applicable,_Z,Not applicable,PC,Percentage change,L,Chain linked volume,G1,"Growth rate, period on period",T0102,Table 0102 - GDP identity from the expenditure side,2020-Q4,,1.586292665,,,,,,F,Free (free for publication),1,One,A,Normal value,0,Units,_Z,Not applicable
DATAFLOW,OECD.SDD.NAD:DSD_NAMAIN1@DF_QNA_EXPENDITURE_GROWTH_G20(1.1),Quarterly real GDP growth - G20 countries,I,Q,Quarterly,Y,Calendar and seasonally adjusted,KOR,Korea,S1,Total economy,S1,Total economy,B1GQ,Gross domestic product,_Z,Not applicable,_Z,Not applicable,_Z,Not applicable,PC,Percentage change,L,Chain linked volume,G1,"Growth rate, period on period",T0102,Table 0102 - GDP identity from the expenditure side,2021-Q1,,1.521256716,,,,,,F,Free (free for publication),1,One,A,Normal value,0,Units,_Z,Not applicable
DATAFLOW,OECD.SDD.NAD:DSD_NAMAIN1@DF_QNA_EXPENDITURE_GROWTH_G20(1.1),Quarterly real GDP growth - G20 countries,I,Q,Quarterly,Y,Calendar and seasonally adjusted,KOR,Korea,S1,Total economy,S1,Total economy,B1GQ,Gross domestic product,_Z,Not applicable,_Z,Not applicable,_Z,Not applicable,PC,Percentage change,L,Chain linked volume,G1,"Growth rate, period on period",T0102,Table 0102 - GDP identity from the expenditure side,2021-Q2,,1.39219277,,,,,,F,Free (free for publication),1,One,A,Normal value,0,Units,_Z,Not applicable
DATAFLOW,OECD.SDD.NAD:DSD_NAMAIN1@DF_QNA_EXPENDITURE_GROWTH_G20(1.1),Quarterly real GDP growth - G20 countries,I,Q,Quarterly,Y,Calendar and seasonally adjusted,KOR,Korea,S1,Total economy,S1,Total economy,B1GQ,Gross domestic product,_Z,Not applicable,_Z,Not applicable,_Z,Not applicable,PC,Percentage change,L,Chain linked volume,G1,"Growth rate, period on period",T0102,Table 0102 - GDP identity from the expenditure side,2021-Q3,,-0.002285736,,,,,,F,Free (free for publication),1,One,A,Normal value,0,Units,_Z,Not applicable
DATAFLOW,OECD.SDD.NAD:DSD_NAMAIN1@DF_QNA_EXPENDITURE_GROWTH_G20(1.1),Quarterly real GDP growth - G20 countries,I,Q,Quarterly,Y,Calendar and seasonally adjusted,KOR,Korea,S1,Total economy,S1,Total economy,B1GQ,Gross domestic product,_Z,Not applicable,_Z,Not applicable,_Z,Not applicable,PC,Percentage change,L,Chain linked volume,G1,"Growth rate, period on period",T0102,Table 0102 - GDP identity from the expenditure side,2021-Q4,,1.552979367,,,,,,F,Free (free for publication),1,One,A,Normal value,0,Units,_Z,Not applicable
DATAFLOW,OECD.SDD.NAD:DSD_NAMAIN1@DF_QNA_EXPENDITURE_GROWTH_G20(1.1),Quarterly real GDP growth - G20 countries,I,Q,Quarterly,Y,Calendar and seasonally adjusted,KOR,Korea,S1,Total economy,S1,Total economy,B1GQ,Gross domestic product,_Z,Not applicable,_Z,Not applicable,_Z,Not applicable,PC,Percentage change,L,Chain linked volume,G1,"Growth rate, period on period",T0102,Table 0102 - GDP identity from the expenditure side,2022-Q1,,0.380903199,,,,,,F,Free (free for publication),1,One,A,Normal value,0,Units,_Z,Not applicable
DATAFLOW,OECD.SDD.NAD:DSD_NAMAIN1@DF_QNA_EXPENDITURE_GROWTH_G20(1.1),Quarterly real GDP growth - G20 countries,I,Q,Quarterly,Y,Calendar and seasonally adjusted,KOR,Korea,S1,Total economy,S1,Total economy,B1GQ,Gross domestic product,_Z,Not applicable,_Z,Not applicable,_Z,Not applicable,PC,Percentage change,L,Chain linked volume,G1,"Growth rate, period on period",T0102,Table 0102 - GDP identity from the expenditure side,2022-Q2,,0.88452049,,,,,,F,Free (free for publication),1,One,A,Normal value,0,Units,_Z,Not applicable
DATAFLOW,OECD.SDD.NAD:DSD_NAMAIN1@DF_QNA_EXPENDITURE_GROWTH_G20(1.1),Quarterly real GDP growth - G20 countries,I,Q,Quarterly,Y,Calendar and seasonally adjusted,KOR,Korea,S1,Total economy,S1,Total economy,B1GQ,Gross domestic product,_Z,Not applicable,_Z,Not applicable,_Z,Not applicable,PC,Percentage change,L,Chain linked volume,G1,"Growth rate, period on period",T0102,Table 0102 - GDP identity from the expenditure side,2022-Q3,,0.493767774,,,,,,F,Free (free for publication),1,One,A,Normal value,0,Units,_Z,Not applicable
DATAFLOW,OECD.SDD.NAD:DSD_NAMAIN1@DF_QNA_EXPENDITURE_GROWTH_G20(1.1),Quarterly real GDP growth - G20 countries,I,Q,Quarterly,Y,Calendar and seasonally adjusted,KOR,Korea,S1,Total economy,S1,Total economy,B1GQ,Gross domestic product,_Z,Not applicable,_Z,Not applicable,_Z,Not applicable,PC,Percentage change,L,Chain linked volume,G1,"Growth rate, period on period",T0102,Table 0102 - GDP identity from the expenditure side,2022-Q4,,-0.367791505,,,,,,F,Free (free for publication),1,One,A,Normal value,0,Units,_Z,Not applicable
DATAFLOW,OECD.SDD.NAD:DSD_NAMAIN1@DF_QNA_EXPENDITURE_GROWTH_G20(1.1),Quarterly real GDP growth - G20 countries,I,Q,Quarterly,Y,Calendar and seasonally adjusted,KOR,Korea,S1,Total economy,S1,Total economy,B1GQ,Gross domestic product,_Z,Not applicable,_Z,Not applicable,_Z,Not applicable,PC,Percentage change,L,Chain linked volume,G1,"Growth rate, period on period",T0102,Table 0102 - GDP identity from the expenditure side,2023-Q1,,0.355811898,,,,,,F,Free (free for publication),1,One,A,Normal value,0,Units,_Z,Not applicable
DATAFLOW,OECD.SDD.NAD:DSD_NAMAIN1@DF_QNA_EXPENDITURE_GROWTH_G20(1.1),Quarterly real GDP growth - G20 countries,I,Q,Quarterly,Y,Calendar and seasonally adjusted,KOR,Korea,S1,Total economy,S1,Total economy,B1GQ,Gross domestic product,_Z,Not applicable,_Z,Not applicable,_Z,Not applicable,PC,Percentage change,L,Chain linked volume,G1,"Growth rate, period on period",T0102,Table 0102 - GDP identity from the expenditure side,2023-Q2,,0.685038424,,,,,,F,Free (free for publication),1,One,A,Normal value,0,Units,_Z,Not applicable
DATAFLOW,OECD.SDD.NAD:DSD_NAMAIN1@DF_QNA_EXPENDITURE_GROWTH_G20(1.1),Quarterly real GDP growth - G20 countries,I,Q,Quarterly,Y,Calendar and seasonally adjusted,KOR,Korea,S1,Total economy,S1,Total economy,B1GQ,Gross domestic product,_Z,Not applicable,_Z,Not applicable,_Z,Not applicable,PC,Percentage change,L,Chain linked volume,G1,"Growth rate, period on period",T0102,Table 0102 - GDP identity from the expenditure side,2023-Q3,,0.781955526,,,,,,F,Free (free for publication),1,One,A,Normal value,0,Units,_Z,Not applicable
DATAFLOW,OECD.SDD.NAD:DSD_NAMAIN1@DF_QNA_EXPENDITURE_GROWTH_G20(1.1),Quarterly real GDP growth - G20 countries,I,Q,Quarterly,Y,Calendar and seasonally adjusted,KOR,Korea,S1,Total economy,S1,Total economy,B1GQ,Gross domestic product,_Z,Not applicable,_Z,Not applicable,_Z,Not applicable,PC,Percentage change,L,Chain linked volume,G1,"Growth rate, period on period",T0102,Table 0102 - GDP identity from the expenditure side,2023-Q4,,0.490710128,,,,,,F,Free (free for publication),1,One,A,Normal value,0,Units,_Z,Not applicable
DATAFLOW,OECD.SDD.NAD:DSD_NAMAIN1@DF_QNA_EXPENDITURE_GROWTH_G20(1.1),Quarterly real GDP growth - G20 countries,I,Q,Quarterly,Y,Calendar and seasonally adjusted,KOR,Korea,S1,Total economy,S1,Total economy,B1GQ,Gross domestic product,_Z,Not applicable,_Z,Not applicable,_Z,Not applicable,PC,Percentage change,L,Chain linked volume,G1,"Growth rate, period on period",T0102,Table 0102 - GDP identity from the expenditure side,2010-Q1,,2.342948248,,,,,,F,Free (free for publication),1,One,A,Normal value,0,Units,_Z,Not applicable
DATAFLOW,OECD.SDD.NAD:DSD_NAMAIN1@DF_QNA_EXPENDITURE_GROWTH_G20(1.1),Quarterly real GDP growth - G20 countries,I,Q,Quarterly,Y,Calendar and seasonally adjusted,KOR,Korea,S1,Total economy,S1,Total economy,B1GQ,Gross domestic product,_Z,Not applicable,_Z,Not applicable,_Z,Not applicable,PC,Percentage change,L,Chain linked volume,G1,"Growth rate, period on period",T0102,Table 0102 - GDP identity from the expenditure side,2010-Q2,,1.615711536,,,,,,F,Free (free for publication),1,One,A,Normal value,0,Units,_Z,Not applicable
DATAFLOW,OECD.SDD.NAD:DSD_NAMAIN1@DF_QNA_EXPENDITURE_GROWTH_G20(1.1),Quarterly real GDP growth - G20 countries,I,Q,Quarterly,Y,Calendar and seasonally adjusted,KOR,Korea,S1,Total economy,S1,Total economy,B1GQ,Gross domestic product,_Z,Not applicable,_Z,Not applicable,_Z,Not applicable,PC,Percentage change,L,Chain linked volume,G1,"Growth rate, period on period",T0102,Table 0102 - GDP identity from the expenditure side,2010-Q3,,1.016767776,,,,,,F,Free (free for publication),1,One,A,Normal value,0,Units,_Z,Not applicable
DATAFLOW,OECD.SDD.NAD:DSD_NAMAIN1@DF_QNA_EXPENDITURE_GROWTH_G20(1.1),Quarterly real GDP growth - G20 countries,I,Q,Quarterly,Y,Calendar and seasonally adjusted,KOR,Korea,S1,Total economy,S1,Total economy,B1GQ,Gross domestic product,_Z,Not applicable,_Z,Not applicable,_Z,Not applicable,PC,Percentage change,L,Chain linked volume,G1,"Growth rate, period on period",T0102,Table 0102 - GDP identity from the expenditure side,2010-Q4,,1.411558415,,,,,,F,Free (free for publication),1,One,A,Normal value,0,Units,_Z,Not applicable
DATAFLOW,OECD.SDD.NAD:DSD_NAMAIN1@DF_QNA_EXPENDITURE_GROWTH_G20(1.1),Quarterly real GDP growth - G20 countries,I,Q,Quarterly,Y,Calendar and seasonally adjusted,KOR,Korea,S1,Total economy,S1,Total economy,B1GQ,Gross domestic product,_Z,Not applicable,_Z,Not applicable,_Z,Not applicable,PC,Percentage change,L,Chain linked volume,G1,"Growth rate, period on period",T0102,Table 0102 - GDP identity from the expenditure side,2011-Q1,,0.95476862,,,,,,F,Free (free for publication),1,One,A,Normal value,0,Units,_Z,Not applicable
DATAFLOW,OECD.SDD.NAD:DSD_NAMAIN1@DF_QNA_EXPENDITURE_GROWTH_G20(1.1),Quarterly real GDP growth - G20 countries,I,Q,Quarterly,Y,Calendar and seasonally adjusted,KOR,Korea,S1,Total economy,S1,Total economy,B1GQ,Gross domestic product,_Z,Not applicable,_Z,Not applicable,_Z,Not applicable,PC,Percentage change,L,Chain linked volume,G1,"Growth rate, period on period",T0102,Table 0102 - GDP identity from the expenditure side,2011-Q2,,0.434067299,,,,,,F,Free (free for publication),1,One,A,Normal value,0,Units,_Z,Not applicable
DATAFLOW,OECD.SDD.NAD:DSD_NAMAIN1@DF_QNA_EXPENDITURE_GROWTH_G20(1.1),Quarterly real GDP growth - G20 countries,I,Q,Quarterly,Y,Calendar and seasonally adjusted,KOR,Korea,S1,Total economy,S1,Total economy,B1GQ,Gross domestic product,_Z,Not applicable,_Z,Not applicable,_Z,Not applicable,PC,Percentage change,L,Chain linked volume,G1,"Growth rate, period on period",T0102,Table 0102 - GDP identity from the expenditure side,2011-Q3,,0.462534713,,,,,,F,Free (free for publication),1,One,A,Normal value,0,Units,_Z,Not applicable
DATAFLOW,OECD.SDD.NAD:DSD_NAMAIN1@DF_QNA_EXPENDITURE_GROWTH_G20(1.1),Quarterly real GDP growth - G20 countries,I,Q,Quarterly,Y,Calendar and seasonally adjusted,KOR,Korea,S1,Total economy,S1,Total economy,B1GQ,Gross domestic product,_Z,Not applicable,_Z,Not applicable,_Z,Not applicable,PC,Percentage change,L,Chain linked volume,G1,"Growth rate, period on period",T0102,Table 0102 - GDP identity from the expenditure side,2011-Q4,,0.670634739,,,,,,F,Free (free for publication),1,One,A,Normal value,0,Units,_Z,Not applicable
DATAFLOW,OECD.SDD.NAD:DSD_NAMAIN1@DF_QNA_EXPENDITURE_GROWTH_G20(1.1),Quarterly real GDP growth - G20 countries,I,Q,Quarterly,Y,Calendar and seasonally adjusted,KOR,Korea,S1,Total economy,S1,Total economy,B1GQ,Gross domestic product,_Z,Not applicable,_Z,Not applicable,_Z,Not applicable,PC,Percentage change,L,Chain linked volume,G1,"Growth rate, period on period",T0102,Table 0102 - GDP identity from the expenditure side,2012-Q1,,0.95605397,,,,,,F,Free (free for publication),1,One,A,Normal value,0,Units,_Z,Not applicable
DATAFLOW,OECD.SDD.NAD:DSD_NAMAIN1@DF_QNA_EXPENDITURE_GROWTH_G20(1.1),Quarterly real GDP growth - G20 countries,I,Q,Quarterly,Y,Calendar and seasonally adjusted,KOR,Korea,S1,Total economy,S1,Total economy,B1GQ,Gross domestic product,_Z,Not applicable,_Z,Not applicable,_Z,Not applicable,PC,Percentage change,L,Chain linked volume,G1,"Growth rate, period on period",T0102,Table 0102 - GDP identity from the expenditure side,2012-Q2,,0.422183607,,,,,,F,Free (free for publication),1,One,A,Normal value,0,Units,_Z,Not applicable
DATAFLOW,OECD.SDD.NAD:DSD_NAMAIN1@DF_QNA_EXPENDITURE_GROWTH_G20(1.1),Quarterly real GDP growth - G20 countries,I,Q,Quarterly,Y,Calendar and seasonally adjusted,KOR,Korea,S1,Total economy,S1,Total economy,B1GQ,Gross domestic product,_Z,Not applicable,_Z,Not applicable,_Z,Not applicable,PC,Percentage change,L,Chain linked volume,G1,"Growth rate, period on period",T0102,Table 0102 - GDP identity from the expenditure side,2012-Q3,,0.445839454,,,,,,F,Free (free for publication),1,One,A,Normal value,0,Units,_Z,Not applicable
DATAFLOW,OECD.SDD.NAD:DSD_NAMAIN1@DF_QNA_EXPENDITURE_GROWTH_G20(1.1),Quarterly real GDP growth - G20 countries,I,Q,Quarterly,Y,Calendar and seasonally adjusted,KOR,Korea,S1,Total economy,S1,Total economy,B1GQ,Gross domestic product,_Z,Not applicable,_Z,Not applicable,_Z,Not applicable,PC,Percentage change,L,Chain linked volume,G1,"Growth rate, period on period",T0102,Table 0102 - GDP identity from the expenditure side,2012-Q4,,0.744507238,,,,,,F,Free (free for publication),1,One,A,Normal value,0,Units,_Z,Not applicable
DATAFLOW,OECD.SDD.NAD:DSD_NAMAIN1@DF_QNA_EXPENDITURE_GROWTH_G20(1.1),Quarterly real GDP growth - G20 countries,I,Q,Quarterly,Y,Calendar and seasonally adjusted,KOR,Korea,S1,Total economy,S1,Total economy,B1GQ,Gross domestic product,_Z,Not applicable,_Z,Not applicable,_Z,Not applicable,PC,Percentage change,L,Chain linked volume,G1,"Growth rate, period on period",T0102,Table 0102 - GDP identity from the expenditure side,2013-Q1,,0.793144005,,,,,,F,Free (free for publication),1,One,A,Normal value,0,Units,_Z,Not applicable
DATAFLOW,OECD.SDD.NAD:DSD_NAMAIN1@DF_QNA_EXPENDITURE_GROWTH_G20(1.1),Quarterly real GDP growth - G20 countries,I,Q,Quarterly,Y,Calendar and seasonally adjusted,KOR,Korea,S1,Total economy,S1,Total economy,B1GQ,Gross domestic product,_Z,Not applicable,_Z,Not applicable,_Z,Not applicable,PC,Percentage change,L,Chain linked volume,G1,"Growth rate, period on period",T0102,Table 0102 - GDP identity from the expenditure side,2013-Q2,,1.130007243,,,,,,F,Free (free for publication),1,One,A,Normal value,0,Units,_Z,Not applicable
DATAFLOW,OECD.SDD.NAD:DSD_NAMAIN1@DF_QNA_EXPENDITURE_GROWTH_G20(1.1),Quarterly real GDP growth - G20 countries,I,Q,Quarterly,Y,Calendar and seasonally adjusted,KOR,Korea,S1,Total economy,S1,Total economy,B1GQ,Gross domestic product,_Z,Not applicable,_Z,Not applicable,_Z,Not applicable,PC,Percentage change,L,Chain linked volume,G1,"Growth rate, period on period",T0102,Table 0102 - GDP identity from the expenditure side,2013-Q3,,1.003014889,,,,,,F,Free (free for publication),1,One,A,Normal value,0,Units,_Z,Not applicable
DATAFLOW,OECD.SDD.NAD:DSD_NAMAIN1@DF_QNA_EXPENDITURE_GROWTH_G20(1.1),Quarterly real GDP growth - G20 countries,I,Q,Quarterly,Y,Calendar and seasonally adjusted,KOR,Korea,S1,Total economy,S1,Total economy,B1GQ,Gross domestic product,_Z,Not applicable,_Z,Not applicable,_Z,Not applicable,PC,Percentage change,L,Chain linked volume,G1,"Growth rate, period on period",T0102,Table 0102 - GDP identity from the expenditure side,2013-Q4,,0.876173147,,,,,,F,Free (free for publication),1,One,A,Normal value,0,Units,_Z,Not applicable
DATAFLOW,OECD.SDD.NAD:DSD_NAMAIN1@DF_QNA_EXPENDITURE_GROWTH_G20(1.1),Quarterly real GDP growth - G20 countries,I,Q,Quarterly,Y,Calendar and seasonally adjusted,KOR,Korea,S1,Total economy,S1,Total economy,B1GQ,Gross domestic product,_Z,Not applicable,_Z,Not applicable,_Z,Not applicable,PC,Percentage change,L,Chain linked volume,G1,"Growth rate, period on period",T0102,Table 0102 - GDP identity from the expenditure side,2014-Q1,,0.767037946,,,,,,F,Free (free for publication),1,One,A,Normal value,0,Units,_Z,Not applicable
DATAFLOW,OECD.SDD.NAD:DSD_NAMAIN1@DF_QNA_EXPENDITURE_GROWTH_G20(1.1),Quarterly real GDP growth - G20 countries,I,Q,Quarterly,Y,Calendar and seasonally adjusted,KOR,Korea,S1,Total economy,S1,Total economy,B1GQ,Gross domestic product,_Z,Not applicable,_Z,Not applicable,_Z,Not applicable,PC,Percentage change,L,Chain linked volume,G1,"Growth rate, period on period",T0102,Table 0102 - GDP identity from the expenditure side,2014-Q2,,0.949353005,,,,,,F,Free (free for publication),1,One,A,Normal value,0,Units,_Z,Not applicable
DATAFLOW,OECD.SDD.NAD:DSD_NAMAIN1@DF_QNA_EXPENDITURE_GROWTH_G20(1.1),Quarterly real GDP growth - G20 countries,I,Q,Quarterly,Y,Calendar and seasonally adjusted,KOR,Korea,S1,Total economy,S1,Total economy,B1GQ,Gross domestic product,_Z,Not applicable,_Z,Not applicable,_Z,Not applicable,PC,Percentage change,L,Chain linked volume,G1,"Growth rate, period on period",T0102,Table 0102 - GDP identity from the expenditure side,2014-Q3,,0.25759031,,,,,,F,Free (free for publication),1,One,A,Normal value,0,Units,_Z,Not applicable
DATAFLOW,OECD.SDD.NAD:DSD_NAMAIN1@DF_QNA_EXPENDITURE_GROWTH_G20(1.1),Quarterly real GDP growth - G20 countries,I,Q,Quarterly,Y,Calendar and seasonally adjusted,KOR,Korea,S1,Total economy,S1,Total economy,B1GQ,Gross domestic product,_Z,Not applicable,_Z,Not applicable,_Z,Not applicable,PC,Percentage change,L,Chain linked volume,G1,"Growth rate, period on period",T0102,Table 0102 - GDP identity from the expenditure side,2014-Q4,,0.532494389,,,,,,F,Free (free for publication),1,One,A,Normal value,0,Units,_Z,Not applicable
DATAFLOW,OECD.SDD.NAD:DSD_NAMAIN1@DF_QNA_EXPENDITURE_GROWTH_G20(1.1),Quarterly real GDP growth - G20 countries,I,Q,Quarterly,Y,Calendar and seasonally adjusted,KOR,Korea,S1,Total economy,S1,Total economy,B1GQ,Gross domestic product,_Z,Not applicable,_Z,Not applicable,_Z,Not applicable,PC,Percentage change,L,Chain linked volume,G1,"Growth rate, period on period",T0102,Table 0102 - GDP identity from the expenditure side,2015-Q1,,0.864458364,,,,,,F,Free (free for publication),1,One,A,Normal value,0,Units,_Z,Not applicable
DATAFLOW,OECD.SDD.NAD:DSD_NAMAIN1@DF_QNA_EXPENDITURE_GROWTH_G20(1.1),Quarterly real GDP growth - G20 countries,I,Q,Quarterly,Y,Calendar and seasonally adjusted,KOR,Korea,S1,Total economy,S1,Total economy,B1GQ,Gross domestic product,_Z,Not applicable,_Z,Not applicable,_Z,Not applicable,PC,Percentage change,L,Chain linked volume,G1,"Growth rate, period on period",T0102,Table 0102 - GDP identity from the expenditure side,2015-Q2,,0.430065586,,,,,,F,Free (free for publication),1,One,A,Normal value,0,Units,_Z,Not applicable
DATAFLOW,OECD.SDD.NAD:DSD_NAMAIN1@DF_QNA_EXPENDITURE_GROWTH_G20(1.1),Quarterly real GDP growth - G20 countries,I,Q,Quarterly,Y,Calendar and seasonally adjusted,KOR,Korea,S1,Total economy,S1,Total economy,B1GQ,Gross domestic product,_Z,Not applicable,_Z,Not applicable,_Z,Not applicable,PC,Percentage change,L,Chain linked volume,G1,"Growth rate, period on period",T0102,Table 0102 - GDP identity from the expenditure side,2015-Q3,,1.48357306,,,,,,F,Free (free for publication),1,One,A,Normal value,0,Units,_Z,Not applicable
DATAFLOW,OECD.SDD.NAD:DSD_NAMAIN1@DF_QNA_EXPENDITURE_GROWTH_G20(1.1),Quarterly real GDP growth - G20 countries,I,Q,Quarterly,Y,Calendar and seasonally adjusted,KOR,Korea,S1,Total economy,S1,Total economy,B1GQ,Gross domestic product,_Z,Not applicable,_Z,Not applicable,_Z,Not applicable,PC,Percentage change,L,Chain linked volume,G1,"Growth rate, period on period",T0102,Table 0102 - GDP identity from the expenditure side,2015-Q4,,0.772851603,,,,,,F,Free (free for publication),1,One,A,Normal value,0,Units,_Z,Not applicable
DATAFLOW,OECD.SDD.NAD:DSD_NAMAIN1@DF_QNA_EXPENDITURE_GROWTH_G20(1.1),Quarterly real GDP growth - G20 countries,I,Q,Quarterly,Y,Calendar and seasonally adjusted,USMCA,United States - Mexico - Canada Agreement (USMCA),S1,Total economy,S1,Total economy,B1GQ,Gross domestic product,_Z,Not applicable,_Z,Not applicable,_Z,Not applicable,PC,Percentage change,L,Chain linked volume,G1,"Growth rate, period on period",T0102,Table 0102 - GDP identity from the expenditure side,2017-Q2,,0.547809,,,,,,F,Free (free for publication),1,One,A,Normal value,0,Units,_Z,Not applicable
DATAFLOW,OECD.SDD.NAD:DSD_NAMAIN1@DF_QNA_EXPENDITURE_GROWTH_G20(1.1),Quarterly real GDP growth - G20 countries,I,Q,Quarterly,Y,Calendar and seasonally adjusted,USMCA,United States - Mexico - Canada Agreement (USMCA),S1,Total economy,S1,Total economy,B1GQ,Gross domestic product,_Z,Not applicable,_Z,Not applicable,_Z,Not applicable,PC,Percentage change,L,Chain linked volume,G1,"Growth rate, period on period",T0102,Table 0102 - GDP identity from the expenditure side,2010-Q1,,0.540404,,,,,,F,Free (free for publication),1,One,A,Normal value,0,Units,_Z,Not applicable
DATAFLOW,OECD.SDD.NAD:DSD_NAMAIN1@DF_QNA_EXPENDITURE_GROWTH_G20(1.1),Quarterly real GDP growth - G20 countries,I,Q,Quarterly,Y,Calendar and seasonally adjusted,USMCA,United States - Mexico - Canada Agreement (USMCA),S1,Total economy,S1,Total economy,B1GQ,Gross domestic product,_Z,Not applicable,_Z,Not applicable,_Z,Not applicable,PC,Percentage change,L,Chain linked volume,G1,"Growth rate, period on period",T0102,Table 0102 - GDP identity from the expenditure side,2010-Q2,,0.945076,,,,,,F,Free (free for publication),1,One,A,Normal value,0,Units,_Z,Not applicable
DATAFLOW,OECD.SDD.NAD:DSD_NAMAIN1@DF_QNA_EXPENDITURE_GROWTH_G20(1.1),Quarterly real GDP growth - G20 countries,I,Q,Quarterly,Y,Calendar and seasonally adjusted,USMCA,United States - Mexico - Canada Agreement (USMCA),S1,Total economy,S1,Total economy,B1GQ,Gross domestic product,_Z,Not applicable,_Z,Not applicable,_Z,Not applicable,PC,Percentage change,L,Chain linked volume,G1,"Growth rate, period on period",T0102,Table 0102 - GDP identity from the expenditure side,2010-Q3,,0.783989,,,,,,F,Free (free for publication),1,One,A,Normal value,0,Units,_Z,Not applicable
DATAFLOW,OECD.SDD.NAD:DSD_NAMAIN1@DF_QNA_EXPENDITURE_GROWTH_G20(1.1),Quarterly real GDP growth - G20 countries,I,Q,Quarterly,Y,Calendar and seasonally adjusted,USMCA,United States - Mexico - Canada Agreement (USMCA),S1,Total economy,S1,Total economy,B1GQ,Gross domestic product,_Z,Not applicable,_Z,Not applicable,_Z,Not applicable,PC,Percentage change,L,Chain linked volume,G1,"Growth rate, period on period",T0102,Table 0102 - GDP identity from the expenditure side,2010-Q4,,0.599272,,,,,,F,Free (free for publication),1,One,A,Normal value,0,Units,_Z,Not applicable
DATAFLOW,OECD.SDD.NAD:DSD_NAMAIN1@DF_QNA_EXPENDITURE_GROWTH_G20(1.1),Quarterly real GDP growth - G20 countries,I,Q,Quarterly,Y,Calendar and seasonally adjusted,USMCA,United States - Mexico - Canada Agreement (USMCA),S1,Total economy,S1,Total economy,B1GQ,Gross domestic product,_Z,Not applicable,_Z,Not applicable,_Z,Not applicable,PC,Percentage change,L,Chain linked volume,G1,"Growth rate, period on period",T0102,Table 0102 - GDP identity from the expenditure side,2011-Q1,,-0.068752,,,,,,F,Free (free for publication),1,One,A,Normal value,0,Units,_Z,Not applicable
DATAFLOW,OECD.SDD.NAD:DSD_NAMAIN1@DF_QNA_EXPENDITURE_GROWTH_G20(1.1),Quarterly real GDP growth - G20 countries,I,Q,Quarterly,Y,Calendar and seasonally adjusted,USMCA,United States - Mexico - Canada Agreement (USMCA),S1,Total economy,S1,Total economy,B1GQ,Gross domestic product,_Z,Not applicable,_Z,Not applicable,_Z,Not applicable,PC,Percentage change,L,Chain linked volume,G1,"Growth rate, period on period",T0102,Table 0102 - GDP identity from the expenditure side,2011-Q2,,0.601076,,,,,,F,Free (free for publication),1,One,A,Normal value,0,Units,_Z,Not applicable
DATAFLOW,OECD.SDD.NAD:DSD_NAMAIN1@DF_QNA_EXPENDITURE_GROWTH_G20(1.1),Quarterly real GDP growth - G20 countries,I,Q,Quarterly,Y,Calendar and seasonally adjusted,USMCA,United States - Mexico - Canada Agreement (USMCA),S1,Total economy,S1,Total economy,B1GQ,Gross domestic product,_Z,Not applicable,_Z,Not applicable,_Z,Not applicable,PC,Percentage change,L,Chain linked volume,G1,"Growth rate, period on period",T0102,Table 0102 - GDP identity from the expenditure side,2011-Q3,,0.272629,,,,,,F,Free (free for publication),1,One,A,Normal value,0,Units,_Z,Not applicable
DATAFLOW,OECD.SDD.NAD:DSD_NAMAIN1@DF_QNA_EXPENDITURE_GROWTH_G20(1.1),Quarterly real GDP growth - G20 countries,I,Q,Quarterly,Y,Calendar and seasonally adjusted,USMCA,United States - Mexico - Canada Agreement (USMCA),S1,Total economy,S1,Total economy,B1GQ,Gross domestic product,_Z,Not applicable,_Z,Not applicable,_Z,Not applicable,PC,Percentage change,L,Chain linked volume,G1,"Growth rate, period on period",T0102,Table 0102 - GDP identity from the expenditure side,2011-Q4,,1.057399,,,,,,F,Free (free for publication),1,One,A,Normal value,0,Units,_Z,Not applicable
DATAFLOW,OECD.SDD.NAD:DSD_NAMAIN1@DF_QNA_EXPENDITURE_GROWTH_G20(1.1),Quarterly real GDP growth - G20 countries,I,Q,Quarterly,Y,Calendar and seasonally adjusted,USMCA,United States - Mexico - Canada Agreement (USMCA),S1,Total economy,S1,Total economy,B1GQ,Gross domestic product,_Z,Not applicable,_Z,Not applicable,_Z,Not applicable,PC,Percentage change,L,Chain linked volume,G1,"Growth rate, period on period",T0102,Table 0102 - GDP identity from the expenditure side,2012-Q1,,0.7942,,,,,,F,Free (free for publication),1,One,A,Normal value,0,Units,_Z,Not applicable
DATAFLOW,OECD.SDD.NAD:DSD_NAMAIN1@DF_QNA_EXPENDITURE_GROWTH_G20(1.1),Quarterly real GDP growth - G20 countries,I,Q,Quarterly,Y,Calendar and seasonally adjusted,USMCA,United States - Mexico - Canada Agreement (USMCA),S1,Total economy,S1,Total economy,B1GQ,Gross domestic product,_Z,Not applicable,_Z,Not applicable,_Z,Not applicable,PC,Percentage change,L,Chain linked volume,G1,"Growth rate, period on period",T0102,Table 0102 - GDP identity from the expenditure side,2012-Q2,,0.454809,,,,,,F,Free (free for publication),1,One,A,Normal value,0,Units,_Z,Not applicable
DATAFLOW,OECD.SDD.NAD:DSD_NAMAIN1@DF_QNA_EXPENDITURE_GROWTH_G20(1.1),Quarterly real GDP growth - G20 countries,I,Q,Quarterly,Y,Calendar and seasonally adjusted,USMCA,United States - Mexico - Canada Agreement (USMCA),S1,Total economy,S1,Total economy,B1GQ,Gross domestic product,_Z,Not applicable,_Z,Not applicable,_Z,Not applicable,PC,Percentage change,L,Chain linked volume,G1,"Growth rate, period on period",T0102,Table 0102 - GDP identity from the expenditure side,2012-Q3,,0.155819,,,,,,F,Free (free for publication),1,One,A,Normal value,0,Units,_Z,Not applicable
DATAFLOW,OECD.SDD.NAD:DSD_NAMAIN1@DF_QNA_EXPENDITURE_GROWTH_G20(1.1),Quarterly real GDP growth - G20 countries,I,Q,Quarterly,Y,Calendar and seasonally adjusted,USMCA,United States - Mexico - Canada Agreement (USMCA),S1,Total economy,S1,Total economy,B1GQ,Gross domestic product,_Z,Not applicable,_Z,Not applicable,_Z,Not applicable,PC,Percentage change,L,Chain linked volume,G1,"Growth rate, period on period",T0102,Table 0102 - GDP identity from the expenditure side,2012-Q4,,0.192236,,,,,,F,Free (free for publication),1,One,A,Normal value,0,Units,_Z,Not applicable
DATAFLOW,OECD.SDD.NAD:DSD_NAMAIN1@DF_QNA_EXPENDITURE_GROWTH_G20(1.1),Quarterly real GDP growth - G20 countries,I,Q,Quarterly,Y,Calendar and seasonally adjusted,USMCA,United States - Mexico - Canada Agreement (USMCA),S1,Total economy,S1,Total economy,B1GQ,Gross domestic product,_Z,Not applicable,_Z,Not applicable,_Z,Not applicable,PC,Percentage change,L,Chain linked volume,G1,"Growth rate, period on period",T0102,Table 0102 - GDP identity from the expenditure side,2013-Q1,,0.884218,,,,,,F,Free (free for publication),1,One,A,Normal value,0,Units,_Z,Not applicable
DATAFLOW,OECD.SDD.NAD:DSD_NAMAIN1@DF_QNA_EXPENDITURE_GROWTH_G20(1.1),Quarterly real GDP growth - G20 countries,I,Q,Quarterly,Y,Calendar and seasonally adjusted,USMCA,United States - Mexico - Canada Agreement (USMCA),S1,Total economy,S1,Total economy,B1GQ,Gross domestic product,_Z,Not applicable,_Z,Not applicable,_Z,Not applicable,PC,Percentage change,L,Chain linked volume,G1,"Growth rate, period on period",T0102,Table 0102 - GDP identity from the expenditure side,2013-Q2,,0.218849,,,,,,F,Free (free for publication),1,One,A,Normal value,0,Units,_Z,Not applicable
DATAFLOW,OECD.SDD.NAD:DSD_NAMAIN1@DF_QNA_EXPENDITURE_GROWTH_G20(1.1),Quarterly real GDP growth - G20 countries,I,Q,Quarterly,Y,Calendar and seasonally adjusted,USMCA,United States - Mexico - Canada Agreement (USMCA),S1,Total economy,S1,Total economy,B1GQ,Gross domestic product,_Z,Not applicable,_Z,Not applicable,_Z,Not applicable,PC,Percentage change,L,Chain linked volume,G1,"Growth rate, period on period",T0102,Table 0102 - GDP identity from the expenditure side,2013-Q3,,0.825936,,,,,,F,Free (free for publication),1,One,A,Normal value,0,Units,_Z,Not applicable
DATAFLOW,OECD.SDD.NAD:DSD_NAMAIN1@DF_QNA_EXPENDITURE_GROWTH_G20(1.1),Quarterly real GDP growth - G20 countries,I,Q,Quarterly,Y,Calendar and seasonally adjusted,USMCA,United States - Mexico - Canada Agreement (USMCA),S1,Total economy,S1,Total economy,B1GQ,Gross domestic product,_Z,Not applicable,_Z,Not applicable,_Z,Not applicable,PC,Percentage change,L,Chain linked volume,G1,"Growth rate, period on period",T0102,Table 0102 - GDP identity from the expenditure side,2013-Q4,,0.844901,,,,,,F,Free (free for publication),1,One,A,Normal value,0,Units,_Z,Not applicable
DATAFLOW,OECD.SDD.NAD:DSD_NAMAIN1@DF_QNA_EXPENDITURE_GROWTH_G20(1.1),Quarterly real GDP growth - G20 countries,I,Q,Quarterly,Y,Calendar and seasonally adjusted,USMCA,United States - Mexico - Canada Agreement (USMCA),S1,Total economy,S1,Total economy,B1GQ,Gross domestic product,_Z,Not applicable,_Z,Not applicable,_Z,Not applicable,PC,Percentage change,L,Chain linked volume,G1,"Growth rate, period on period",T0102,Table 0102 - GDP identity from the expenditure side,2014-Q1,,-0.20127,,,,,,F,Free (free for publication),1,One,A,Normal value,0,Units,_Z,Not applicable
DATAFLOW,OECD.SDD.NAD:DSD_NAMAIN1@DF_QNA_EXPENDITURE_GROWTH_G20(1.1),Quarterly real GDP growth - G20 countries,I,Q,Quarterly,Y,Calendar and seasonally adjusted,USMCA,United States - Mexico - Canada Agreement (USMCA),S1,Total economy,S1,Total economy,B1GQ,Gross domestic product,_Z,Not applicable,_Z,Not applicable,_Z,Not applicable,PC,Percentage change,L,Chain linked volume,G1,"Growth rate, period on period",T0102,Table 0102 - GDP identity from the expenditure side,2014-Q2,,1.26087,,,,,,F,Free (free for publication),1,One,A,Normal value,0,Units,_Z,Not applicable
DATAFLOW,OECD.SDD.NAD:DSD_NAMAIN1@DF_QNA_EXPENDITURE_GROWTH_G20(1.1),Quarterly real GDP growth - G20 countries,I,Q,Quarterly,Y,Calendar and seasonally adjusted,USMCA,United States - Mexico - Canada Agreement (USMCA),S1,Total economy,S1,Total economy,B1GQ,Gross domestic product,_Z,Not applicable,_Z,Not applicable,_Z,Not applicable,PC,Percentage change,L,Chain linked volume,G1,"Growth rate, period on period",T0102,Table 0102 - GDP identity from the expenditure side,2014-Q3,,1.086233,,,,,,F,Free (free for publication),1,One,A,Normal value,0,Units,_Z,Not applicable
DATAFLOW,OECD.SDD.NAD:DSD_NAMAIN1@DF_QNA_EXPENDITURE_GROWTH_G20(1.1),Quarterly real GDP growth - G20 countries,I,Q,Quarterly,Y,Calendar and seasonally adjusted,USMCA,United States - Mexico - Canada Agreement (USMCA),S1,Total economy,S1,Total economy,B1GQ,Gross domestic product,_Z,Not applicable,_Z,Not applicable,_Z,Not applicable,PC,Percentage change,L,Chain linked volume,G1,"Growth rate, period on period",T0102,Table 0102 - GDP identity from the expenditure side,2014-Q4,,0.555459,,,,,,F,Free (free for publication),1,One,A,Normal value,0,Units,_Z,Not applicable
DATAFLOW,OECD.SDD.NAD:DSD_NAMAIN1@DF_QNA_EXPENDITURE_GROWTH_G20(1.1),Quarterly real GDP growth - G20 countries,I,Q,Quarterly,Y,Calendar and seasonally adjusted,USMCA,United States - Mexico - Canada Agreement (USMCA),S1,Total economy,S1,Total economy,B1GQ,Gross domestic product,_Z,Not applicable,_Z,Not applicable,_Z,Not applicable,PC,Percentage change,L,Chain linked volume,G1,"Growth rate, period on period",T0102,Table 0102 - GDP identity from the expenditure side,2015-Q1,,0.747281,,,,,,F,Free (free for publication),1,One,A,Normal value,0,Units,_Z,Not applicable
DATAFLOW,OECD.SDD.NAD:DSD_NAMAIN1@DF_QNA_EXPENDITURE_GROWTH_G20(1.1),Quarterly real GDP growth - G20 countries,I,Q,Quarterly,Y,Calendar and seasonally adjusted,USMCA,United States - Mexico - Canada Agreement (USMCA),S1,Total economy,S1,Total economy,B1GQ,Gross domestic product,_Z,Not applicable,_Z,Not applicable,_Z,Not applicable,PC,Percentage change,L,Chain linked volume,G1,"Growth rate, period on period",T0102,Table 0102 - GDP identity from the expenditure side,2015-Q2,,0.579762,,,,,,F,Free (free for publication),1,One,A,Normal value,0,Units,_Z,Not applicable
DATAFLOW,OECD.SDD.NAD:DSD_NAMAIN1@DF_QNA_EXPENDITURE_GROWTH_G20(1.1),Quarterly real GDP growth - G20 countries,I,Q,Quarterly,Y,Calendar and seasonally adjusted,USMCA,United States - Mexico - Canada Agreement (USMCA),S1,Total economy,S1,Total economy,B1GQ,Gross domestic product,_Z,Not applicable,_Z,Not applicable,_Z,Not applicable,PC,Percentage change,L,Chain linked volume,G1,"Growth rate, period on period",T0102,Table 0102 - GDP identity from the expenditure side,2015-Q3,,0.478616,,,,,,F,Free (free for publication),1,One,A,Normal value,0,Units,_Z,Not applicable
DATAFLOW,OECD.SDD.NAD:DSD_NAMAIN1@DF_QNA_EXPENDITURE_GROWTH_G20(1.1),Quarterly real GDP growth - G20 countries,I,Q,Quarterly,Y,Calendar and seasonally adjusted,USMCA,United States - Mexico - Canada Agreement (USMCA),S1,Total economy,S1,Total economy,B1GQ,Gross domestic product,_Z,Not applicable,_Z,Not applicable,_Z,Not applicable,PC,Percentage change,L,Chain linked volume,G1,"Growth rate, period on period",T0102,Table 0102 - GDP identity from the expenditure side,2015-Q4,,0.125272,,,,,,F,Free (free for publication),1,One,A,Normal value,0,Units,_Z,Not applicable
DATAFLOW,OECD.SDD.NAD:DSD_NAMAIN1@DF_QNA_EXPENDITURE_GROWTH_G20(1.1),Quarterly real GDP growth - G20 countries,I,Q,Quarterly,Y,Calendar and seasonally adjusted,USMCA,United States - Mexico - Canada Agreement (USMCA),S1,Total economy,S1,Total economy,B1GQ,Gross domestic product,_Z,Not applicable,_Z,Not applicable,_Z,Not applicable,PC,Percentage change,L,Chain linked volume,G1,"Growth rate, period on period",T0102,Table 0102 - GDP identity from the expenditure side,2016-Q1,,0.508857,,,,,,F,Free (free for publication),1,One,A,Normal value,0,Units,_Z,Not applicable
DATAFLOW,OECD.SDD.NAD:DSD_NAMAIN1@DF_QNA_EXPENDITURE_GROWTH_G20(1.1),Quarterly real GDP growth - G20 countries,I,Q,Quarterly,Y,Calendar and seasonally adjusted,USMCA,United States - Mexico - Canada Agreement (USMCA),S1,Total economy,S1,Total economy,B1GQ,Gross domestic product,_Z,Not applicable,_Z,Not applicable,_Z,Not applicable,PC,Percentage change,L,Chain linked volume,G1,"Growth rate, period on period",T0102,Table 0102 - GDP identity from the expenditure side,2016-Q2,,0.275522,,,,,,F,Free (free for publication),1,One,A,Normal value,0,Units,_Z,Not applicable
DATAFLOW,OECD.SDD.NAD:DSD_NAMAIN1@DF_QNA_EXPENDITURE_GROWTH_G20(1.1),Quarterly real GDP growth - G20 countries,I,Q,Quarterly,Y,Calendar and seasonally adjusted,USMCA,United States - Mexico - Canada Agreement (USMCA),S1,Total economy,S1,Total economy,B1GQ,Gross domestic product,_Z,Not applicable,_Z,Not applicable,_Z,Not applicable,PC,Percentage change,L,Chain linked volume,G1,"Growth rate, period on period",T0102,Table 0102 - GDP identity from the expenditure side,2016-Q3,,0.749811,,,,,,F,Free (free for publication),1,One,A,Normal value,0,Units,_Z,Not applicable
DATAFLOW,OECD.SDD.NAD:DSD_NAMAIN1@DF_QNA_EXPENDITURE_GROWTH_G20(1.1),Quarterly real GDP growth - G20 countries,I,Q,Quarterly,Y,Calendar and seasonally adjusted,USMCA,United States - Mexico - Canada Agreement (USMCA),S1,Total economy,S1,Total economy,B1GQ,Gross domestic product,_Z,Not applicable,_Z,Not applicable,_Z,Not applicable,PC,Percentage change,L,Chain linked volume,G1,"Growth rate, period on period",T0102,Table 0102 - GDP identity from the expenditure side,2016-Q4,,0.613202,,,,,,F,Free (free for publication),1,One,A,Normal value,0,Units,_Z,Not applicable
DATAFLOW,OECD.SDD.NAD:DSD_NAMAIN1@DF_QNA_EXPENDITURE_GROWTH_G20(1.1),Quarterly real GDP growth - G20 countries,I,Q,Quarterly,Y,Calendar and seasonally adjusted,USMCA,United States - Mexico - Canada Agreement (USMCA),S1,Total economy,S1,Total economy,B1GQ,Gross domestic product,_Z,Not applicable,_Z,Not applicable,_Z,Not applicable,PC,Percentage change,L,Chain linked volume,G1,"Growth rate, period on period",T0102,Table 0102 - GDP identity from the expenditure side,2017-Q1,,0.554518,,,,,,F,Free (free for publication),1,One,A,Normal value,0,Units,_Z,Not applicable
DATAFLOW,OECD.SDD.NAD:DSD_NAMAIN1@DF_QNA_EXPENDITURE_GROWTH_G20(1.1),Quarterly real GDP growth - G20 countries,I,Q,Quarterly,Y,Calendar and seasonally adjusted,USMCA,United States - Mexico - Canada Agreement (USMCA),S1,Total economy,S1,Total economy,B1GQ,Gross domestic product,_Z,Not applicable,_Z,Not applicable,_Z,Not applicable,PC,Percentage change,L,Chain linked volume,G1,"Growth rate, period on period",T0102,Table 0102 - GDP identity from the expenditure side,2017-Q3,,0.584803,,,,,,F,Free (free for publication),1,One,A,Normal value,0,Units,_Z,Not applicable
DATAFLOW,OECD.SDD.NAD:DSD_NAMAIN1@DF_QNA_EXPENDITURE_GROWTH_G20(1.1),Quarterly real GDP growth - G20 countries,I,Q,Quarterly,Y,Calendar and seasonally adjusted,USMCA,United States - Mexico - Canada Agreement (USMCA),S1,Total economy,S1,Total economy,B1GQ,Gross domestic product,_Z,Not applicable,_Z,Not applicable,_Z,Not applicable,PC,Percentage change,L,Chain linked volume,G1,"Growth rate, period on period",T0102,Table 0102 - GDP identity from the expenditure side,2017-Q4,,1.109899,,,,,,F,Free (free for publication),1,One,A,Normal value,0,Units,_Z,Not applicable
DATAFLOW,OECD.SDD.NAD:DSD_NAMAIN1@DF_QNA_EXPENDITURE_GROWTH_G20(1.1),Quarterly real GDP growth - G20 countries,I,Q,Quarterly,Y,Calendar and seasonally adjusted,USMCA,United States - Mexico - Canada Agreement (USMCA),S1,Total economy,S1,Total economy,B1GQ,Gross domestic product,_Z,Not applicable,_Z,Not applicable,_Z,Not applicable,PC,Percentage change,L,Chain linked volume,G1,"Growth rate, period on period",T0102,Table 0102 - GDP identity from the expenditure side,2018-Q1,,0.885295,,,,,,F,Free (free for publication),1,One,A,Normal value,0,Units,_Z,Not applicable
DATAFLOW,OECD.SDD.NAD:DSD_NAMAIN1@DF_QNA_EXPENDITURE_GROWTH_G20(1.1),Quarterly real GDP growth - G20 countries,I,Q,Quarterly,Y,Calendar and seasonally adjusted,USMCA,United States - Mexico - Canada Agreement (USMCA),S1,Total economy,S1,Total economy,B1GQ,Gross domestic product,_Z,Not applicable,_Z,Not applicable,_Z,Not applicable,PC,Percentage change,L,Chain linked volume,G1,"Growth rate, period on period",T0102,Table 0102 - GDP identity from the expenditure side,2018-Q2,,0.460641,,,,,,F,Free (free for publication),1,One,A,Normal value,0,Units,_Z,Not applicable
DATAFLOW,OECD.SDD.NAD:DSD_NAMAIN1@DF_QNA_EXPENDITURE_GROWTH_G20(1.1),Quarterly real GDP growth - G20 countries,I,Q,Quarterly,Y,Calendar and seasonally adjusted,USMCA,United States - Mexico - Canada Agreement (USMCA),S1,Total economy,S1,Total economy,B1GQ,Gross domestic product,_Z,Not applicable,_Z,Not applicable,_Z,Not applicable,PC,Percentage change,L,Chain linked volume,G1,"Growth rate, period on period",T0102,Table 0102 - GDP identity from the expenditure side,2018-Q3,,0.592462,,,,,,F,Free (free for publication),1,One,A,Normal value,0,Units,_Z,Not applicable
DATAFLOW,OECD.SDD.NAD:DSD_NAMAIN1@DF_QNA_EXPENDITURE_GROWTH_G20(1.1),Quarterly real GDP growth - G20 countries,I,Q,Quarterly,Y,Calendar and seasonally adjusted,USMCA,United States - Mexico - Canada Agreement (USMCA),S1,Total economy,S1,Total economy,B1GQ,Gross domestic product,_Z,Not applicable,_Z,Not applicable,_Z,Not applicable,PC,Percentage change,L,Chain linked volume,G1,"Growth rate, period on period",T0102,Table 0102 - GDP identity from the expenditure side,2018-Q4,,0.114003,,,,,,F,Free (free for publication),1,One,A,Normal value,0,Units,_Z,Not applicable
DATAFLOW,OECD.SDD.NAD:DSD_NAMAIN1@DF_QNA_EXPENDITURE_GROWTH_G20(1.1),Quarterly real GDP growth - G20 countries,I,Q,Quarterly,Y,Calendar and seasonally adjusted,USMCA,United States - Mexico - Canada Agreement (USMCA),S1,Total economy,S1,Total economy,B1GQ,Gross domestic product,_Z,Not applicable,_Z,Not applicable,_Z,Not applicable,PC,Percentage change,L,Chain linked volume,G1,"Growth rate, period on period",T0102,Table 0102 - GDP identity from the expenditure side,2019-Q1,,0.533352,,,,,,F,Free (free for publication),1,One,A,Normal value,0,Units,_Z,Not applicable
DATAFLOW,OECD.SDD.NAD:DSD_NAMAIN1@DF_QNA_EXPENDITURE_GROWTH_G20(1.1),Quarterly real GDP growth - G20 countries,I,Q,Quarterly,Y,Calendar and seasonally adjusted,USMCA,United States - Mexico - Canada Agreement (USMCA),S1,Total economy,S1,Total economy,B1GQ,Gross domestic product,_Z,Not applicable,_Z,Not applicable,_Z,Not applicable,PC,Percentage change,L,Chain linked volume,G1,"Growth rate, period on period",T0102,Table 0102 - GDP identity from the expenditure side,2019-Q2,,0.739127,,,,,,F,Free (free for publication),1,One,A,Normal value,0,Units,_Z,Not applicable
DATAFLOW,OECD.SDD.NAD:DSD_NAMAIN1@DF_QNA_EXPENDITURE_GROWTH_G20(1.1),Quarterly real GDP growth - G20 countries,I,Q,Quarterly,Y,Calendar and seasonally adjusted,USMCA,United States - Mexico - Canada Agreement (USMCA),S1,Total economy,S1,Total economy,B1GQ,Gross domestic product,_Z,Not applicable,_Z,Not applicable,_Z,Not applicable,PC,Percentage change,L,Chain linked volume,G1,"Growth rate, period on period",T0102,Table 0102 - GDP identity from the expenditure side,2019-Q3,,0.987447,,,,,,F,Free (free for publication),1,One,A,Normal value,0,Units,_Z,Not applicable
DATAFLOW,OECD.SDD.NAD:DSD_NAMAIN1@DF_QNA_EXPENDITURE_GROWTH_G20(1.1),Quarterly real GDP growth - G20 countries,I,Q,Quarterly,Y,Calendar and seasonally adjusted,USMCA,United States - Mexico - Canada Agreement (USMCA),S1,Total economy,S1,Total economy,B1GQ,Gross domestic product,_Z,Not applicable,_Z,Not applicable,_Z,Not applicable,PC,Percentage change,L,Chain linked volume,G1,"Growth rate, period on period",T0102,Table 0102 - GDP identity from the expenditure side,2019-Q4,,0.509412,,,,,,F,Free (free for publication),1,One,A,Normal value,0,Units,_Z,Not applicable
DATAFLOW,OECD.SDD.NAD:DSD_NAMAIN1@DF_QNA_EXPENDITURE_GROWTH_G20(1.1),Quarterly real GDP growth - G20 countries,I,Q,Quarterly,Y,Calendar and seasonally adjusted,USMCA,United States - Mexico - Canada Agreement (USMCA),S1,Total economy,S1,Total economy,B1GQ,Gross domestic product,_Z,Not applicable,_Z,Not applicable,_Z,Not applicable,PC,Percentage change,L,Chain linked volume,G1,"Growth rate, period on period",T0102,Table 0102 - GDP identity from the expenditure side,2020-Q1,,-1.34977,,,,,,F,Free (free for publication),1,One,A,Normal value,0,Units,_Z,Not applicable
DATAFLOW,OECD.SDD.NAD:DSD_NAMAIN1@DF_QNA_EXPENDITURE_GROWTH_G20(1.1),Quarterly real GDP growth - G20 countries,I,Q,Quarterly,Y,Calendar and seasonally adjusted,USMCA,United States - Mexico - Canada Agreement (USMCA),S1,Total economy,S1,Total economy,B1GQ,Gross domestic product,_Z,Not applicable,_Z,Not applicable,_Z,Not applicable,PC,Percentage change,L,Chain linked volume,G1,"Growth rate, period on period",T0102,Table 0102 - GDP identity from the expenditure side,2020-Q2,,-9.20273,,,,,,F,Free (free for publication),1,One,A,Normal value,0,Units,_Z,Not applicable
DATAFLOW,OECD.SDD.NAD:DSD_NAMAIN1@DF_QNA_EXPENDITURE_GROWTH_G20(1.1),Quarterly real GDP growth - G20 countries,I,Q,Quarterly,Y,Calendar and seasonally adjusted,USMCA,United States - Mexico - Canada Agreement (USMCA),S1,Total economy,S1,Total economy,B1GQ,Gross domestic product,_Z,Not applicable,_Z,Not applicable,_Z,Not applicable,PC,Percentage change,L,Chain linked volume,G1,"Growth rate, period on period",T0102,Table 0102 - GDP identity from the expenditure side,2020-Q3,,8.54955,,,,,,F,Free (free for publication),1,One,A,Normal value,0,Units,_Z,Not applicable
DATAFLOW,OECD.SDD.NAD:DSD_NAMAIN1@DF_QNA_EXPENDITURE_GROWTH_G20(1.1),Quarterly real GDP growth - G20 countries,I,Q,Quarterly,Y,Calendar and seasonally adjusted,USMCA,United States - Mexico - Canada Agreement (USMCA),S1,Total economy,S1,Total economy,B1GQ,Gross domestic product,_Z,Not applicable,_Z,Not applicable,_Z,Not applicable,PC,Percentage change,L,Chain linked volume,G1,"Growth rate, period on period",T0102,Table 0102 - GDP identity from the expenditure side,2020-Q4,,1.486202,,,,,,F,Free (free for publication),1,One,A,Normal value,0,Units,_Z,Not applicable
DATAFLOW,OECD.SDD.NAD:DSD_NAMAIN1@DF_QNA_EXPENDITURE_GROWTH_G20(1.1),Quarterly real GDP growth - G20 countries,I,Q,Quarterly,Y,Calendar and seasonally adjusted,USMCA,United States - Mexico - Canada Agreement (USMCA),S1,Total economy,S1,Total economy,B1GQ,Gross domestic product,_Z,Not applicable,_Z,Not applicable,_Z,Not applicable,PC,Percentage change,L,Chain linked volume,G1,"Growth rate, period on period",T0102,Table 0102 - GDP identity from the expenditure side,2021-Q1,,1.35484,,,,,,F,Free (free for publication),1,One,A,Normal value,0,Units,_Z,Not applicable
DATAFLOW,OECD.SDD.NAD:DSD_NAMAIN1@DF_QNA_EXPENDITURE_GROWTH_G20(1.1),Quarterly real GDP growth - G20 countries,I,Q,Quarterly,Y,Calendar and seasonally adjusted,USMCA,United States - Mexico - Canada Agreement (USMCA),S1,Total economy,S1,Total economy,B1GQ,Gross domestic product,_Z,Not applicable,_Z,Not applicable,_Z,Not applicable,PC,Percentage change,L,Chain linked volume,G1,"Growth rate, period on period",T0102,Table 0102 - GDP identity from the expenditure side,2021-Q2,,1.492707,,,,,,F,Free (free for publication),1,One,A,Normal value,0,Units,_Z,Not applicable
DATAFLOW,OECD.SDD.NAD:DSD_NAMAIN1@DF_QNA_EXPENDITURE_GROWTH_G20(1.1),Quarterly real GDP growth - G20 countries,I,Q,Quarterly,Y,Calendar and seasonally adjusted,USMCA,United States - Mexico - Canada Agreement (USMCA),S1,Total economy,S1,Total economy,B1GQ,Gross domestic product,_Z,Not applicable,_Z,Not applicable,_Z,Not applicable,PC,Percentage change,L,Chain linked volume,G1,"Growth rate, period on period",T0102,Table 0102 - GDP identity from the expenditure side,2021-Q3,,0.747233,,,,,,F,Free (free for publication),1,One,A,Normal value,0,Units,_Z,Not applicable
DATAFLOW,OECD.SDD.NAD:DSD_NAMAIN1@DF_QNA_EXPENDITURE_GROWTH_G20(1.1),Quarterly real GDP growth - G20 countries,I,Q,Quarterly,Y,Calendar and seasonally adjusted,USMCA,United States - Mexico - Canada Agreement (USMCA),S1,Total economy,S1,Total economy,B1GQ,Gross domestic product,_Z,Not applicable,_Z,Not applicable,_Z,Not applicable,PC,Percentage change,L,Chain linked volume,G1,"Growth rate, period on period",T0102,Table 0102 - GDP identity from the expenditure side,2021-Q4,,1.669155,,,,,,F,Free (free for publication),1,One,A,Normal value,0,Units,_Z,Not applicable
DATAFLOW,OECD.SDD.NAD:DSD_NAMAIN1@DF_QNA_EXPENDITURE_GROWTH_G20(1.1),Quarterly real GDP growth - G20 countries,I,Q,Quarterly,Y,Calendar and seasonally adjusted,USMCA,United States - Mexico - Canada Agreement (USMCA),S1,Total economy,S1,Total economy,B1GQ,Gross domestic product,_Z,Not applicable,_Z,Not applicable,_Z,Not applicable,PC,Percentage change,L,Chain linked volume,G1,"Growth rate, period on period",T0102,Table 0102 - GDP identity from the expenditure side,2022-Q1,,0.003558,,,,,,F,Free (free for publication),1,One,A,Normal value,0,Units,_Z,Not applicable
DATAFLOW,OECD.SDD.NAD:DSD_NAMAIN1@DF_QNA_EXPENDITURE_GROWTH_G20(1.1),Quarterly real GDP growth - G20 countries,I,Q,Quarterly,Y,Calendar and seasonally adjusted,USMCA,United States - Mexico - Canada Agreement (USMCA),S1,Total economy,S1,Total economy,B1GQ,Gross domestic product,_Z,Not applicable,_Z,Not applicable,_Z,Not applicable,PC,Percentage change,L,Chain linked volume,G1,"Growth rate, period on period",T0102,Table 0102 - GDP identity from the expenditure side,2022-Q2,,0.324489,,,,,,F,Free (free for publication),1,One,A,Normal value,0,Units,_Z,Not applicable
DATAFLOW,OECD.SDD.NAD:DSD_NAMAIN1@DF_QNA_EXPENDITURE_GROWTH_G20(1.1),Quarterly real GDP growth - G20 countries,I,Q,Quarterly,Y,Calendar and seasonally adjusted,USMCA,United States - Mexico - Canada Agreement (USMCA),S1,Total economy,S1,Total economy,B1GQ,Gross domestic product,_Z,Not applicable,_Z,Not applicable,_Z,Not applicable,PC,Percentage change,L,Chain linked volume,G1,"Growth rate, period on period",T0102,Table 0102 - GDP identity from the expenditure side,2022-Q3,,0.732944,,,,,,F,Free (free for publication),1,One,A,Normal value,0,Units,_Z,Not applicable
DATAFLOW,OECD.SDD.NAD:DSD_NAMAIN1@DF_QNA_EXPENDITURE_GROWTH_G20(1.1),Quarterly real GDP growth - G20 countries,I,Q,Quarterly,Y,Calendar and seasonally adjusted,USMCA,United States - Mexico - Canada Agreement (USMCA),S1,Total economy,S1,Total economy,B1GQ,Gross domestic product,_Z,Not applicable,_Z,Not applicable,_Z,Not applicable,PC,Percentage change,L,Chain linked volume,G1,"Growth rate, period on period",T0102,Table 0102 - GDP identity from the expenditure side,2022-Q4,,0.694626,,,,,,F,Free (free for publication),1,One,A,Normal value,0,Units,_Z,Not applicable
DATAFLOW,OECD.SDD.NAD:DSD_NAMAIN1@DF_QNA_EXPENDITURE_GROWTH_G20(1.1),Quarterly real GDP growth - G20 countries,I,Q,Quarterly,Y,Calendar and seasonally adjusted,USMCA,United States - Mexico - Canada Agreement (USMCA),S1,Total economy,S1,Total economy,B1GQ,Gross domestic product,_Z,Not applicable,_Z,Not applicable,_Z,Not applicable,PC,Percentage change,L,Chain linked volume,G1,"Growth rate, period on period",T0102,Table 0102 - GDP identity from the expenditure side,2023-Q1,,0.733525,,,,,,F,Free (free for publication),1,One,A,Normal value,0,Units,_Z,Not applicable
DATAFLOW,OECD.SDD.NAD:DSD_NAMAIN1@DF_QNA_EXPENDITURE_GROWTH_G20(1.1),Quarterly real GDP growth - G20 countries,I,Q,Quarterly,Y,Calendar and seasonally adjusted,USMCA,United States - Mexico - Canada Agreement (USMCA),S1,Total economy,S1,Total economy,B1GQ,Gross domestic product,_Z,Not applicable,_Z,Not applicable,_Z,Not applicable,PC,Percentage change,L,Chain linked volume,G1,"Growth rate, period on period",T0102,Table 0102 - GDP identity from the expenditure side,2023-Q2,,0.599377,,,,,,F,Free (free for publication),1,One,A,Normal value,0,Units,_Z,Not applicable
DATAFLOW,OECD.SDD.NAD:DSD_NAMAIN1@DF_QNA_EXPENDITURE_GROWTH_G20(1.1),Quarterly real GDP growth - G20 countries,I,Q,Quarterly,Y,Calendar and seasonally adjusted,USMCA,United States - Mexico - Canada Agreement (USMCA),S1,Total economy,S1,Total economy,B1GQ,Gross domestic product,_Z,Not applicable,_Z,Not applicable,_Z,Not applicable,PC,Percentage change,L,Chain linked volume,G1,"Growth rate, period on period",T0102,Table 0102 - GDP identity from the expenditure side,2023-Q3,,1.015254,,,,,,F,Free (free for publication),1,One,A,Normal value,0,Units,_Z,Not applicable
DATAFLOW,OECD.SDD.NAD:DSD_NAMAIN1@DF_QNA_EXPENDITURE_GROWTH_G20(1.1),Quarterly real GDP growth - G20 countries,I,Q,Quarterly,Y,Calendar and seasonally adjusted,USMCA,United States - Mexico - Canada Agreement (USMCA),S1,Total economy,S1,Total economy,B1GQ,Gross domestic product,_Z,Not applicable,_Z,Not applicable,_Z,Not applicable,PC,Percentage change,L,Chain linked volume,G1,"Growth rate, period on period",T0102,Table 0102 - GDP identity from the expenditure side,2023-Q4,,0.73271,,,,,,F,Free (free for publication),1,One,A,Normal value,0,Units,_Z,Not applicable
DATAFLOW,OECD.SDD.NAD:DSD_NAMAIN1@DF_QNA_EXPENDITURE_GROWTH_G20(1.1),Quarterly real GDP growth - G20 countries,I,Q,Quarterly,Y,Calendar and seasonally adjusted,USMCA,United States - Mexico - Canada Agreement (USMCA),S1,Total economy,S1,Total economy,B1GQ,Gross domestic product,_Z,Not applicable,_Z,Not applicable,_Z,Not applicable,PC,Percentage change,L,Chain linked volume,G1,"Growth rate, period on period",T0102,Table 0102 - GDP identity from the expenditure side,2024-Q1,,0.247098,,,,,,F,Free (free for publication),1,One,A,Normal value,0,Units,_Z,Not applicable
DATAFLOW,OECD.SDD.NAD:DSD_NAMAIN1@DF_QNA_EXPENDITURE_GROWTH_G20(1.1),Quarterly real GDP growth - G20 countries,I,Q,Quarterly,Y,Calendar and seasonally adjusted,USMCA,United States - Mexico - Canada Agreement (USMCA),S1,Total economy,S1,Total economy,B1GQ,Gross domestic product,_Z,Not applicable,_Z,Not applicable,_Z,Not applicable,PC,Percentage change,L,Chain linked volume,G1,"Growth rate, period on period",T0102,Table 0102 - GDP identity from the expenditure side,2024-Q2,,0.782864,,,,,,F,Free (free for publication),1,One,A,Normal value,0,Units,_Z,Not applicable
DATAFLOW,OECD.SDD.NAD:DSD_NAMAIN1@DF_QNA_EXPENDITURE_GROWTH_G20(1.1),Quarterly real GDP growth - G20 countries,I,Q,Quarterly,Y,Calendar and seasonally adjusted,USMCA,United States - Mexico - Canada Agreement (USMCA),S1,Total economy,S1,Total economy,B1GQ,Gross domestic product,_Z,Not applicable,_Z,Not applicable,_Z,Not applicable,PC,Percentage change,L,Chain linked volume,G1,"Growth rate, period on period",T0102,Table 0102 - GDP identity from the expenditure side,2024-Q3,,0.83233,,,,,,F,Free (free for publication),1,One,A,Normal value,0,Units,_Z,Not applicable
DATAFLOW,OECD.SDD.NAD:DSD_NAMAIN1@DF_QNA_EXPENDITURE_GROWTH_G20(1.1),Quarterly real GDP growth - G20 countries,I,Q,Quarterly,Y,Calendar and seasonally adjusted,USMCA,United States - Mexico - Canada Agreement (USMCA),S1,Total economy,S1,Total economy,B1GQ,Gross domestic product,_Z,Not applicable,_Z,Not applicable,_Z,Not applicable,PC,Percentage change,L,Chain linked volume,G1,"Growth rate, period on period",T0102,Table 0102 - GDP identity from the expenditure side,2024-Q4,,0.380243,,,,,,F,Free (free for publication),1,One,A,Normal value,0,Units,_Z,Not applicable
DATAFLOW,OECD.SDD.NAD:DSD_NAMAIN1@DF_QNA_EXPENDITURE_GROWTH_G20(1.1),Quarterly real GDP growth - G20 countries,I,Q,Quarterly,Y,Calendar and seasonally adjusted,USMCA,United States - Mexico - Canada Agreement (USMCA),S1,Total economy,S1,Total economy,B1GQ,Gross domestic product,_Z,Not applicable,_Z,Not applicable,_Z,Not applicable,PC,Percentage change,L,Chain linked volume,G1,"Growth rate, period on period",T0102,Table 0102 - GDP identity from the expenditure side,2025-Q1,,-0.0707,,,,,,F,Free (free for publication),1,One,A,Normal value,0,Units,_Z,Not applicable
DATAFLOW,OECD.SDD.NAD:DSD_NAMAIN1@DF_QNA_EXPENDITURE_GROWTH_G20(1.1),Quarterly real GDP growth - G20 countries,I,Q,Quarterly,Y,Calendar and seasonally adjusted,USMCA,United States - Mexico - Canada Agreement (USMCA),S1,Total economy,S1,Total economy,B1GQ,Gross domestic product,_Z,Not applicable,_Z,Not applicable,_Z,Not applicable,PC,Percentage change,L,Chain linked volume,G1,"Growth rate, period on period",T0102,Table 0102 - GDP identity from the expenditure side,2025-Q2,,0.789159,,,,,,F,Free (free for publication),1,One,A,Normal value,0,Units,_Z,Not applicable
DATAFLOW,OECD.SDD.NAD:DSD_NAMAIN1@DF_QNA_EXPENDITURE_GROWTH_G20(1.1),Quarterly real GDP growth - G20 countries,I,Q,Quarterly,Y,Calendar and seasonally adjusted,G7,G7,S1,Total economy,S1,Total economy,B1GQ,Gross domestic product,_Z,Not applicable,_Z,Not applicable,_Z,Not applicable,PC,Percentage change,L,Chain linked volume,G1,"Growth rate, period on period",T0102,Table 0102 - GDP identity from the expenditure side,2022-Q1,,0.05284,,,,,,F,Free (free for publication),1,One,A,Normal value,0,Units,_Z,Not applicable
DATAFLOW,OECD.SDD.NAD:DSD_NAMAIN1@DF_QNA_EXPENDITURE_GROWTH_G20(1.1),Quarterly real GDP growth - G20 countries,I,Q,Quarterly,Y,Calendar and seasonally adjusted,G7,G7,S1,Total economy,S1,Total economy,B1GQ,Gross domestic product,_Z,Not applicable,_Z,Not applicable,_Z,Not applicable,PC,Percentage change,L,Chain linked volume,G1,"Growth rate, period on period",T0102,Table 0102 - GDP identity from the expenditure side,2022-Q2,,0.434454,,,,,,F,Free (free for publication),1,One,A,Normal value,0,Units,_Z,Not applicable
DATAFLOW,OECD.SDD.NAD:DSD_NAMAIN1@DF_QNA_EXPENDITURE_GROWTH_G20(1.1),Quarterly real GDP growth - G20 countries,I,Q,Quarterly,Y,Calendar and seasonally adjusted,G7,G7,S1,Total economy,S1,Total economy,B1GQ,Gross domestic product,_Z,Not applicable,_Z,Not applicable,_Z,Not applicable,PC,Percentage change,L,Chain linked volume,G1,"Growth rate, period on period",T0102,Table 0102 - GDP identity from the expenditure side,2022-Q3,,0.446332,,,,,,F,Free (free for publication),1,One,A,Normal value,0,Units,_Z,Not applicable
DATAFLOW,OECD.SDD.NAD:DSD_NAMAIN1@DF_QNA_EXPENDITURE_GROWTH_G20(1.1),Quarterly real GDP growth - G20 countries,I,Q,Quarterly,Y,Calendar and seasonally adjusted,G7,G7,S1,Total economy,S1,Total economy,B1GQ,Gross domestic product,_Z,Not applicable,_Z,Not applicable,_Z,Not applicable,PC,Percentage change,L,Chain linked volume,G1,"Growth rate, period on period",T0102,Table 0102 - GDP identity from the expenditure side,2022-Q4,,0.3843,,,,,,F,Free (free for publication),1,One,A,Normal value,0,Units,_Z,Not applicable
DATAFLOW,OECD.SDD.NAD:DSD_NAMAIN1@DF_QNA_EXPENDITURE_GROWTH_G20(1.1),Quarterly real GDP growth - G20 countries,I,Q,Quarterly,Y,Calendar and seasonally adjusted,G7,G7,S1,Total economy,S1,Total economy,B1GQ,Gross domestic product,_Z,Not applicable,_Z,Not applicable,_Z,Not applicable,PC,Percentage change,L,Chain linked volume,G1,"Growth rate, period on period",T0102,Table 0102 - GDP identity from the expenditure side,2023-Q1,,0.571091,,,,,,F,Free (free for publication),1,One,A,Normal value,0,Units,_Z,Not applicable
DATAFLOW,OECD.SDD.NAD:DSD_NAMAIN1@DF_QNA_EXPENDITURE_GROWTH_G20(1.1),Quarterly real GDP growth - G20 countries,I,Q,Quarterly,Y,Calendar and seasonally adjusted,G7,G7,S1,Total economy,S1,Total economy,B1GQ,Gross domestic product,_Z,Not applicable,_Z,Not applicable,_Z,Not applicable,PC,Percentage change,L,Chain linked volume,G1,"Growth rate, period on period",T0102,Table 0102 - GDP identity from the expenditure side,2023-Q2,,0.415129,,,,,,F,Free (free for publication),1,One,A,Normal value,0,Units,_Z,Not applicable
DATAFLOW,OECD.SDD.NAD:DSD_NAMAIN1@DF_QNA_EXPENDITURE_GROWTH_G20(1.1),Quarterly real GDP growth - G20 countries,I,Q,Quarterly,Y,Calendar and seasonally adjusted,G7,G7,S1,Total economy,S1,Total economy,B1GQ,Gross domestic product,_Z,Not applicable,_Z,Not applicable,_Z,Not applicable,PC,Percentage change,L,Chain linked volume,G1,"Growth rate, period on period",T0102,Table 0102 - GDP identity from the expenditure side,2023-Q3,,0.481805,,,,,,F,Free (free for publication),1,One,A,Normal value,0,Units,_Z,Not applicable
DATAFLOW,OECD.SDD.NAD:DSD_NAMAIN1@DF_QNA_EXPENDITURE_GROWTH_G20(1.1),Quarterly real GDP growth - G20 countries,I,Q,Quarterly,Y,Calendar and seasonally adjusted,G7,G7,S1,Total economy,S1,Total economy,B1GQ,Gross domestic product,_Z,Not applicable,_Z,Not applicable,_Z,Not applicable,PC,Percentage change,L,Chain linked volume,G1,"Growth rate, period on period",T0102,Table 0102 - GDP identity from the expenditure side,2023-Q4,,0.428482,,,,,,F,Free (free for publication),1,One,A,Normal value,0,Units,_Z,Not applicable
DATAFLOW,OECD.SDD.NAD:DSD_NAMAIN1@DF_QNA_EXPENDITURE_GROWTH_G20(1.1),Quarterly real GDP growth - G20 countries,I,Q,Quarterly,Y,Calendar and seasonally adjusted,G7,G7,S1,Total economy,S1,Total economy,B1GQ,Gross domestic product,_Z,Not applicable,_Z,Not applicable,_Z,Not applicable,PC,Percentage change,L,Chain linked volume,G1,"Growth rate, period on period",T0102,Table 0102 - GDP identity from the expenditure side,2024-Q1,,0.161533,,,,,,F,Free (free for publication),1,One,A,Normal value,0,Units,_Z,Not applicable
DATAFLOW,OECD.SDD.NAD:DSD_NAMAIN1@DF_QNA_EXPENDITURE_GROWTH_G20(1.1),Quarterly real GDP growth - G20 countries,I,Q,Quarterly,Y,Calendar and seasonally adjusted,G7,G7,S1,Total economy,S1,Total economy,B1GQ,Gross domestic product,_Z,Not applicable,_Z,Not applicable,_Z,Not applicable,PC,Percentage change,L,Chain linked volume,G1,"Growth rate, period on period",T0102,Table 0102 - GDP identity from the expenditure side,2024-Q2,,0.594927,,,,,,F,Free (free for publication),1,One,A,Normal value,0,Units,_Z,Not applicable
DATAFLOW,OECD.SDD.NAD:DSD_NAMAIN1@DF_QNA_EXPENDITURE_GROWTH_G20(1.1),Quarterly real GDP growth - G20 countries,I,Q,Quarterly,Y,Calendar and seasonally adjusted,G7,G7,S1,Total economy,S1,Total economy,B1GQ,Gross domestic product,_Z,Not applicable,_Z,Not applicable,_Z,Not applicable,PC,Percentage change,L,Chain linked volume,G1,"Growth rate, period on period",T0102,Table 0102 - GDP identity from the expenditure side,2024-Q3,,0.568618,,,,,,F,Free (free for publication),1,One,A,Normal value,0,Units,_Z,Not applicable
DATAFLOW,OECD.SDD.NAD:DSD_NAMAIN1@DF_QNA_EXPENDITURE_GROWTH_G20(1.1),Quarterly real GDP growth - G20 countries,I,Q,Quarterly,Y,Calendar and seasonally adjusted,G7,G7,S1,Total economy,S1,Total economy,B1GQ,Gross domestic product,_Z,Not applicable,_Z,Not applicable,_Z,Not applicable,PC,Percentage change,L,Chain linked volume,G1,"Growth rate, period on period",T0102,Table 0102 - GDP identity from the expenditure side,2024-Q4,,0.39979,,,,,,F,Free (free for publication),1,One,A,Normal value,0,Units,_Z,Not applicable
DATAFLOW,OECD.SDD.NAD:DSD_NAMAIN1@DF_QNA_EXPENDITURE_GROWTH_G20(1.1),Quarterly real GDP growth - G20 countries,I,Q,Quarterly,Y,Calendar and seasonally adjusted,G7,G7,S1,Total economy,S1,Total economy,B1GQ,Gross domestic product,_Z,Not applicable,_Z,Not applicable,_Z,Not applicable,PC,Percentage change,L,Chain linked volume,G1,"Growth rate, period on period",T0102,Table 0102 - GDP identity from the expenditure side,2025-Q1,,0.075909,,,,,,F,Free (free for publication),1,One,A,Normal value,0,Units,_Z,Not applicable
DATAFLOW,OECD.SDD.NAD:DSD_NAMAIN1@DF_QNA_EXPENDITURE_GROWTH_G20(1.1),Quarterly real GDP growth - G20 countries,I,Q,Quarterly,Y,Calendar and seasonally adjusted,G7,G7,S1,Total economy,S1,Total economy,B1GQ,Gross domestic product,_Z,Not applicable,_Z,Not applicable,_Z,Not applicable,PC,Percentage change,L,Chain linked volume,G1,"Growth rate, period on period",T0102,Table 0102 - GDP identity from the expenditure side,2025-Q2,,0.549612,,,,,,F,Free (free for publication),1,One,A,Normal value,0,Units,_Z,Not applicable
DATAFLOW,OECD.SDD.NAD:DSD_NAMAIN1@DF_QNA_EXPENDITURE_GROWTH_G20(1.1),Quarterly real GDP growth - G20 countries,I,Q,Quarterly,Y,Calendar and seasonally adjusted,G7,G7,S1,Total economy,S1,Total economy,B1GQ,Gross domestic product,_Z,Not applicable,_Z,Not applicable,_Z,Not applicable,PC,Percentage change,L,Chain linked volume,G1,"Growth rate, period on period",T0102,Table 0102 - GDP identity from the expenditure side,2010-Q1,,0.628873,,,,,,F,Free (free for publication),1,One,A,Normal value,0,Units,_Z,Not applicable
DATAFLOW,OECD.SDD.NAD:DSD_NAMAIN1@DF_QNA_EXPENDITURE_GROWTH_G20(1.1),Quarterly real GDP growth - G20 countries,I,Q,Quarterly,Y,Calendar and seasonally adjusted,G7,G7,S1,Total economy,S1,Total economy,B1GQ,Gross domestic product,_Z,Not applicable,_Z,Not applicable,_Z,Not applicable,PC,Percentage change,L,Chain linked volume,G1,"Growth rate, period on period",T0102,Table 0102 - GDP identity from the expenditure side,2010-Q2,,1.063279,,,,,,F,Free (free for publication),1,One,A,Normal value,0,Units,_Z,Not applicable
DATAFLOW,OECD.SDD.NAD:DSD_NAMAIN1@DF_QNA_EXPENDITURE_GROWTH_G20(1.1),Quarterly real GDP growth - G20 countries,I,Q,Quarterly,Y,Calendar and seasonally adjusted,G7,G7,S1,Total economy,S1,Total economy,B1GQ,Gross domestic product,_Z,Not applicable,_Z,Not applicable,_Z,Not applicable,PC,Percentage change,L,Chain linked volume,G1,"Growth rate, period on period",T0102,Table 0102 - GDP identity from the expenditure side,2010-Q3,,0.88314,,,,,,F,Free (free for publication),1,One,A,Normal value,0,Units,_Z,Not applicable
DATAFLOW,OECD.SDD.NAD:DSD_NAMAIN1@DF_QNA_EXPENDITURE_GROWTH_G20(1.1),Quarterly real GDP growth - G20 countries,I,Q,Quarterly,Y,Calendar and seasonally adjusted,G7,G7,S1,Total economy,S1,Total economy,B1GQ,Gross domestic product,_Z,Not applicable,_Z,Not applicable,_Z,Not applicable,PC,Percentage change,L,Chain linked volume,G1,"Growth rate, period on period",T0102,Table 0102 - GDP identity from the expenditure side,2010-Q4,,0.361676,,,,,,F,Free (free for publication),1,One,A,Normal value,0,Units,_Z,Not applicable
DATAFLOW,OECD.SDD.NAD:DSD_NAMAIN1@DF_QNA_EXPENDITURE_GROWTH_G20(1.1),Quarterly real GDP growth - G20 countries,I,Q,Quarterly,Y,Calendar and seasonally adjusted,G7,G7,S1,Total economy,S1,Total economy,B1GQ,Gross domestic product,_Z,Not applicable,_Z,Not applicable,_Z,Not applicable,PC,Percentage change,L,Chain linked volume,G1,"Growth rate, period on period",T0102,Table 0102 - GDP identity from the expenditure side,2011-Q1,,0.101498,,,,,,F,Free (free for publication),1,One,A,Normal value,0,Units,_Z,Not applicable
DATAFLOW,OECD.SDD.NAD:DSD_NAMAIN1@DF_QNA_EXPENDITURE_GROWTH_G20(1.1),Quarterly real GDP growth - G20 countries,I,Q,Quarterly,Y,Calendar and seasonally adjusted,G7,G7,S1,Total economy,S1,Total economy,B1GQ,Gross domestic product,_Z,Not applicable,_Z,Not applicable,_Z,Not applicable,PC,Percentage change,L,Chain linked volume,G1,"Growth rate, period on period",T0102,Table 0102 - GDP identity from the expenditure side,2011-Q2,,0.22455,,,,,,F,Free (free for publication),1,One,A,Normal value,0,Units,_Z,Not applicable
DATAFLOW,OECD.SDD.NAD:DSD_NAMAIN1@DF_QNA_EXPENDITURE_GROWTH_G20(1.1),Quarterly real GDP growth - G20 countries,I,Q,Quarterly,Y,Calendar and seasonally adjusted,G7,G7,S1,Total economy,S1,Total economy,B1GQ,Gross domestic product,_Z,Not applicable,_Z,Not applicable,_Z,Not applicable,PC,Percentage change,L,Chain linked volume,G1,"Growth rate, period on period",T0102,Table 0102 - GDP identity from the expenditure side,2011-Q3,,0.460437,,,,,,F,Free (free for publication),1,One,A,Normal value,0,Units,_Z,Not applicable
DATAFLOW,OECD.SDD.NAD:DSD_NAMAIN1@DF_QNA_EXPENDITURE_GROWTH_G20(1.1),Quarterly real GDP growth - G20 countries,I,Q,Quarterly,Y,Calendar and seasonally adjusted,G7,G7,S1,Total economy,S1,Total economy,B1GQ,Gross domestic product,_Z,Not applicable,_Z,Not applicable,_Z,Not applicable,PC,Percentage change,L,Chain linked volume,G1,"Growth rate, period on period",T0102,Table 0102 - GDP identity from the expenditure side,2011-Q4,,0.528358,,,,,,F,Free (free for publication),1,One,A,Normal value,0,Units,_Z,Not applicable
DATAFLOW,OECD.SDD.NAD:DSD_NAMAIN1@DF_QNA_EXPENDITURE_GROWTH_G20(1.1),Quarterly real GDP growth - G20 countries,I,Q,Quarterly,Y,Calendar and seasonally adjusted,G7,G7,S1,Total economy,S1,Total economy,B1GQ,Gross domestic product,_Z,Not applicable,_Z,Not applicable,_Z,Not applicable,PC,Percentage change,L,Chain linked volume,G1,"Growth rate, period on period",T0102,Table 0102 - GDP identity from the expenditure side,2012-Q1,,0.628649,,,,,,F,Free (free for publication),1,One,A,Normal value,0,Units,_Z,Not applicable
DATAFLOW,OECD.SDD.NAD:DSD_NAMAIN1@DF_QNA_EXPENDITURE_GROWTH_G20(1.1),Quarterly real GDP growth - G20 countries,I,Q,Quarterly,Y,Calendar and seasonally adjusted,G7,G7,S1,Total economy,S1,Total economy,B1GQ,Gross domestic product,_Z,Not applicable,_Z,Not applicable,_Z,Not applicable,PC,Percentage change,L,Chain linked volume,G1,"Growth rate, period on period",T0102,Table 0102 - GDP identity from the expenditure side,2012-Q2,,0.019925,,,,,,F,Free (free for publication),1,One,A,Normal value,0,Units,_Z,Not applicable
DATAFLOW,OECD.SDD.NAD:DSD_NAMAIN1@DF_QNA_EXPENDITURE_GROWTH_G20(1.1),Quarterly real GDP growth - G20 countries,I,Q,Quarterly,Y,Calendar and seasonally adjusted,G7,G7,S1,Total economy,S1,Total economy,B1GQ,Gross domestic product,_Z,Not applicable,_Z,Not applicable,_Z,Not applicable,PC,Percentage change,L,Chain linked volume,G1,"Growth rate, period on period",T0102,Table 0102 - GDP identity from the expenditure side,2012-Q3,,0.100542,,,,,,F,Free (free for publication),1,One,A,Normal value,0,Units,_Z,Not applicable
DATAFLOW,OECD.SDD.NAD:DSD_NAMAIN1@DF_QNA_EXPENDITURE_GROWTH_G20(1.1),Quarterly real GDP growth - G20 countries,I,Q,Quarterly,Y,Calendar and seasonally adjusted,G7,G7,S1,Total economy,S1,Total economy,B1GQ,Gross domestic product,_Z,Not applicable,_Z,Not applicable,_Z,Not applicable,PC,Percentage change,L,Chain linked volume,G1,"Growth rate, period on period",T0102,Table 0102 - GDP identity from the expenditure side,2012-Q4,,-0.036454,,,,,,F,Free (free for publication),1,One,A,Normal value,0,Units,_Z,Not applicable
DATAFLOW,OECD.SDD.NAD:DSD_NAMAIN1@DF_QNA_EXPENDITURE_GROWTH_G20(1.1),Quarterly real GDP growth - G20 countries,I,Q,Quarterly,Y,Calendar and seasonally adjusted,G7,G7,S1,Total economy,S1,Total economy,B1GQ,Gross domestic product,_Z,Not applicable,_Z,Not applicable,_Z,Not applicable,PC,Percentage change,L,Chain linked volume,G1,"Growth rate, period on period",T0102,Table 0102 - GDP identity from the expenditure side,2013-Q1,,0.635744,,,,,,F,Free (free for publication),1,One,A,Normal value,0,Units,_Z,Not applicable
DATAFLOW,OECD.SDD.NAD:DSD_NAMAIN1@DF_QNA_EXPENDITURE_GROWTH_G20(1.1),Quarterly real GDP growth - G20 countries,I,Q,Quarterly,Y,Calendar and seasonally adjusted,G7,G7,S1,Total economy,S1,Total economy,B1GQ,Gross domestic product,_Z,Not applicable,_Z,Not applicable,_Z,Not applicable,PC,Percentage change,L,Chain linked volume,G1,"Growth rate, period on period",T0102,Table 0102 - GDP identity from the expenditure side,2013-Q2,,0.5283,,,,,,F,Free (free for publication),1,One,A,Normal value,0,Units,_Z,Not applicable
DATAFLOW,OECD.SDD.NAD:DSD_NAMAIN1@DF_QNA_EXPENDITURE_GROWTH_G20(1.1),Quarterly real GDP growth - G20 countries,I,Q,Quarterly,Y,Calendar and seasonally adjusted,G7,G7,S1,Total economy,S1,Total economy,B1GQ,Gross domestic product,_Z,Not applicable,_Z,Not applicable,_Z,Not applicable,PC,Percentage change,L,Chain linked volume,G1,"Growth rate, period on period",T0102,Table 0102 - GDP identity from the expenditure side,2013-Q3,,0.710991,,,,,,F,Free (free for publication),1,One,A,Normal value,0,Units,_Z,Not applicable
DATAFLOW,OECD.SDD.NAD:DSD_NAMAIN1@DF_QNA_EXPENDITURE_GROWTH_G20(1.1),Quarterly real GDP growth - G20 countries,I,Q,Quarterly,Y,Calendar and seasonally adjusted,G7,G7,S1,Total economy,S1,Total economy,B1GQ,Gross domestic product,_Z,Not applicable,_Z,Not applicable,_Z,Not applicable,PC,Percentage change,L,Chain linked volume,G1,"Growth rate, period on period",T0102,Table 0102 - GDP identity from the expenditure side,2013-Q4,,0.560427,,,,,,F,Free (free for publication),1,One,A,Normal value,0,Units,_Z,Not applicable
DATAFLOW,OECD.SDD.NAD:DSD_NAMAIN1@DF_QNA_EXPENDITURE_GROWTH_G20(1.1),Quarterly real GDP growth - G20 countries,I,Q,Quarterly,Y,Calendar and seasonally adjusted,G7,G7,S1,Total economy,S1,Total economy,B1GQ,Gross domestic product,_Z,Not applicable,_Z,Not applicable,_Z,Not applicable,PC,Percentage change,L,Chain linked volume,G1,"Growth rate, period on period",T0102,Table 0102 - GDP identity from the expenditure side,2014-Q1,,0.120446,,,,,,F,Free (free for publication),1,One,A,Normal value,0,Units,_Z,Not applicable
DATAFLOW,OECD.SDD.NAD:DSD_NAMAIN1@DF_QNA_EXPENDITURE_GROWTH_G20(1.1),Quarterly real GDP growth - G20 countries,I,Q,Quarterly,Y,Calendar and seasonally adjusted,G7,G7,S1,Total economy,S1,Total economy,B1GQ,Gross domestic product,_Z,Not applicable,_Z,Not applicable,_Z,Not applicable,PC,Percentage change,L,Chain linked volume,G1,"Growth rate, period on period",T0102,Table 0102 - GDP identity from the expenditure side,2014-Q2,,0.501606,,,,,,F,Free (free for publication),1,One,A,Normal value,0,Units,_Z,Not applicable
DATAFLOW,OECD.SDD.NAD:DSD_NAMAIN1@DF_QNA_EXPENDITURE_GROWTH_G20(1.1),Quarterly real GDP growth - G20 countries,I,Q,Quarterly,Y,Calendar and seasonally adjusted,G7,G7,S1,Total economy,S1,Total economy,B1GQ,Gross domestic product,_Z,Not applicable,_Z,Not applicable,_Z,Not applicable,PC,Percentage change,L,Chain linked volume,G1,"Growth rate, period on period",T0102,Table 0102 - GDP identity from the expenditure side,2014-Q3,,0.824294,,,,,,F,Free (free for publication),1,One,A,Normal value,0,Units,_Z,Not applicable
DATAFLOW,OECD.SDD.NAD:DSD_NAMAIN1@DF_QNA_EXPENDITURE_GROWTH_G20(1.1),Quarterly real GDP growth - G20 countries,I,Q,Quarterly,Y,Calendar and seasonally adjusted,G7,G7,S1,Total economy,S1,Total economy,B1GQ,Gross domestic product,_Z,Not applicable,_Z,Not applicable,_Z,Not applicable,PC,Percentage change,L,Chain linked volume,G1,"Growth rate, period on period",T0102,Table 0102 - GDP identity from the expenditure side,2014-Q4,,0.449349,,,,,,F,Free (free for publication),1,One,A,Normal value,0,Units,_Z,Not applicable
DATAFLOW,OECD.SDD.NAD:DSD_NAMAIN1@DF_QNA_EXPENDITURE_GROWTH_G20(1.1),Quarterly real GDP growth - G20 countries,I,Q,Quarterly,Y,Calendar and seasonally adjusted,G7,G7,S1,Total economy,S1,Total economy,B1GQ,Gross domestic product,_Z,Not applicable,_Z,Not applicable,_Z,Not applicable,PC,Percentage change,L,Chain linked volume,G1,"Growth rate, period on period",T0102,Table 0102 - GDP identity from the expenditure side,2015-Q1,,0.697872,,,,,,F,Free (free for publication),1,One,A,Normal value,0,Units,_Z,Not applicable
DATAFLOW,OECD.SDD.NAD:DSD_NAMAIN1@DF_QNA_EXPENDITURE_GROWTH_G20(1.1),Quarterly real GDP growth - G20 countries,I,Q,Quarterly,Y,Calendar and seasonally adjusted,G7,G7,S1,Total economy,S1,Total economy,B1GQ,Gross domestic product,_Z,Not applicable,_Z,Not applicable,_Z,Not applicable,PC,Percentage change,L,Chain linked volume,G1,"Growth rate, period on period",T0102,Table 0102 - GDP identity from the expenditure side,2015-Q2,,0.441606,,,,,,F,Free (free for publication),1,One,A,Normal value,0,Units,_Z,Not applicable
DATAFLOW,OECD.SDD.NAD:DSD_NAMAIN1@DF_QNA_EXPENDITURE_GROWTH_G20(1.1),Quarterly real GDP growth - G20 countries,I,Q,Quarterly,Y,Calendar and seasonally adjusted,G7,G7,S1,Total economy,S1,Total economy,B1GQ,Gross domestic product,_Z,Not applicable,_Z,Not applicable,_Z,Not applicable,PC,Percentage change,L,Chain linked volume,G1,"Growth rate, period on period",T0102,Table 0102 - GDP identity from the expenditure side,2015-Q3,,0.339157,,,,,,F,Free (free for publication),1,One,A,Normal value,0,Units,_Z,Not applicable
DATAFLOW,OECD.SDD.NAD:DSD_NAMAIN1@DF_QNA_EXPENDITURE_GROWTH_G20(1.1),Quarterly real GDP growth - G20 countries,I,Q,Quarterly,Y,Calendar and seasonally adjusted,G7,G7,S1,Total economy,S1,Total economy,B1GQ,Gross domestic product,_Z,Not applicable,_Z,Not applicable,_Z,Not applicable,PC,Percentage change,L,Chain linked volume,G1,"Growth rate, period on period",T0102,Table 0102 - GDP identity from the expenditure side,2015-Q4,,0.217715,,,,,,F,Free (free for publication),1,One,A,Normal value,0,Units,_Z,Not applicable
DATAFLOW,OECD.SDD.NAD:DSD_NAMAIN1@DF_QNA_EXPENDITURE_GROWTH_G20(1.1),Quarterly real GDP growth - G20 countries,I,Q,Quarterly,Y,Calendar and seasonally adjusted,G7,G7,S1,Total economy,S1,Total economy,B1GQ,Gross domestic product,_Z,Not applicable,_Z,Not applicable,_Z,Not applicable,PC,Percentage change,L,Chain linked volume,G1,"Growth rate, period on period",T0102,Table 0102 - GDP identity from the expenditure side,2016-Q1,,0.585512,,,,,,F,Free (free for publication),1,One,A,Normal value,0,Units,_Z,Not applicable
DATAFLOW,OECD.SDD.NAD:DSD_NAMAIN1@DF_QNA_EXPENDITURE_GROWTH_G20(1.1),Quarterly real GDP growth - G20 countries,I,Q,Quarterly,Y,Calendar and seasonally adjusted,G7,G7,S1,Total economy,S1,Total economy,B1GQ,Gross domestic product,_Z,Not applicable,_Z,Not applicable,_Z,Not applicable,PC,Percentage change,L,Chain linked volume,G1,"Growth rate, period on period",T0102,Table 0102 - GDP identity from the expenditure side,2016-Q2,,0.201759,,,,,,F,Free (free for publication),1,One,A,Normal value,0,Units,_Z,Not applicable
DATAFLOW,OECD.SDD.NAD:DSD_NAMAIN1@DF_QNA_EXPENDITURE_GROWTH_G20(1.1),Quarterly real GDP growth - G20 countries,I,Q,Quarterly,Y,Calendar and seasonally adjusted,G7,G7,S1,Total economy,S1,Total economy,B1GQ,Gross domestic product,_Z,Not applicable,_Z,Not applicable,_Z,Not applicable,PC,Percentage change,L,Chain linked volume,G1,"Growth rate, period on period",T0102,Table 0102 - GDP identity from the expenditure side,2016-Q3,,0.552567,,,,,,F,Free (free for publication),1,One,A,Normal value,0,Units,_Z,Not applicable
DATAFLOW,OECD.SDD.NAD:DSD_NAMAIN1@DF_QNA_EXPENDITURE_GROWTH_G20(1.1),Quarterly real GDP growth - G20 countries,I,Q,Quarterly,Y,Calendar and seasonally adjusted,G7,G7,S1,Total economy,S1,Total economy,B1GQ,Gross domestic product,_Z,Not applicable,_Z,Not applicable,_Z,Not applicable,PC,Percentage change,L,Chain linked volume,G1,"Growth rate, period on period",T0102,Table 0102 - GDP identity from the expenditure side,2016-Q4,,0.483658,,,,,,F,Free (free for publication),1,One,A,Normal value,0,Units,_Z,Not applicable
DATAFLOW,OECD.SDD.NAD:DSD_NAMAIN1@DF_QNA_EXPENDITURE_GROWTH_G20(1.1),Quarterly real GDP growth - G20 countries,I,Q,Quarterly,Y,Calendar and seasonally adjusted,G7,G7,S1,Total economy,S1,Total economy,B1GQ,Gross domestic product,_Z,Not applicable,_Z,Not applicable,_Z,Not applicable,PC,Percentage change,L,Chain linked volume,G1,"Growth rate, period on period",T0102,Table 0102 - GDP identity from the expenditure side,2017-Q1,,0.699523,,,,,,F,Free (free for publication),1,One,A,Normal value,0,Units,_Z,Not applicable
DATAFLOW,OECD.SDD.NAD:DSD_NAMAIN1@DF_QNA_EXPENDITURE_GROWTH_G20(1.1),Quarterly real GDP growth - G20 countries,I,Q,Quarterly,Y,Calendar and seasonally adjusted,G7,G7,S1,Total economy,S1,Total economy,B1GQ,Gross domestic product,_Z,Not applicable,_Z,Not applicable,_Z,Not applicable,PC,Percentage change,L,Chain linked volume,G1,"Growth rate, period on period",T0102,Table 0102 - GDP identity from the expenditure side,2017-Q2,,0.606789,,,,,,F,Free (free for publication),1,One,A,Normal value,0,Units,_Z,Not applicable
DATAFLOW,OECD.SDD.NAD:DSD_NAMAIN1@DF_QNA_EXPENDITURE_GROWTH_G20(1.1),Quarterly real GDP growth - G20 countries,I,Q,Quarterly,Y,Calendar and seasonally adjusted,G7,G7,S1,Total economy,S1,Total economy,B1GQ,Gross domestic product,_Z,Not applicable,_Z,Not applicable,_Z,Not applicable,PC,Percentage change,L,Chain linked volume,G1,"Growth rate, period on period",T0102,Table 0102 - GDP identity from the expenditure side,2017-Q3,,0.70841,,,,,,F,Free (free for publication),1,One,A,Normal value,0,Units,_Z,Not applicable
DATAFLOW,OECD.SDD.NAD:DSD_NAMAIN1@DF_QNA_EXPENDITURE_GROWTH_G20(1.1),Quarterly real GDP growth - G20 countries,I,Q,Quarterly,Y,Calendar and seasonally adjusted,G7,G7,S1,Total economy,S1,Total economy,B1GQ,Gross domestic product,_Z,Not applicable,_Z,Not applicable,_Z,Not applicable,PC,Percentage change,L,Chain linked volume,G1,"Growth rate, period on period",T0102,Table 0102 - GDP identity from the expenditure side,2017-Q4,,0.83844,,,,,,F,Free (free for publication),1,One,A,Normal value,0,Units,_Z,Not applicable
DATAFLOW,OECD.SDD.NAD:DSD_NAMAIN1@DF_QNA_EXPENDITURE_GROWTH_G20(1.1),Quarterly real GDP growth - G20 countries,I,Q,Quarterly,Y,Calendar and seasonally adjusted,G7,G7,S1,Total economy,S1,Total economy,B1GQ,Gross domestic product,_Z,Not applicable,_Z,Not applicable,_Z,Not applicable,PC,Percentage change,L,Chain linked volume,G1,"Growth rate, period on period",T0102,Table 0102 - GDP identity from the expenditure side,2018-Q1,,0.397652,,,,,,F,Free (free for publication),1,One,A,Normal value,0,Units,_Z,Not applicable
DATAFLOW,OECD.SDD.NAD:DSD_NAMAIN1@DF_QNA_EXPENDITURE_GROWTH_G20(1.1),Quarterly real GDP growth - G20 countries,I,Q,Quarterly,Y,Calendar and seasonally adjusted,G7,G7,S1,Total economy,S1,Total economy,B1GQ,Gross domestic product,_Z,Not applicable,_Z,Not applicable,_Z,Not applicable,PC,Percentage change,L,Chain linked volume,G1,"Growth rate, period on period",T0102,Table 0102 - GDP identity from the expenditure side,2018-Q2,,0.491718,,,,,,F,Free (free for publication),1,One,A,Normal value,0,Units,_Z,Not applicable
DATAFLOW,OECD.SDD.NAD:DSD_NAMAIN1@DF_QNA_EXPENDITURE_GROWTH_G20(1.1),Quarterly real GDP growth - G20 countries,I,Q,Quarterly,Y,Calendar and seasonally adjusted,G7,G7,S1,Total economy,S1,Total economy,B1GQ,Gross domestic product,_Z,Not applicable,_Z,Not applicable,_Z,Not applicable,PC,Percentage change,L,Chain linked volume,G1,"Growth rate, period on period",T0102,Table 0102 - GDP identity from the expenditure side,2018-Q3,,0.249791,,,,,,F,Free (free for publication),1,One,A,Normal value,0,Units,_Z,Not applicable
DATAFLOW,OECD.SDD.NAD:DSD_NAMAIN1@DF_QNA_EXPENDITURE_GROWTH_G20(1.1),Quarterly real GDP growth - G20 countries,I,Q,Quarterly,Y,Calendar and seasonally adjusted,G7,G7,S1,Total economy,S1,Total economy,B1GQ,Gross domestic product,_Z,Not applicable,_Z,Not applicable,_Z,Not applicable,PC,Percentage change,L,Chain linked volume,G1,"Growth rate, period on period",T0102,Table 0102 - GDP identity from the expenditure side,2018-Q4,,0.180005,,,,,,F,Free (free for publication),1,One,A,Normal value,0,Units,_Z,Not applicable
DATAFLOW,OECD.SDD.NAD:DSD_NAMAIN1@DF_QNA_EXPENDITURE_GROWTH_G20(1.1),Quarterly real GDP growth - G20 countries,I,Q,Quarterly,Y,Calendar and seasonally adjusted,G7,G7,S1,Total economy,S1,Total economy,B1GQ,Gross domestic product,_Z,Not applicable,_Z,Not applicable,_Z,Not applicable,PC,Percentage change,L,Chain linked volume,G1,"Growth rate, period on period",T0102,Table 0102 - GDP identity from the expenditure side,2019-Q1,,0.553099,,,,,,F,Free (free for publication),1,One,A,Normal value,0,Units,_Z,Not applicable
DATAFLOW,OECD.SDD.NAD:DSD_NAMAIN1@DF_QNA_EXPENDITURE_GROWTH_G20(1.1),Quarterly real GDP growth - G20 countries,I,Q,Quarterly,Y,Calendar and seasonally adjusted,G7,G7,S1,Total economy,S1,Total economy,B1GQ,Gross domestic product,_Z,Not applicable,_Z,Not applicable,_Z,Not applicable,PC,Percentage change,L,Chain linked volume,G1,"Growth rate, period on period",T0102,Table 0102 - GDP identity from the expenditure side,2019-Q2,,0.612468,,,,,,F,Free (free for publication),1,One,A,Normal value,0,Units,_Z,Not applicable
DATAFLOW,OECD.SDD.NAD:DSD_NAMAIN1@DF_QNA_EXPENDITURE_GROWTH_G20(1.1),Quarterly real GDP growth - G20 countries,I,Q,Quarterly,Y,Calendar and seasonally adjusted,G7,G7,S1,Total economy,S1,Total economy,B1GQ,Gross domestic product,_Z,Not applicable,_Z,Not applicable,_Z,Not applicable,PC,Percentage change,L,Chain linked volume,G1,"Growth rate, period on period",T0102,Table 0102 - GDP identity from the expenditure side,2019-Q3,,0.673708,,,,,,F,Free (free for publication),1,One,A,Normal value,0,Units,_Z,Not applicable
DATAFLOW,OECD.SDD.NAD:DSD_NAMAIN1@DF_QNA_EXPENDITURE_GROWTH_G20(1.1),Quarterly real GDP growth - G20 countries,I,Q,Quarterly,Y,Calendar and seasonally adjusted,G7,G7,S1,Total economy,S1,Total economy,B1GQ,Gross domestic product,_Z,Not applicable,_Z,Not applicable,_Z,Not applicable,PC,Percentage change,L,Chain linked volume,G1,"Growth rate, period on period",T0102,Table 0102 - GDP identity from the expenditure side,2019-Q4,,-0.101635,,,,,,F,Free (free for publication),1,One,A,Normal value,0,Units,_Z,Not applicable
DATAFLOW,OECD.SDD.NAD:DSD_NAMAIN1@DF_QNA_EXPENDITURE_GROWTH_G20(1.1),Quarterly real GDP growth - G20 countries,I,Q,Quarterly,Y,Calendar and seasonally adjusted,G7,G7,S1,Total economy,S1,Total economy,B1GQ,Gross domestic product,_Z,Not applicable,_Z,Not applicable,_Z,Not applicable,PC,Percentage change,L,Chain linked volume,G1,"Growth rate, period on period",T0102,Table 0102 - GDP identity from the expenditure side,2020-Q1,,-1.89078,,,,,,F,Free (free for publication),1,One,A,Normal value,0,Units,_Z,Not applicable
DATAFLOW,OECD.SDD.NAD:DSD_NAMAIN1@DF_QNA_EXPENDITURE_GROWTH_G20(1.1),Quarterly real GDP growth - G20 countries,I,Q,Quarterly,Y,Calendar and seasonally adjusted,G7,G7,S1,Total economy,S1,Total economy,B1GQ,Gross domestic product,_Z,Not applicable,_Z,Not applicable,_Z,Not applicable,PC,Percentage change,L,Chain linked volume,G1,"Growth rate, period on period",T0102,Table 0102 - GDP identity from the expenditure side,2020-Q2,,-9.63294,,,,,,F,Free (free for publication),1,One,A,Normal value,0,Units,_Z,Not applicable
DATAFLOW,OECD.SDD.NAD:DSD_NAMAIN1@DF_QNA_EXPENDITURE_GROWTH_G20(1.1),Quarterly real GDP growth - G20 countries,I,Q,Quarterly,Y,Calendar and seasonally adjusted,G7,G7,S1,Total economy,S1,Total economy,B1GQ,Gross domestic product,_Z,Not applicable,_Z,Not applicable,_Z,Not applicable,PC,Percentage change,L,Chain linked volume,G1,"Growth rate, period on period",T0102,Table 0102 - GDP identity from the expenditure side,2020-Q3,,9.197356,,,,,,F,Free (free for publication),1,One,A,Normal value,0,Units,_Z,Not applicable
DATAFLOW,OECD.SDD.NAD:DSD_NAMAIN1@DF_QNA_EXPENDITURE_GROWTH_G20(1.1),Quarterly real GDP growth - G20 countries,I,Q,Quarterly,Y,Calendar and seasonally adjusted,G7,G7,S1,Total economy,S1,Total economy,B1GQ,Gross domestic product,_Z,Not applicable,_Z,Not applicable,_Z,Not applicable,PC,Percentage change,L,Chain linked volume,G1,"Growth rate, period on period",T0102,Table 0102 - GDP identity from the expenditure side,2020-Q4,,1.08594,,,,,,F,Free (free for publication),1,One,A,Normal value,0,Units,_Z,Not applicable
DATAFLOW,OECD.SDD.NAD:DSD_NAMAIN1@DF_QNA_EXPENDITURE_GROWTH_G20(1.1),Quarterly real GDP growth - G20 countries,I,Q,Quarterly,Y,Calendar and seasonally adjusted,G7,G7,S1,Total economy,S1,Total economy,B1GQ,Gross domestic product,_Z,Not applicable,_Z,Not applicable,_Z,Not applicable,PC,Percentage change,L,Chain linked volume,G1,"Growth rate, period on period",T0102,Table 0102 - GDP identity from the expenditure side,2021-Q1,,0.789944,,,,,,F,Free (free for publication),1,One,A,Normal value,0,Units,_Z,Not applicable
DATAFLOW,OECD.SDD.NAD:DSD_NAMAIN1@DF_QNA_EXPENDITURE_GROWTH_G20(1.1),Quarterly real GDP growth - G20 countries,I,Q,Quarterly,Y,Calendar and seasonally adjusted,G7,G7,S1,Total economy,S1,Total economy,B1GQ,Gross domestic product,_Z,Not applicable,_Z,Not applicable,_Z,Not applicable,PC,Percentage change,L,Chain linked volume,G1,"Growth rate, period on period",T0102,Table 0102 - GDP identity from the expenditure side,2021-Q2,,1.973973,,,,,,F,Free (free for publication),1,One,A,Normal value,0,Units,_Z,Not applicable
DATAFLOW,OECD.SDD.NAD:DSD_NAMAIN1@DF_QNA_EXPENDITURE_GROWTH_G20(1.1),Quarterly real GDP growth - G20 countries,I,Q,Quarterly,Y,Calendar and seasonally adjusted,G7,G7,S1,Total economy,S1,Total economy,B1GQ,Gross domestic product,_Z,Not applicable,_Z,Not applicable,_Z,Not applicable,PC,Percentage change,L,Chain linked volume,G1,"Growth rate, period on period",T0102,Table 0102 - GDP identity from the expenditure side,2021-Q3,,0.980144,,,,,,F,Free (free for publication),1,One,A,Normal value,0,Units,_Z,Not applicable
DATAFLOW,OECD.SDD.NAD:DSD_NAMAIN1@DF_QNA_EXPENDITURE_GROWTH_G20(1.1),Quarterly real GDP growth - G20 countries,I,Q,Quarterly,Y,Calendar and seasonally adjusted,G7,G7,S1,Total economy,S1,Total economy,B1GQ,Gross domestic product,_Z,Not applicable,_Z,Not applicable,_Z,Not applicable,PC,Percentage change,L,Chain linked volume,G1,"Growth rate, period on period",T0102,Table 0102 - GDP identity from the expenditure side,2021-Q4,,1.392128,,,,,,F,Free (free for publication),1,One,A,Normal value,0,Units,_Z,Not applicable
DATAFLOW,OECD.SDD.NAD:DSD_NAMAIN1@DF_QNA_EXPENDITURE_GROWTH_G20(1.1),Quarterly real GDP growth - G20 countries,I,Q,Quarterly,Y,Calendar and seasonally adjusted,FRA,France,S1,Total economy,S1,Total economy,B1GQ,Gross domestic product,_Z,Not applicable,_Z,Not applicable,_Z,Not applicable,PC,Percentage change,L,Chain linked volume,G1,"Growth rate, period on period",T0102,Table 0102 - GDP identity from the expenditure side,2010-Q1,,0.33959439,,,,,,F,Free (free for publication),1,One,A,Normal value,0,Units,_Z,Not applicable
DATAFLOW,OECD.SDD.NAD:DSD_NAMAIN1@DF_QNA_EXPENDITURE_GROWTH_G20(1.1),Quarterly real GDP growth - G20 countries,I,Q,Quarterly,Y,Calendar and seasonally adjusted,FRA,France,S1,Total economy,S1,Total economy,B1GQ,Gross domestic product,_Z,Not applicable,_Z,Not applicable,_Z,Not applicable,PC,Percentage change,L,Chain linked volume,G1,"Growth rate, period on period",T0102,Table 0102 - GDP identity from the expenditure side,2010-Q2,,0.465882104,,,,,,F,Free (free for publication),1,One,A,Normal value,0,Units,_Z,Not applicable
DATAFLOW,OECD.SDD.NAD:DSD_NAMAIN1@DF_QNA_EXPENDITURE_GROWTH_G20(1.1),Quarterly real GDP growth - G20 countries,I,Q,Quarterly,Y,Calendar and seasonally adjusted,FRA,France,S1,Total economy,S1,Total economy,B1GQ,Gross domestic product,_Z,Not applicable,_Z,Not applicable,_Z,Not applicable,PC,Percentage change,L,Chain linked volume,G1,"Growth rate, period on period",T0102,Table 0102 - GDP identity from the expenditure side,2010-Q3,,0.654723394,,,,,,F,Free (free for publication),1,One,A,Normal value,0,Units,_Z,Not applicable
DATAFLOW,OECD.SDD.NAD:DSD_NAMAIN1@DF_QNA_EXPENDITURE_GROWTH_G20(1.1),Quarterly real GDP growth - G20 countries,I,Q,Quarterly,Y,Calendar and seasonally adjusted,FRA,France,S1,Total economy,S1,Total economy,B1GQ,Gross domestic product,_Z,Not applicable,_Z,Not applicable,_Z,Not applicable,PC,Percentage change,L,Chain linked volume,G1,"Growth rate, period on period",T0102,Table 0102 - GDP identity from the expenditure side,2010-Q4,,0.59903557,,,,,,F,Free (free for publication),1,One,A,Normal value,0,Units,_Z,Not applicable
DATAFLOW,OECD.SDD.NAD:DSD_NAMAIN1@DF_QNA_EXPENDITURE_GROWTH_G20(1.1),Quarterly real GDP growth - G20 countries,I,Q,Quarterly,Y,Calendar and seasonally adjusted,FRA,France,S1,Total economy,S1,Total economy,B1GQ,Gross domestic product,_Z,Not applicable,_Z,Not applicable,_Z,Not applicable,PC,Percentage change,L,Chain linked volume,G1,"Growth rate, period on period",T0102,Table 0102 - GDP identity from the expenditure side,2011-Q1,,1.318083176,,,,,,F,Free (free for publication),1,One,A,Normal value,0,Units,_Z,Not applicable
DATAFLOW,OECD.SDD.NAD:DSD_NAMAIN1@DF_QNA_EXPENDITURE_GROWTH_G20(1.1),Quarterly real GDP growth - G20 countries,I,Q,Quarterly,Y,Calendar and seasonally adjusted,FRA,France,S1,Total economy,S1,Total economy,B1GQ,Gross domestic product,_Z,Not applicable,_Z,Not applicable,_Z,Not applicable,PC,Percentage change,L,Chain linked volume,G1,"Growth rate, period on period",T0102,Table 0102 - GDP identity from the expenditure side,2011-Q2,,0.014351019,,,,,,F,Free (free for publication),1,One,A,Normal value,0,Units,_Z,Not applicable
DATAFLOW,OECD.SDD.NAD:DSD_NAMAIN1@DF_QNA_EXPENDITURE_GROWTH_G20(1.1),Quarterly real GDP growth - G20 countries,I,Q,Quarterly,Y,Calendar and seasonally adjusted,FRA,France,S1,Total economy,S1,Total economy,B1GQ,Gross domestic product,_Z,Not applicable,_Z,Not applicable,_Z,Not applicable,PC,Percentage change,L,Chain linked volume,G1,"Growth rate, period on period",T0102,Table 0102 - GDP identity from the expenditure side,2011-Q3,,0.313138729,,,,,,F,Free (free for publication),1,One,A,Normal value,0,Units,_Z,Not applicable
DATAFLOW,OECD.SDD.NAD:DSD_NAMAIN1@DF_QNA_EXPENDITURE_GROWTH_G20(1.1),Quarterly real GDP growth - G20 countries,I,Q,Quarterly,Y,Calendar and seasonally adjusted,FRA,France,S1,Total economy,S1,Total economy,B1GQ,Gross domestic product,_Z,Not applicable,_Z,Not applicable,_Z,Not applicable,PC,Percentage change,L,Chain linked volume,G1,"Growth rate, period on period",T0102,Table 0102 - GDP identity from the expenditure side,2011-Q4,,0.353843648,,,,,,F,Free (free for publication),1,One,A,Normal value,0,Units,_Z,Not applicable
DATAFLOW,OECD.SDD.NAD:DSD_NAMAIN1@DF_QNA_EXPENDITURE_GROWTH_G20(1.1),Quarterly real GDP growth - G20 countries,I,Q,Quarterly,Y,Calendar and seasonally adjusted,FRA,France,S1,Total economy,S1,Total economy,B1GQ,Gross domestic product,_Z,Not applicable,_Z,Not applicable,_Z,Not applicable,PC,Percentage change,L,Chain linked volume,G1,"Growth rate, period on period",T0102,Table 0102 - GDP identity from the expenditure side,2012-Q1,,-0.052024371,,,,,,F,Free (free for publication),1,One,A,Normal value,0,Units,_Z,Not applicable
DATAFLOW,OECD.SDD.NAD:DSD_NAMAIN1@DF_QNA_EXPENDITURE_GROWTH_G20(1.1),Quarterly real GDP growth - G20 countries,I,Q,Quarterly,Y,Calendar and seasonally adjusted,FRA,France,S1,Total economy,S1,Total economy,B1GQ,Gross domestic product,_Z,Not applicable,_Z,Not applicable,_Z,Not applicable,PC,Percentage change,L,Chain linked volume,G1,"Growth rate, period on period",T0102,Table 0102 - GDP identity from the expenditure side,2012-Q2,,-0.386452677,,,,,,F,Free (free for publication),1,One,A,Normal value,0,Units,_Z,Not applicable
DATAFLOW,OECD.SDD.NAD:DSD_NAMAIN1@DF_QNA_EXPENDITURE_GROWTH_G20(1.1),Quarterly real GDP growth - G20 countries,I,Q,Quarterly,Y,Calendar and seasonally adjusted,FRA,France,S1,Total economy,S1,Total economy,B1GQ,Gross domestic product,_Z,Not applicable,_Z,Not applicable,_Z,Not applicable,PC,Percentage change,L,Chain linked volume,G1,"Growth rate, period on period",T0102,Table 0102 - GDP identity from the expenditure side,2012-Q3,,0.302035473,,,,,,F,Free (free for publication),1,One,A,Normal value,0,Units,_Z,Not applicable
DATAFLOW,OECD.SDD.NAD:DSD_NAMAIN1@DF_QNA_EXPENDITURE_GROWTH_G20(1.1),Quarterly real GDP growth - G20 countries,I,Q,Quarterly,Y,Calendar and seasonally adjusted,FRA,France,S1,Total economy,S1,Total economy,B1GQ,Gross domestic product,_Z,Not applicable,_Z,Not applicable,_Z,Not applicable,PC,Percentage change,L,Chain linked volume,G1,"Growth rate, period on period",T0102,Table 0102 - GDP identity from the expenditure side,2012-Q4,,-0.021392516,,,,,,F,Free (free for publication),1,One,A,Normal value,0,Units,_Z,Not applicable
DATAFLOW,OECD.SDD.NAD:DSD_NAMAIN1@DF_QNA_EXPENDITURE_GROWTH_G20(1.1),Quarterly real GDP growth - G20 countries,I,Q,Quarterly,Y,Calendar and seasonally adjusted,FRA,France,S1,Total economy,S1,Total economy,B1GQ,Gross domestic product,_Z,Not applicable,_Z,Not applicable,_Z,Not applicable,PC,Percentage change,L,Chain linked volume,G1,"Growth rate, period on period",T0102,Table 0102 - GDP identity from the expenditure side,2013-Q1,,0.19308246,,,,,,F,Free (free for publication),1,One,A,Normal value,0,Units,_Z,Not applicable
DATAFLOW,OECD.SDD.NAD:DSD_NAMAIN1@DF_QNA_EXPENDITURE_GROWTH_G20(1.1),Quarterly real GDP growth - G20 countries,I,Q,Quarterly,Y,Calendar and seasonally adjusted,FRA,France,S1,Total economy,S1,Total economy,B1GQ,Gross domestic product,_Z,Not applicable,_Z,Not applicable,_Z,Not applicable,PC,Percentage change,L,Chain linked volume,G1,"Growth rate, period on period",T0102,Table 0102 - GDP identity from the expenditure side,2013-Q2,,0.883239817,,,,,,F,Free (free for publication),1,One,A,Normal value,0,Units,_Z,Not applicable
DATAFLOW,OECD.SDD.NAD:DSD_NAMAIN1@DF_QNA_EXPENDITURE_GROWTH_G20(1.1),Quarterly real GDP growth - G20 countries,I,Q,Quarterly,Y,Calendar and seasonally adjusted,FRA,France,S1,Total economy,S1,Total economy,B1GQ,Gross domestic product,_Z,Not applicable,_Z,Not applicable,_Z,Not applicable,PC,Percentage change,L,Chain linked volume,G1,"Growth rate, period on period",T0102,Table 0102 - GDP identity from the expenditure side,2013-Q3,,-0.236449527,,,,,,F,Free (free for publication),1,One,A,Normal value,0,Units,_Z,Not applicable
DATAFLOW,OECD.SDD.NAD:DSD_NAMAIN1@DF_QNA_EXPENDITURE_GROWTH_G20(1.1),Quarterly real GDP growth - G20 countries,I,Q,Quarterly,Y,Calendar and seasonally adjusted,FRA,France,S1,Total economy,S1,Total economy,B1GQ,Gross domestic product,_Z,Not applicable,_Z,Not applicable,_Z,Not applicable,PC,Percentage change,L,Chain linked volume,G1,"Growth rate, period on period",T0102,Table 0102 - GDP identity from the expenditure side,2013-Q4,,0.602812604,,,,,,F,Free (free for publication),1,One,A,Normal value,0,Units,_Z,Not applicable
DATAFLOW,OECD.SDD.NAD:DSD_NAMAIN1@DF_QNA_EXPENDITURE_GROWTH_G20(1.1),Quarterly real GDP growth - G20 countries,I,Q,Quarterly,Y,Calendar and seasonally adjusted,FRA,France,S1,Total economy,S1,Total economy,B1GQ,Gross domestic product,_Z,Not applicable,_Z,Not applicable,_Z,Not applicable,PC,Percentage change,L,Chain linked volume,G1,"Growth rate, period on period",T0102,Table 0102 - GDP identity from the expenditure side,2014-Q1,,0.005169248,,,,,,F,Free (free for publication),1,One,A,Normal value,0,Units,_Z,Not applicable
DATAFLOW,OECD.SDD.NAD:DSD_NAMAIN1@DF_QNA_EXPENDITURE_GROWTH_G20(1.1),Quarterly real GDP growth - G20 countries,I,Q,Quarterly,Y,Calendar and seasonally adjusted,FRA,France,S1,Total economy,S1,Total economy,B1GQ,Gross domestic product,_Z,Not applicable,_Z,Not applicable,_Z,Not applicable,PC,Percentage change,L,Chain linked volume,G1,"Growth rate, period on period",T0102,Table 0102 - GDP identity from the expenditure side,2014-Q2,,0.255060674,,,,,,F,Free (free for publication),1,One,A,Normal value,0,Units,_Z,Not applicable
DATAFLOW,OECD.SDD.NAD:DSD_NAMAIN1@DF_QNA_EXPENDITURE_GROWTH_G20(1.1),Quarterly real GDP growth - G20 countries,I,Q,Quarterly,Y,Calendar and seasonally adjusted,FRA,France,S1,Total economy,S1,Total economy,B1GQ,Gross domestic product,_Z,Not applicable,_Z,Not applicable,_Z,Not applicable,PC,Percentage change,L,Chain linked volume,G1,"Growth rate, period on period",T0102,Table 0102 - GDP identity from the expenditure side,2014-Q3,,0.637322693,,,,,,F,Free (free for publication),1,One,A,Normal value,0,Units,_Z,Not applicable
DATAFLOW,OECD.SDD.NAD:DSD_NAMAIN1@DF_QNA_EXPENDITURE_GROWTH_G20(1.1),Quarterly real GDP growth - G20 countries,I,Q,Quarterly,Y,Calendar and seasonally adjusted,FRA,France,S1,Total economy,S1,Total economy,B1GQ,Gross domestic product,_Z,Not applicable,_Z,Not applicable,_Z,Not applicable,PC,Percentage change,L,Chain linked volume,G1,"Growth rate, period on period",T0102,Table 0102 - GDP identity from the expenditure side,2014-Q4,,-0.284756229,,,,,,F,Free (free for publication),1,One,A,Normal value,0,Units,_Z,Not applicable
DATAFLOW,OECD.SDD.NAD:DSD_NAMAIN1@DF_QNA_EXPENDITURE_GROWTH_G20(1.1),Quarterly real GDP growth - G20 countries,I,Q,Quarterly,Y,Calendar and seasonally adjusted,FRA,France,S1,Total economy,S1,Total economy,B1GQ,Gross domestic product,_Z,Not applicable,_Z,Not applicable,_Z,Not applicable,PC,Percentage change,L,Chain linked volume,G1,"Growth rate, period on period",T0102,Table 0102 - GDP identity from the expenditure side,2015-Q1,,0.583820094,,,,,,F,Free (free for publication),1,One,A,Normal value,0,Units,_Z,Not applicable
DATAFLOW,OECD.SDD.NAD:DSD_NAMAIN1@DF_QNA_EXPENDITURE_GROWTH_G20(1.1),Quarterly real GDP growth - G20 countries,I,Q,Quarterly,Y,Calendar and seasonally adjusted,FRA,France,S1,Total economy,S1,Total economy,B1GQ,Gross domestic product,_Z,Not applicable,_Z,Not applicable,_Z,Not applicable,PC,Percentage change,L,Chain linked volume,G1,"Growth rate, period on period",T0102,Table 0102 - GDP identity from the expenditure side,2015-Q2,,0.078225673,,,,,,F,Free (free for publication),1,One,A,Normal value,0,Units,_Z,Not applicable
DATAFLOW,OECD.SDD.NAD:DSD_NAMAIN1@DF_QNA_EXPENDITURE_GROWTH_G20(1.1),Quarterly real GDP growth - G20 countries,I,Q,Quarterly,Y,Calendar and seasonally adjusted,FRA,France,S1,Total economy,S1,Total economy,B1GQ,Gross domestic product,_Z,Not applicable,_Z,Not applicable,_Z,Not applicable,PC,Percentage change,L,Chain linked volume,G1,"Growth rate, period on period",T0102,Table 0102 - GDP identity from the expenditure side,2015-Q3,,0.254295038,,,,,,F,Free (free for publication),1,One,A,Normal value,0,Units,_Z,Not applicable
DATAFLOW,OECD.SDD.NAD:DSD_NAMAIN1@DF_QNA_EXPENDITURE_GROWTH_G20(1.1),Quarterly real GDP growth - G20 countries,I,Q,Quarterly,Y,Calendar and seasonally adjusted,FRA,France,S1,Total economy,S1,Total economy,B1GQ,Gross domestic product,_Z,Not applicable,_Z,Not applicable,_Z,Not applicable,PC,Percentage change,L,Chain linked volume,G1,"Growth rate, period on period",T0102,Table 0102 - GDP identity from the expenditure side,2015-Q4,,0.239194164,,,,,,F,Free (free for publication),1,One,A,Normal value,0,Units,_Z,Not applicable
DATAFLOW,OECD.SDD.NAD:DSD_NAMAIN1@DF_QNA_EXPENDITURE_GROWTH_G20(1.1),Quarterly real GDP growth - G20 countries,I,Q,Quarterly,Y,Calendar and seasonally adjusted,FRA,France,S1,Total economy,S1,Total economy,B1GQ,Gross domestic product,_Z,Not applicable,_Z,Not applicable,_Z,Not applicable,PC,Percentage change,L,Chain linked volume,G1,"Growth rate, period on period",T0102,Table 0102 - GDP identity from the expenditure side,2016-Q1,,0.308182245,,,,,,F,Free (free for publication),1,One,A,Normal value,0,Units,_Z,Not applicable
DATAFLOW,OECD.SDD.NAD:DSD_NAMAIN1@DF_QNA_EXPENDITURE_GROWTH_G20(1.1),Quarterly real GDP growth - G20 countries,I,Q,Quarterly,Y,Calendar and seasonally adjusted,FRA,France,S1,Total economy,S1,Total economy,B1GQ,Gross domestic product,_Z,Not applicable,_Z,Not applicable,_Z,Not applicable,PC,Percentage change,L,Chain linked volume,G1,"Growth rate, period on period",T0102,Table 0102 - GDP identity from the expenditure side,2016-Q2,,-0.169916772,,,,,,F,Free (free for publication),1,One,A,Normal value,0,Units,_Z,Not applicable
DATAFLOW,OECD.SDD.NAD:DSD_NAMAIN1@DF_QNA_EXPENDITURE_GROWTH_G20(1.1),Quarterly real GDP growth - G20 countries,I,Q,Quarterly,Y,Calendar and seasonally adjusted,FRA,France,S1,Total economy,S1,Total economy,B1GQ,Gross domestic product,_Z,Not applicable,_Z,Not applicable,_Z,Not applicable,PC,Percentage change,L,Chain linked volume,G1,"Growth rate, period on period",T0102,Table 0102 - GDP identity from the expenditure side,2016-Q3,,0.133226806,,,,,,F,Free (free for publication),1,One,A,Normal value,0,Units,_Z,Not applicable
DATAFLOW,OECD.SDD.NAD:DSD_NAMAIN1@DF_QNA_EXPENDITURE_GROWTH_G20(1.1),Quarterly real GDP growth - G20 countries,I,Q,Quarterly,Y,Calendar and seasonally adjusted,FRA,France,S1,Total economy,S1,Total economy,B1GQ,Gross domestic product,_Z,Not applicable,_Z,Not applicable,_Z,Not applicable,PC,Percentage change,L,Chain linked volume,G1,"Growth rate, period on period",T0102,Table 0102 - GDP identity from the expenditure side,2016-Q4,,0.629706878,,,,,,F,Free (free for publication),1,One,A,Normal value,0,Units,_Z,Not applicable
DATAFLOW,OECD.SDD.NAD:DSD_NAMAIN1@DF_QNA_EXPENDITURE_GROWTH_G20(1.1),Quarterly real GDP growth - G20 countries,I,Q,Quarterly,Y,Calendar and seasonally adjusted,FRA,France,S1,Total economy,S1,Total economy,B1GQ,Gross domestic product,_Z,Not applicable,_Z,Not applicable,_Z,Not applicable,PC,Percentage change,L,Chain linked volume,G1,"Growth rate, period on period",T0102,Table 0102 - GDP identity from the expenditure side,2017-Q1,,0.672885724,,,,,,F,Free (free for publication),1,One,A,Normal value,0,Units,_Z,Not applicable
DATAFLOW,OECD.SDD.NAD:DSD_NAMAIN1@DF_QNA_EXPENDITURE_GROWTH_G20(1.1),Quarterly real GDP growth - G20 countries,I,Q,Quarterly,Y,Calendar and seasonally adjusted,FRA,France,S1,Total economy,S1,Total economy,B1GQ,Gross domestic product,_Z,Not applicable,_Z,Not applicable,_Z,Not applicable,PC,Percentage change,L,Chain linked volume,G1,"Growth rate, period on period",T0102,Table 0102 - GDP identity from the expenditure side,2017-Q2,,0.76853527,,,,,,F,Free (free for publication),1,One,A,Normal value,0,Units,_Z,Not applicable
DATAFLOW,OECD.SDD.NAD:DSD_NAMAIN1@DF_QNA_EXPENDITURE_GROWTH_G20(1.1),Quarterly real GDP growth - G20 countries,I,Q,Quarterly,Y,Calendar and seasonally adjusted,FRA,France,S1,Total economy,S1,Total economy,B1GQ,Gross domestic product,_Z,Not applicable,_Z,Not applicable,_Z,Not applicable,PC,Percentage change,L,Chain linked volume,G1,"Growth rate, period on period",T0102,Table 0102 - GDP identity from the expenditure side,2017-Q3,,0.711165157,,,,,,F,Free (free for publication),1,One,A,Normal value,0,Units,_Z,Not applicable
DATAFLOW,OECD.SDD.NAD:DSD_NAMAIN1@DF_QNA_EXPENDITURE_GROWTH_G20(1.1),Quarterly real GDP growth - G20 countries,I,Q,Quarterly,Y,Calendar and seasonally adjusted,FRA,France,S1,Total economy,S1,Total economy,B1GQ,Gross domestic product,_Z,Not applicable,_Z,Not applicable,_Z,Not applicable,PC,Percentage change,L,Chain linked volume,G1,"Growth rate, period on period",T0102,Table 0102 - GDP identity from the expenditure side,2017-Q4,,0.598844328,,,,,,F,Free (free for publication),1,One,A,Normal value,0,Units,_Z,Not applicable
DATAFLOW,OECD.SDD.NAD:DSD_NAMAIN1@DF_QNA_EXPENDITURE_GROWTH_G20(1.1),Quarterly real GDP growth - G20 countries,I,Q,Quarterly,Y,Calendar and seasonally adjusted,FRA,France,S1,Total economy,S1,Total economy,B1GQ,Gross domestic product,_Z,Not applicable,_Z,Not applicable,_Z,Not applicable,PC,Percentage change,L,Chain linked volume,G1,"Growth rate, period on period",T0102,Table 0102 - GDP identity from the expenditure side,2018-Q1,,-0.037229539,,,,,,F,Free (free for publication),1,One,A,Normal value,0,Units,_Z,Not applicable
DATAFLOW,OECD.SDD.NAD:DSD_NAMAIN1@DF_QNA_EXPENDITURE_GROWTH_G20(1.1),Quarterly real GDP growth - G20 countries,I,Q,Quarterly,Y,Calendar and seasonally adjusted,FRA,France,S1,Total economy,S1,Total economy,B1GQ,Gross domestic product,_Z,Not applicable,_Z,Not applicable,_Z,Not applicable,PC,Percentage change,L,Chain linked volume,G1,"Growth rate, period on period",T0102,Table 0102 - GDP identity from the expenditure side,2018-Q2,,0.260032043,,,,,,F,Free (free for publication),1,One,A,Normal value,0,Units,_Z,Not applicable
DATAFLOW,OECD.SDD.NAD:DSD_NAMAIN1@DF_QNA_EXPENDITURE_GROWTH_G20(1.1),Quarterly real GDP growth - G20 countries,I,Q,Quarterly,Y,Calendar and seasonally adjusted,FRA,France,S1,Total economy,S1,Total economy,B1GQ,Gross domestic product,_Z,Not applicable,_Z,Not applicable,_Z,Not applicable,PC,Percentage change,L,Chain linked volume,G1,"Growth rate, period on period",T0102,Table 0102 - GDP identity from the expenditure side,2018-Q3,,0.481797245,,,,,,F,Free (free for publication),1,One,A,Normal value,0,Units,_Z,Not applicable
DATAFLOW,OECD.SDD.NAD:DSD_NAMAIN1@DF_QNA_EXPENDITURE_GROWTH_G20(1.1),Quarterly real GDP growth - G20 countries,I,Q,Quarterly,Y,Calendar and seasonally adjusted,FRA,France,S1,Total economy,S1,Total economy,B1GQ,Gross domestic product,_Z,Not applicable,_Z,Not applicable,_Z,Not applicable,PC,Percentage change,L,Chain linked volume,G1,"Growth rate, period on period",T0102,Table 0102 - GDP identity from the expenditure side,2018-Q4,,0.750661346,,,,,,F,Free (free for publication),1,One,A,Normal value,0,Units,_Z,Not applicable
DATAFLOW,OECD.SDD.NAD:DSD_NAMAIN1@DF_QNA_EXPENDITURE_GROWTH_G20(1.1),Quarterly real GDP growth - G20 countries,I,Q,Quarterly,Y,Calendar and seasonally adjusted,FRA,France,S1,Total economy,S1,Total economy,B1GQ,Gross domestic product,_Z,Not applicable,_Z,Not applicable,_Z,Not applicable,PC,Percentage change,L,Chain linked volume,G1,"Growth rate, period on period",T0102,Table 0102 - GDP identity from the expenditure side,2019-Q1,,0.925176916,,,,,,F,Free (free for publication),1,One,A,Normal value,0,Units,_Z,Not applicable
DATAFLOW,OECD.SDD.NAD:DSD_NAMAIN1@DF_QNA_EXPENDITURE_GROWTH_G20(1.1),Quarterly real GDP growth - G20 countries,I,Q,Quarterly,Y,Calendar and seasonally adjusted,FRA,France,S1,Total economy,S1,Total economy,B1GQ,Gross domestic product,_Z,Not applicable,_Z,Not applicable,_Z,Not applicable,PC,Percentage change,L,Chain linked volume,G1,"Growth rate, period on period",T0102,Table 0102 - GDP identity from the expenditure side,2019-Q2,,0.550647722,,,,,,F,Free (free for publication),1,One,A,Normal value,0,Units,_Z,Not applicable
DATAFLOW,OECD.SDD.NAD:DSD_NAMAIN1@DF_QNA_EXPENDITURE_GROWTH_G20(1.1),Quarterly real GDP growth - G20 countries,I,Q,Quarterly,Y,Calendar and seasonally adjusted,FRA,France,S1,Total economy,S1,Total economy,B1GQ,Gross domestic product,_Z,Not applicable,_Z,Not applicable,_Z,Not applicable,PC,Percentage change,L,Chain linked volume,G1,"Growth rate, period on period",T0102,Table 0102 - GDP identity from the expenditure side,2019-Q3,,-0.009258175,,,,,,F,Free (free for publication),1,One,A,Normal value,0,Units,_Z,Not applicable
DATAFLOW,OECD.SDD.NAD:DSD_NAMAIN1@DF_QNA_EXPENDITURE_GROWTH_G20(1.1),Quarterly real GDP growth - G20 countries,I,Q,Quarterly,Y,Calendar and seasonally adjusted,FRA,France,S1,Total economy,S1,Total economy,B1GQ,Gross domestic product,_Z,Not applicable,_Z,Not applicable,_Z,Not applicable,PC,Percentage change,L,Chain linked volume,G1,"Growth rate, period on period",T0102,Table 0102 - GDP identity from the expenditure side,2019-Q4,,-0.47949697,,,,,,F,Free (free for publication),1,One,A,Normal value,0,Units,_Z,Not applicable
DATAFLOW,OECD.SDD.NAD:DSD_NAMAIN1@DF_QNA_EXPENDITURE_GROWTH_G20(1.1),Quarterly real GDP growth - G20 countries,I,Q,Quarterly,Y,Calendar and seasonally adjusted,FRA,France,S1,Total economy,S1,Total economy,B1GQ,Gross domestic product,_Z,Not applicable,_Z,Not applicable,_Z,Not applicable,PC,Percentage change,L,Chain linked volume,G1,"Growth rate, period on period",T0102,Table 0102 - GDP identity from the expenditure side,2020-Q1,,-5.067592086,,,,,,F,Free (free for publication),1,One,A,Normal value,0,Units,_Z,Not applicable
DATAFLOW,OECD.SDD.NAD:DSD_NAMAIN1@DF_QNA_EXPENDITURE_GROWTH_G20(1.1),Quarterly real GDP growth - G20 countries,I,Q,Quarterly,Y,Calendar and seasonally adjusted,FRA,France,S1,Total economy,S1,Total economy,B1GQ,Gross domestic product,_Z,Not applicable,_Z,Not applicable,_Z,Not applicable,PC,Percentage change,L,Chain linked volume,G1,"Growth rate, period on period",T0102,Table 0102 - GDP identity from the expenditure side,2020-Q2,,-12.219553245,,,,,,F,Free (free for publication),1,One,A,Normal value,0,Units,_Z,Not applicable
DATAFLOW,OECD.SDD.NAD:DSD_NAMAIN1@DF_QNA_EXPENDITURE_GROWTH_G20(1.1),Quarterly real GDP growth - G20 countries,I,Q,Quarterly,Y,Calendar and seasonally adjusted,FRA,France,S1,Total economy,S1,Total economy,B1GQ,Gross domestic product,_Z,Not applicable,_Z,Not applicable,_Z,Not applicable,PC,Percentage change,L,Chain linked volume,G1,"Growth rate, period on period",T0102,Table 0102 - GDP identity from the expenditure side,2020-Q3,,15.346578338,,,,,,F,Free (free for publication),1,One,A,Normal value,0,Units,_Z,Not applicable
DATAFLOW,OECD.SDD.NAD:DSD_NAMAIN1@DF_QNA_EXPENDITURE_GROWTH_G20(1.1),Quarterly real GDP growth - G20 countries,I,Q,Quarterly,Y,Calendar and seasonally adjusted,FRA,France,S1,Total economy,S1,Total economy,B1GQ,Gross domestic product,_Z,Not applicable,_Z,Not applicable,_Z,Not applicable,PC,Percentage change,L,Chain linked volume,G1,"Growth rate, period on period",T0102,Table 0102 - GDP identity from the expenditure side,2020-Q4,,-0.080725888,,,,,,F,Free (free for publication),1,One,A,Normal value,0,Units,_Z,Not applicable
DATAFLOW,OECD.SDD.NAD:DSD_NAMAIN1@DF_QNA_EXPENDITURE_GROWTH_G20(1.1),Quarterly real GDP growth - G20 countries,I,Q,Quarterly,Y,Calendar and seasonally adjusted,FRA,France,S1,Total economy,S1,Total economy,B1GQ,Gross domestic product,_Z,Not applicable,_Z,Not applicable,_Z,Not applicable,PC,Percentage change,L,Chain linked volume,G1,"Growth rate, period on period",T0102,Table 0102 - GDP identity from the expenditure side,2021-Q1,,0.394335169,,,,,,F,Free (free for publication),1,One,A,Normal value,0,Units,_Z,Not applicable
DATAFLOW,OECD.SDD.NAD:DSD_NAMAIN1@DF_QNA_EXPENDITURE_GROWTH_G20(1.1),Quarterly real GDP growth - G20 countries,I,Q,Quarterly,Y,Calendar and seasonally adjusted,FRA,France,S1,Total economy,S1,Total economy,B1GQ,Gross domestic product,_Z,Not applicable,_Z,Not applicable,_Z,Not applicable,PC,Percentage change,L,Chain linked volume,G1,"Growth rate, period on period",T0102,Table 0102 - GDP identity from the expenditure side,2021-Q2,,1.208018397,,,,,,F,Free (free for publication),1,One,A,Normal value,0,Units,_Z,Not applicable
DATAFLOW,OECD.SDD.NAD:DSD_NAMAIN1@DF_QNA_EXPENDITURE_GROWTH_G20(1.1),Quarterly real GDP growth - G20 countries,I,Q,Quarterly,Y,Calendar and seasonally adjusted,FRA,France,S1,Total economy,S1,Total economy,B1GQ,Gross domestic product,_Z,Not applicable,_Z,Not applicable,_Z,Not applicable,PC,Percentage change,L,Chain linked volume,G1,"Growth rate, period on period",T0102,Table 0102 - GDP identity from the expenditure side,2021-Q3,,2.994818371,,,,,,F,Free (free for publication),1,One,A,Normal value,0,Units,_Z,Not applicable
DATAFLOW,OECD.SDD.NAD:DSD_NAMAIN1@DF_QNA_EXPENDITURE_GROWTH_G20(1.1),Quarterly real GDP growth - G20 countries,I,Q,Quarterly,Y,Calendar and seasonally adjusted,FRA,France,S1,Total economy,S1,Total economy,B1GQ,Gross domestic product,_Z,Not applicable,_Z,Not applicable,_Z,Not applicable,PC,Percentage change,L,Chain linked volume,G1,"Growth rate, period on period",T0102,Table 0102 - GDP identity from the expenditure side,2021-Q4,,0.561768356,,,,,,F,Free (free for publication),1,One,A,Normal value,0,Units,_Z,Not applicable
DATAFLOW,OECD.SDD.NAD:DSD_NAMAIN1@DF_QNA_EXPENDITURE_GROWTH_G20(1.1),Quarterly real GDP growth - G20 countries,I,Q,Quarterly,Y,Calendar and seasonally adjusted,FRA,France,S1,Total economy,S1,Total economy,B1GQ,Gross domestic product,_Z,Not applicable,_Z,Not applicable,_Z,Not applicable,PC,Percentage change,L,Chain linked volume,G1,"Growth rate, period on period",T0102,Table 0102 - GDP identity from the expenditure side,2022-Q1,,-0.094214767,,,,,,F,Free (free for publication),1,One,A,Normal value,0,Units,_Z,Not applicable
DATAFLOW,OECD.SDD.NAD:DSD_NAMAIN1@DF_QNA_EXPENDITURE_GROWTH_G20(1.1),Quarterly real GDP growth - G20 countries,I,Q,Quarterly,Y,Calendar and seasonally adjusted,FRA,France,S1,Total economy,S1,Total economy,B1GQ,Gross domestic product,_Z,Not applicable,_Z,Not applicable,_Z,Not applicable,PC,Percentage change,L,Chain linked volume,G1,"Growth rate, period on period",T0102,Table 0102 - GDP identity from the expenditure side,2022-Q2,,0.430706473,,,,,,F,Free (free for publication),1,One,A,Normal value,0,Units,_Z,Not applicable
DATAFLOW,OECD.SDD.NAD:DSD_NAMAIN1@DF_QNA_EXPENDITURE_GROWTH_G20(1.1),Quarterly real GDP growth - G20 countries,I,Q,Quarterly,Y,Calendar and seasonally adjusted,FRA,France,S1,Total economy,S1,Total economy,B1GQ,Gross domestic product,_Z,Not applicable,_Z,Not applicable,_Z,Not applicable,PC,Percentage change,L,Chain linked volume,G1,"Growth rate, period on period",T0102,Table 0102 - GDP identity from the expenditure side,2022-Q3,,0.517052388,,,,,,F,Free (free for publication),1,One,A,Normal value,0,Units,_Z,Not applicable
DATAFLOW,OECD.SDD.NAD:DSD_NAMAIN1@DF_QNA_EXPENDITURE_GROWTH_G20(1.1),Quarterly real GDP growth - G20 countries,I,Q,Quarterly,Y,Calendar and seasonally adjusted,FRA,France,S1,Total economy,S1,Total economy,B1GQ,Gross domestic product,_Z,Not applicable,_Z,Not applicable,_Z,Not applicable,PC,Percentage change,L,Chain linked volume,G1,"Growth rate, period on period",T0102,Table 0102 - GDP identity from the expenditure side,2022-Q4,,0.387464638,,,,,,F,Free (free for publication),1,One,A,Normal value,0,Units,_Z,Not applicable
DATAFLOW,OECD.SDD.NAD:DSD_NAMAIN1@DF_QNA_EXPENDITURE_GROWTH_G20(1.1),Quarterly real GDP growth - G20 countries,I,Q,Quarterly,Y,Calendar and seasonally adjusted,FRA,France,S1,Total economy,S1,Total economy,B1GQ,Gross domestic product,_Z,Not applicable,_Z,Not applicable,_Z,Not applicable,PC,Percentage change,L,Chain linked volume,G1,"Growth rate, period on period",T0102,Table 0102 - GDP identity from the expenditure side,2023-Q1,,0.078496639,,,,,,F,Free (free for publication),1,One,A,Normal value,0,Units,_Z,Not applicable
DATAFLOW,OECD.SDD.NAD:DSD_NAMAIN1@DF_QNA_EXPENDITURE_GROWTH_G20(1.1),Quarterly real GDP growth - G20 countries,I,Q,Quarterly,Y,Calendar and seasonally adjusted,FRA,France,S1,Total economy,S1,Total economy,B1GQ,Gross domestic product,_Z,Not applicable,_Z,Not applicable,_Z,Not applicable,PC,Percentage change,L,Chain linked volume,G1,"Growth rate, period on period",T0102,Table 0102 - GDP identity from the expenditure side,2023-Q2,,0.881735056,,,,,,F,Free (free for publication),1,One,A,Normal value,0,Units,_Z,Not applicable
DATAFLOW,OECD.SDD.NAD:DSD_NAMAIN1@DF_QNA_EXPENDITURE_GROWTH_G20(1.1),Quarterly real GDP growth - G20 countries,I,Q,Quarterly,Y,Calendar and seasonally adjusted,FRA,France,S1,Total economy,S1,Total economy,B1GQ,Gross domestic product,_Z,Not applicable,_Z,Not applicable,_Z,Not applicable,PC,Percentage change,L,Chain linked volume,G1,"Growth rate, period on period",T0102,Table 0102 - GDP identity from the expenditure side,2023-Q3,,0.210442047,,,,,,F,Free (free for publication),1,One,A,Normal value,0,Units,_Z,Not applicable
DATAFLOW,OECD.SDD.NAD:DSD_NAMAIN1@DF_QNA_EXPENDITURE_GROWTH_G20(1.1),Quarterly real GDP growth - G20 countries,I,Q,Quarterly,Y,Calendar and seasonally adjusted,FRA,France,S1,Total economy,S1,Total economy,B1GQ,Gross domestic product,_Z,Not applicable,_Z,Not applicable,_Z,Not applicable,PC,Percentage change,L,Chain linked volume,G1,"Growth rate, period on period",T0102,Table 0102 - GDP identity from the expenditure side,2023-Q4,,0.446124802,,,,,,F,Free (free for publication),1,One,A,Normal value,0,Units,_Z,Not applicable
DATAFLOW,OECD.SDD.NAD:DSD_NAMAIN1@DF_QNA_EXPENDITURE_GROWTH_G20(1.1),Quarterly real GDP growth - G20 countries,I,Q,Quarterly,Y,Calendar and seasonally adjusted,FRA,France,S1,Total economy,S1,Total economy,B1GQ,Gross domestic product,_Z,Not applicable,_Z,Not applicable,_Z,Not applicable,PC,Percentage change,L,Chain linked volume,G1,"Growth rate, period on period",T0102,Table 0102 - GDP identity from the expenditure side,2024-Q1,,0.127275804,,,,,,F,Free (free for publication),1,One,A,Normal value,0,Units,_Z,Not applicable
DATAFLOW,OECD.SDD.NAD:DSD_NAMAIN1@DF_QNA_EXPENDITURE_GROWTH_G20(1.1),Quarterly real GDP growth - G20 countries,I,Q,Quarterly,Y,Calendar and seasonally adjusted,FRA,France,S1,Total economy,S1,Total economy,B1GQ,Gross domestic product,_Z,Not applicable,_Z,Not applicable,_Z,Not applicable,PC,Percentage change,L,Chain linked volume,G1,"Growth rate, period on period",T0102,Table 0102 - GDP identity from the expenditure side,2024-Q2,,0.192021999,,,,,,F,Free (free for publication),1,One,A,Normal value,0,Units,_Z,Not applicable
DATAFLOW,OECD.SDD.NAD:DSD_NAMAIN1@DF_QNA_EXPENDITURE_GROWTH_G20(1.1),Quarterly real GDP growth - G20 countries,I,Q,Quarterly,Y,Calendar and seasonally adjusted,FRA,France,S1,Total economy,S1,Total economy,B1GQ,Gross domestic product,_Z,Not applicable,_Z,Not applicable,_Z,Not applicable,PC,Percentage change,L,Chain linked volume,G1,"Growth rate, period on period",T0102,Table 0102 - GDP identity from the expenditure side,2024-Q3,,0.366652391,,,,,,F,Free (free for publication),1,One,A,Normal value,0,Units,_Z,Not applicable
DATAFLOW,OECD.SDD.NAD:DSD_NAMAIN1@DF_QNA_EXPENDITURE_GROWTH_G20(1.1),Quarterly real GDP growth - G20 countries,I,Q,Quarterly,Y,Calendar and seasonally adjusted,FRA,France,S1,Total economy,S1,Total economy,B1GQ,Gross domestic product,_Z,Not applicable,_Z,Not applicable,_Z,Not applicable,PC,Percentage change,L,Chain linked volume,G1,"Growth rate, period on period",T0102,Table 0102 - GDP identity from the expenditure side,2024-Q4,,-0.044853086,,,,,,F,Free (free for publication),1,One,A,Normal value,0,Units,_Z,Not applicable
DATAFLOW,OECD.SDD.NAD:DSD_NAMAIN1@DF_QNA_EXPENDITURE_GROWTH_G20(1.1),Quarterly real GDP growth - G20 countries,I,Q,Quarterly,Y,Calendar and seasonally adjusted,FRA,France,S1,Total economy,S1,Total economy,B1GQ,Gross domestic product,_Z,Not applicable,_Z,Not applicable,_Z,Not applicable,PC,Percentage change,L,Chain linked volume,G1,"Growth rate, period on period",T0102,Table 0102 - GDP identity from the expenditure side,2025-Q1,,0.100132329,,,,,,F,Free (free for publication),1,One,A,Normal value,0,Units,_Z,Not applicable
DATAFLOW,OECD.SDD.NAD:DSD_NAMAIN1@DF_QNA_EXPENDITURE_GROWTH_G20(1.1),Quarterly real GDP growth - G20 countries,I,Q,Quarterly,Y,Calendar and seasonally adjusted,FRA,France,S1,Total economy,S1,Total economy,B1GQ,Gross domestic product,_Z,Not applicable,_Z,Not applicable,_Z,Not applicable,PC,Percentage change,L,Chain linked volume,G1,"Growth rate, period on period",T0102,Table 0102 - GDP identity from the expenditure side,2025-Q2,,0.325653825,,,,,,F,Free (free for publication),1,One,A,Normal value,0,Units,_Z,Not applicable
DATAFLOW,OECD.SDD.NAD:DSD_NAMAIN1@DF_QNA_EXPENDITURE_GROWTH_G20(1.1),Quarterly real GDP growth - G20 countries,I,Q,Quarterly,Y,Calendar and seasonally adjusted,FRA,France,S1,Total economy,S1,Total economy,B1GQ,Gross domestic product,_Z,Not applicable,_Z,Not applicable,_Z,Not applicable,PC,Percentage change,L,Chain linked volume,G1,"Growth rate, period on period",T0102,Table 0102 - GDP identity from the expenditure side,2025-Q3,,0.538201296,,,,,,F,Free (free for publication),1,One,A,Normal value,0,Units,_Z,Not applicable
DATAFLOW,OECD.SDD.NAD:DSD_NAMAIN1@DF_QNA_EXPENDITURE_GROWTH_G20(1.1),Quarterly real GDP growth - G20 countries,I,Q,Quarterly,Y,Calendar and seasonally adjusted,ZAF,South Africa,S1,Total economy,S1,Total economy,B1GQ,Gross domestic product,_Z,Not applicable,_Z,Not applicable,_Z,Not applicable,PC,Percentage change,L,Chain linked volume,G1,"Growth rate, period on period",T0102,Table 0102 - GDP identity from the expenditure side,2017-Q4,,0.393361099,,,,,,F,Free (free for publication),1,One,A,Normal value,0,Units,_Z,Not applicable
DATAFLOW,OECD.SDD.NAD:DSD_NAMAIN1@DF_QNA_EXPENDITURE_GROWTH_G20(1.1),Quarterly real GDP growth - G20 countries,I,Q,Quarterly,Y,Calendar and seasonally adjusted,ZAF,South Africa,S1,Total economy,S1,Total economy,B1GQ,Gross domestic product,_Z,Not applicable,_Z,Not applicable,_Z,Not applicable,PC,Percentage change,L,Chain linked volume,G1,"Growth rate, period on period",T0102,Table 0102 - GDP identity from the expenditure side,2018-Q4,,0.277494927,,,,,,F,Free (free for publication),1,One,A,Normal value,0,Units,_Z,Not applicable
DATAFLOW,OECD.SDD.NAD:DSD_NAMAIN1@DF_QNA_EXPENDITURE_GROWTH_G20(1.1),Quarterly real GDP growth - G20 countries,I,Q,Quarterly,Y,Calendar and seasonally adjusted,ZAF,South Africa,S1,Total economy,S1,Total economy,B1GQ,Gross domestic product,_Z,Not applicable,_Z,Not applicable,_Z,Not applicable,PC,Percentage change,L,Chain linked volume,G1,"Growth rate, period on period",T0102,Table 0102 - GDP identity from the expenditure side,2025-Q2,,0.925103029,,,,,,F,Free (free for publication),1,One,A,Normal value,0,Units,_Z,Not applicable
DATAFLOW,OECD.SDD.NAD:DSD_NAMAIN1@DF_QNA_EXPENDITURE_GROWTH_G20(1.1),Quarterly real GDP growth - G20 countries,I,Q,Quarterly,Y,Calendar and seasonally adjusted,ZAF,South Africa,S1,Total economy,S1,Total economy,B1GQ,Gross domestic product,_Z,Not applicable,_Z,Not applicable,_Z,Not applicable,PC,Percentage change,L,Chain linked volume,G1,"Growth rate, period on period",T0102,Table 0102 - GDP identity from the expenditure side,2025-Q3,,0.498189172,,,,,,F,Free (free for publication),1,One,A,Normal value,0,Units,_Z,Not applicable
DATAFLOW,OECD.SDD.NAD:DSD_NAMAIN1@DF_QNA_EXPENDITURE_GROWTH_G20(1.1),Quarterly real GDP growth - G20 countries,I,Q,Quarterly,Y,Calendar and seasonally adjusted,ZAF,South Africa,S1,Total economy,S1,Total economy,B1GQ,Gross domestic product,_Z,Not applicable,_Z,Not applicable,_Z,Not applicable,PC,Percentage change,L,Chain linked volume,G1,"Growth rate, period on period",T0102,Table 0102 - GDP identity from the expenditure side,2010-Q1,,1.166724907,,,,,,F,Free (free for publication),1,One,A,Normal value,0,Units,_Z,Not applicable
DATAFLOW,OECD.SDD.NAD:DSD_NAMAIN1@DF_QNA_EXPENDITURE_GROWTH_G20(1.1),Quarterly real GDP growth - G20 countries,I,Q,Quarterly,Y,Calendar and seasonally adjusted,ZAF,South Africa,S1,Total economy,S1,Total economy,B1GQ,Gross domestic product,_Z,Not applicable,_Z,Not applicable,_Z,Not applicable,PC,Percentage change,L,Chain linked volume,G1,"Growth rate, period on period",T0102,Table 0102 - GDP identity from the expenditure side,2010-Q2,,0.839411979,,,,,,F,Free (free for publication),1,One,A,Normal value,0,Units,_Z,Not applicable
DATAFLOW,OECD.SDD.NAD:DSD_NAMAIN1@DF_QNA_EXPENDITURE_GROWTH_G20(1.1),Quarterly real GDP growth - G20 countries,I,Q,Quarterly,Y,Calendar and seasonally adjusted,ZAF,South Africa,S1,Total economy,S1,Total economy,B1GQ,Gross domestic product,_Z,Not applicable,_Z,Not applicable,_Z,Not applicable,PC,Percentage change,L,Chain linked volume,G1,"Growth rate, period on period",T0102,Table 0102 - GDP identity from the expenditure side,2010-Q3,,0.890246308,,,,,,F,Free (free for publication),1,One,A,Normal value,0,Units,_Z,Not applicable
DATAFLOW,OECD.SDD.NAD:DSD_NAMAIN1@DF_QNA_EXPENDITURE_GROWTH_G20(1.1),Quarterly real GDP growth - G20 countries,I,Q,Quarterly,Y,Calendar and seasonally adjusted,ZAF,South Africa,S1,Total economy,S1,Total economy,B1GQ,Gross domestic product,_Z,Not applicable,_Z,Not applicable,_Z,Not applicable,PC,Percentage change,L,Chain linked volume,G1,"Growth rate, period on period",T0102,Table 0102 - GDP identity from the expenditure side,2010-Q4,,0.930781343,,,,,,F,Free (free for publication),1,One,A,Normal value,0,Units,_Z,Not applicable
DATAFLOW,OECD.SDD.NAD:DSD_NAMAIN1@DF_QNA_EXPENDITURE_GROWTH_G20(1.1),Quarterly real GDP growth - G20 countries,I,Q,Quarterly,Y,Calendar and seasonally adjusted,ZAF,South Africa,S1,Total economy,S1,Total economy,B1GQ,Gross domestic product,_Z,Not applicable,_Z,Not applicable,_Z,Not applicable,PC,Percentage change,L,Chain linked volume,G1,"Growth rate, period on period",T0102,Table 0102 - GDP identity from the expenditure side,2011-Q1,,0.984801445,,,,,,F,Free (free for publication),1,One,A,Normal value,0,Units,_Z,Not applicable
DATAFLOW,OECD.SDD.NAD:DSD_NAMAIN1@DF_QNA_EXPENDITURE_GROWTH_G20(1.1),Quarterly real GDP growth - G20 countries,I,Q,Quarterly,Y,Calendar and seasonally adjusted,ZAF,South Africa,S1,Total economy,S1,Total economy,B1GQ,Gross domestic product,_Z,Not applicable,_Z,Not applicable,_Z,Not applicable,PC,Percentage change,L,Chain linked volume,G1,"Growth rate, period on period",T0102,Table 0102 - GDP identity from the expenditure side,2011-Q2,,0.55967176,,,,,,F,Free (free for publication),1,One,A,Normal value,0,Units,_Z,Not applicable
DATAFLOW,OECD.SDD.NAD:DSD_NAMAIN1@DF_QNA_EXPENDITURE_GROWTH_G20(1.1),Quarterly real GDP growth - G20 countries,I,Q,Quarterly,Y,Calendar and seasonally adjusted,ZAF,South Africa,S1,Total economy,S1,Total economy,B1GQ,Gross domestic product,_Z,Not applicable,_Z,Not applicable,_Z,Not applicable,PC,Percentage change,L,Chain linked volume,G1,"Growth rate, period on period",T0102,Table 0102 - GDP identity from the expenditure side,2011-Q3,,0.413771116,,,,,,F,Free (free for publication),1,One,A,Normal value,0,Units,_Z,Not applicable
DATAFLOW,OECD.SDD.NAD:DSD_NAMAIN1@DF_QNA_EXPENDITURE_GROWTH_G20(1.1),Quarterly real GDP growth - G20 countries,I,Q,Quarterly,Y,Calendar and seasonally adjusted,ZAF,South Africa,S1,Total economy,S1,Total economy,B1GQ,Gross domestic product,_Z,Not applicable,_Z,Not applicable,_Z,Not applicable,PC,Percentage change,L,Chain linked volume,G1,"Growth rate, period on period",T0102,Table 0102 - GDP identity from the expenditure side,2011-Q4,,0.684087089,,,,,,F,Free (free for publication),1,One,A,Normal value,0,Units,_Z,Not applicable
DATAFLOW,OECD.SDD.NAD:DSD_NAMAIN1@DF_QNA_EXPENDITURE_GROWTH_G20(1.1),Quarterly real GDP growth - G20 countries,I,Q,Quarterly,Y,Calendar and seasonally adjusted,ZAF,South Africa,S1,Total economy,S1,Total economy,B1GQ,Gross domestic product,_Z,Not applicable,_Z,Not applicable,_Z,Not applicable,PC,Percentage change,L,Chain linked volume,G1,"Growth rate, period on period",T0102,Table 0102 - GDP identity from the expenditure side,2012-Q1,,0.566841906,,,,,,F,Free (free for publication),1,One,A,Normal value,0,Units,_Z,Not applicable
DATAFLOW,OECD.SDD.NAD:DSD_NAMAIN1@DF_QNA_EXPENDITURE_GROWTH_G20(1.1),Quarterly real GDP growth - G20 countries,I,Q,Quarterly,Y,Calendar and seasonally adjusted,ZAF,South Africa,S1,Total economy,S1,Total economy,B1GQ,Gross domestic product,_Z,Not applicable,_Z,Not applicable,_Z,Not applicable,PC,Percentage change,L,Chain linked volume,G1,"Growth rate, period on period",T0102,Table 0102 - GDP identity from the expenditure side,2012-Q2,,0.834734621,,,,,,F,Free (free for publication),1,One,A,Normal value,0,Units,_Z,Not applicable
DATAFLOW,OECD.SDD.NAD:DSD_NAMAIN1@DF_QNA_EXPENDITURE_GROWTH_G20(1.1),Quarterly real GDP growth - G20 countries,I,Q,Quarterly,Y,Calendar and seasonally adjusted,ZAF,South Africa,S1,Total economy,S1,Total economy,B1GQ,Gross domestic product,_Z,Not applicable,_Z,Not applicable,_Z,Not applicable,PC,Percentage change,L,Chain linked volume,G1,"Growth rate, period on period",T0102,Table 0102 - GDP identity from the expenditure side,2012-Q3,,0.406557821,,,,,,F,Free (free for publication),1,One,A,Normal value,0,Units,_Z,Not applicable
DATAFLOW,OECD.SDD.NAD:DSD_NAMAIN1@DF_QNA_EXPENDITURE_GROWTH_G20(1.1),Quarterly real GDP growth - G20 countries,I,Q,Quarterly,Y,Calendar and seasonally adjusted,ZAF,South Africa,S1,Total economy,S1,Total economy,B1GQ,Gross domestic product,_Z,Not applicable,_Z,Not applicable,_Z,Not applicable,PC,Percentage change,L,Chain linked volume,G1,"Growth rate, period on period",T0102,Table 0102 - GDP identity from the expenditure side,2012-Q4,,0.476942802,,,,,,F,Free (free for publication),1,One,A,Normal value,0,Units,_Z,Not applicable
DATAFLOW,OECD.SDD.NAD:DSD_NAMAIN1@DF_QNA_EXPENDITURE_GROWTH_G20(1.1),Quarterly real GDP growth - G20 countries,I,Q,Quarterly,Y,Calendar and seasonally adjusted,ZAF,South Africa,S1,Total economy,S1,Total economy,B1GQ,Gross domestic product,_Z,Not applicable,_Z,Not applicable,_Z,Not applicable,PC,Percentage change,L,Chain linked volume,G1,"Growth rate, period on period",T0102,Table 0102 - GDP identity from the expenditure side,2013-Q1,,0.776024067,,,,,,F,Free (free for publication),1,One,A,Normal value,0,Units,_Z,Not applicable
DATAFLOW,OECD.SDD.NAD:DSD_NAMAIN1@DF_QNA_EXPENDITURE_GROWTH_G20(1.1),Quarterly real GDP growth - G20 countries,I,Q,Quarterly,Y,Calendar and seasonally adjusted,ZAF,South Africa,S1,Total economy,S1,Total economy,B1GQ,Gross domestic product,_Z,Not applicable,_Z,Not applicable,_Z,Not applicable,PC,Percentage change,L,Chain linked volume,G1,"Growth rate, period on period",T0102,Table 0102 - GDP identity from the expenditure side,2013-Q2,,0.727379231,,,,,,F,Free (free for publication),1,One,A,Normal value,0,Units,_Z,Not applicable
DATAFLOW,OECD.SDD.NAD:DSD_NAMAIN1@DF_QNA_EXPENDITURE_GROWTH_G20(1.1),Quarterly real GDP growth - G20 countries,I,Q,Quarterly,Y,Calendar and seasonally adjusted,ZAF,South Africa,S1,Total economy,S1,Total economy,B1GQ,Gross domestic product,_Z,Not applicable,_Z,Not applicable,_Z,Not applicable,PC,Percentage change,L,Chain linked volume,G1,"Growth rate, period on period",T0102,Table 0102 - GDP identity from the expenditure side,2013-Q3,,0.474459597,,,,,,F,Free (free for publication),1,One,A,Normal value,0,Units,_Z,Not applicable
DATAFLOW,OECD.SDD.NAD:DSD_NAMAIN1@DF_QNA_EXPENDITURE_GROWTH_G20(1.1),Quarterly real GDP growth - G20 countries,I,Q,Quarterly,Y,Calendar and seasonally adjusted,ZAF,South Africa,S1,Total economy,S1,Total economy,B1GQ,Gross domestic product,_Z,Not applicable,_Z,Not applicable,_Z,Not applicable,PC,Percentage change,L,Chain linked volume,G1,"Growth rate, period on period",T0102,Table 0102 - GDP identity from the expenditure side,2013-Q4,,0.538352029,,,,,,F,Free (free for publication),1,One,A,Normal value,0,Units,_Z,Not applicable
DATAFLOW,OECD.SDD.NAD:DSD_NAMAIN1@DF_QNA_EXPENDITURE_GROWTH_G20(1.1),Quarterly real GDP growth - G20 countries,I,Q,Quarterly,Y,Calendar and seasonally adjusted,ZAF,South Africa,S1,Total economy,S1,Total economy,B1GQ,Gross domestic product,_Z,Not applicable,_Z,Not applicable,_Z,Not applicable,PC,Percentage change,L,Chain linked volume,G1,"Growth rate, period on period",T0102,Table 0102 - GDP identity from the expenditure side,2014-Q1,,-0.13793564,,,,,,F,Free (free for publication),1,One,A,Normal value,0,Units,_Z,Not applicable
DATAFLOW,OECD.SDD.NAD:DSD_NAMAIN1@DF_QNA_EXPENDITURE_GROWTH_G20(1.1),Quarterly real GDP growth - G20 countries,I,Q,Quarterly,Y,Calendar and seasonally adjusted,ZAF,South Africa,S1,Total economy,S1,Total economy,B1GQ,Gross domestic product,_Z,Not applicable,_Z,Not applicable,_Z,Not applicable,PC,Percentage change,L,Chain linked volume,G1,"Growth rate, period on period",T0102,Table 0102 - GDP identity from the expenditure side,2014-Q2,,0.394667292,,,,,,F,Free (free for publication),1,One,A,Normal value,0,Units,_Z,Not applicable
DATAFLOW,OECD.SDD.NAD:DSD_NAMAIN1@DF_QNA_EXPENDITURE_GROWTH_G20(1.1),Quarterly real GDP growth - G20 countries,I,Q,Quarterly,Y,Calendar and seasonally adjusted,ZAF,South Africa,S1,Total economy,S1,Total economy,B1GQ,Gross domestic product,_Z,Not applicable,_Z,Not applicable,_Z,Not applicable,PC,Percentage change,L,Chain linked volume,G1,"Growth rate, period on period",T0102,Table 0102 - GDP identity from the expenditure side,2014-Q3,,0.480579256,,,,,,F,Free (free for publication),1,One,A,Normal value,0,Units,_Z,Not applicable
DATAFLOW,OECD.SDD.NAD:DSD_NAMAIN1@DF_QNA_EXPENDITURE_GROWTH_G20(1.1),Quarterly real GDP growth - G20 countries,I,Q,Quarterly,Y,Calendar and seasonally adjusted,ZAF,South Africa,S1,Total economy,S1,Total economy,B1GQ,Gross domestic product,_Z,Not applicable,_Z,Not applicable,_Z,Not applicable,PC,Percentage change,L,Chain linked volume,G1,"Growth rate, period on period",T0102,Table 0102 - GDP identity from the expenditure side,2014-Q4,,0.748775638,,,,,,F,Free (free for publication),1,One,A,Normal value,0,Units,_Z,Not applicable
DATAFLOW,OECD.SDD.NAD:DSD_NAMAIN1@DF_QNA_EXPENDITURE_GROWTH_G20(1.1),Quarterly real GDP growth - G20 countries,I,Q,Quarterly,Y,Calendar and seasonally adjusted,ZAF,South Africa,S1,Total economy,S1,Total economy,B1GQ,Gross domestic product,_Z,Not applicable,_Z,Not applicable,_Z,Not applicable,PC,Percentage change,L,Chain linked volume,G1,"Growth rate, period on period",T0102,Table 0102 - GDP identity from the expenditure side,2015-Q1,,0.722352928,,,,,,F,Free (free for publication),1,One,A,Normal value,0,Units,_Z,Not applicable
DATAFLOW,OECD.SDD.NAD:DSD_NAMAIN1@DF_QNA_EXPENDITURE_GROWTH_G20(1.1),Quarterly real GDP growth - G20 countries,I,Q,Quarterly,Y,Calendar and seasonally adjusted,ZAF,South Africa,S1,Total economy,S1,Total economy,B1GQ,Gross domestic product,_Z,Not applicable,_Z,Not applicable,_Z,Not applicable,PC,Percentage change,L,Chain linked volume,G1,"Growth rate, period on period",T0102,Table 0102 - GDP identity from the expenditure side,2015-Q2,,-0.844263364,,,,,,F,Free (free for publication),1,One,A,Normal value,0,Units,_Z,Not applicable
DATAFLOW,OECD.SDD.NAD:DSD_NAMAIN1@DF_QNA_EXPENDITURE_GROWTH_G20(1.1),Quarterly real GDP growth - G20 countries,I,Q,Quarterly,Y,Calendar and seasonally adjusted,ZAF,South Africa,S1,Total economy,S1,Total economy,B1GQ,Gross domestic product,_Z,Not applicable,_Z,Not applicable,_Z,Not applicable,PC,Percentage change,L,Chain linked volume,G1,"Growth rate, period on period",T0102,Table 0102 - GDP identity from the expenditure side,2015-Q3,,0.45042401,,,,,,F,Free (free for publication),1,One,A,Normal value,0,Units,_Z,Not applicable
DATAFLOW,OECD.SDD.NAD:DSD_NAMAIN1@DF_QNA_EXPENDITURE_GROWTH_G20(1.1),Quarterly real GDP growth - G20 countries,I,Q,Quarterly,Y,Calendar and seasonally adjusted,ZAF,South Africa,S1,Total economy,S1,Total economy,B1GQ,Gross domestic product,_Z,Not applicable,_Z,Not applicable,_Z,Not applicable,PC,Percentage change,L,Chain linked volume,G1,"Growth rate, period on period",T0102,Table 0102 - GDP identity from the expenditure side,2015-Q4,,0.433466184,,,,,,F,Free (free for publication),1,One,A,Normal value,0,Units,_Z,Not applicable
DATAFLOW,OECD.SDD.NAD:DSD_NAMAIN1@DF_QNA_EXPENDITURE_GROWTH_G20(1.1),Quarterly real GDP growth - G20 countries,I,Q,Quarterly,Y,Calendar and seasonally adjusted,ZAF,South Africa,S1,Total economy,S1,Total economy,B1GQ,Gross domestic product,_Z,Not applicable,_Z,Not applicable,_Z,Not applicable,PC,Percentage change,L,Chain linked volume,G1,"Growth rate, period on period",T0102,Table 0102 - GDP identity from the expenditure side,2016-Q1,,0.238864327,,,,,,F,Free (free for publication),1,One,A,Normal value,0,Units,_Z,Not applicable
DATAFLOW,OECD.SDD.NAD:DSD_NAMAIN1@DF_QNA_EXPENDITURE_GROWTH_G20(1.1),Quarterly real GDP growth - G20 countries,I,Q,Quarterly,Y,Calendar and seasonally adjusted,ZAF,South Africa,S1,Total economy,S1,Total economy,B1GQ,Gross domestic product,_Z,Not applicable,_Z,Not applicable,_Z,Not applicable,PC,Percentage change,L,Chain linked volume,G1,"Growth rate, period on period",T0102,Table 0102 - GDP identity from the expenditure side,2016-Q2,,0.096214282,,,,,,F,Free (free for publication),1,One,A,Normal value,0,Units,_Z,Not applicable
DATAFLOW,OECD.SDD.NAD:DSD_NAMAIN1@DF_QNA_EXPENDITURE_GROWTH_G20(1.1),Quarterly real GDP growth - G20 countries,I,Q,Quarterly,Y,Calendar and seasonally adjusted,ZAF,South Africa,S1,Total economy,S1,Total economy,B1GQ,Gross domestic product,_Z,Not applicable,_Z,Not applicable,_Z,Not applicable,PC,Percentage change,L,Chain linked volume,G1,"Growth rate, period on period",T0102,Table 0102 - GDP identity from the expenditure side,2016-Q3,,-0.012183102,,,,,,F,Free (free for publication),1,One,A,Normal value,0,Units,_Z,Not applicable
DATAFLOW,OECD.SDD.NAD:DSD_NAMAIN1@DF_QNA_EXPENDITURE_GROWTH_G20(1.1),Quarterly real GDP growth - G20 countries,I,Q,Quarterly,Y,Calendar and seasonally adjusted,ZAF,South Africa,S1,Total economy,S1,Total economy,B1GQ,Gross domestic product,_Z,Not applicable,_Z,Not applicable,_Z,Not applicable,PC,Percentage change,L,Chain linked volume,G1,"Growth rate, period on period",T0102,Table 0102 - GDP identity from the expenditure side,2016-Q4,,0.084913563,,,,,,F,Free (free for publication),1,One,A,Normal value,0,Units,_Z,Not applicable
DATAFLOW,OECD.SDD.NAD:DSD_NAMAIN1@DF_QNA_EXPENDITURE_GROWTH_G20(1.1),Quarterly real GDP growth - G20 countries,I,Q,Quarterly,Y,Calendar and seasonally adjusted,ZAF,South Africa,S1,Total economy,S1,Total economy,B1GQ,Gross domestic product,_Z,Not applicable,_Z,Not applicable,_Z,Not applicable,PC,Percentage change,L,Chain linked volume,G1,"Growth rate, period on period",T0102,Table 0102 - GDP identity from the expenditure side,2017-Q1,,0.472126563,,,,,,F,Free (free for publication),1,One,A,Normal value,0,Units,_Z,Not applicable
DATAFLOW,OECD.SDD.NAD:DSD_NAMAIN1@DF_QNA_EXPENDITURE_GROWTH_G20(1.1),Quarterly real GDP growth - G20 countries,I,Q,Quarterly,Y,Calendar and seasonally adjusted,ZAF,South Africa,S1,Total economy,S1,Total economy,B1GQ,Gross domestic product,_Z,Not applicable,_Z,Not applicable,_Z,Not applicable,PC,Percentage change,L,Chain linked volume,G1,"Growth rate, period on period",T0102,Table 0102 - GDP identity from the expenditure side,2017-Q2,,0.545302047,,,,,,F,Free (free for publication),1,One,A,Normal value,0,Units,_Z,Not applicable
DATAFLOW,OECD.SDD.NAD:DSD_NAMAIN1@DF_QNA_EXPENDITURE_GROWTH_G20(1.1),Quarterly real GDP growth - G20 countries,I,Q,Quarterly,Y,Calendar and seasonally adjusted,ZAF,South Africa,S1,Total economy,S1,Total economy,B1GQ,Gross domestic product,_Z,Not applicable,_Z,Not applicable,_Z,Not applicable,PC,Percentage change,L,Chain linked volume,G1,"Growth rate, period on period",T0102,Table 0102 - GDP identity from the expenditure side,2017-Q3,,0.183895979,,,,,,F,Free (free for publication),1,One,A,Normal value,0,Units,_Z,Not applicable
DATAFLOW,OECD.SDD.NAD:DSD_NAMAIN1@DF_QNA_EXPENDITURE_GROWTH_G20(1.1),Quarterly real GDP growth - G20 countries,I,Q,Quarterly,Y,Calendar and seasonally adjusted,ZAF,South Africa,S1,Total economy,S1,Total economy,B1GQ,Gross domestic product,_Z,Not applicable,_Z,Not applicable,_Z,Not applicable,PC,Percentage change,L,Chain linked volume,G1,"Growth rate, period on period",T0102,Table 0102 - GDP identity from the expenditure side,2018-Q1,,0.529024518,,,,,,F,Free (free for publication),1,One,A,Normal value,0,Units,_Z,Not applicable
DATAFLOW,OECD.SDD.NAD:DSD_NAMAIN1@DF_QNA_EXPENDITURE_GROWTH_G20(1.1),Quarterly real GDP growth - G20 countries,I,Q,Quarterly,Y,Calendar and seasonally adjusted,ZAF,South Africa,S1,Total economy,S1,Total economy,B1GQ,Gross domestic product,_Z,Not applicable,_Z,Not applicable,_Z,Not applicable,PC,Percentage change,L,Chain linked volume,G1,"Growth rate, period on period",T0102,Table 0102 - GDP identity from the expenditure side,2018-Q2,,-0.248655716,,,,,,F,Free (free for publication),1,One,A,Normal value,0,Units,_Z,Not applicable
DATAFLOW,OECD.SDD.NAD:DSD_NAMAIN1@DF_QNA_EXPENDITURE_GROWTH_G20(1.1),Quarterly real GDP growth - G20 countries,I,Q,Quarterly,Y,Calendar and seasonally adjusted,ZAF,South Africa,S1,Total economy,S1,Total economy,B1GQ,Gross domestic product,_Z,Not applicable,_Z,Not applicable,_Z,Not applicable,PC,Percentage change,L,Chain linked volume,G1,"Growth rate, period on period",T0102,Table 0102 - GDP identity from the expenditure side,2018-Q3,,1.229821015,,,,,,F,Free (free for publication),1,One,A,Normal value,0,Units,_Z,Not applicable
DATAFLOW,OECD.SDD.NAD:DSD_NAMAIN1@DF_QNA_EXPENDITURE_GROWTH_G20(1.1),Quarterly real GDP growth - G20 countries,I,Q,Quarterly,Y,Calendar and seasonally adjusted,ZAF,South Africa,S1,Total economy,S1,Total economy,B1GQ,Gross domestic product,_Z,Not applicable,_Z,Not applicable,_Z,Not applicable,PC,Percentage change,L,Chain linked volume,G1,"Growth rate, period on period",T0102,Table 0102 - GDP identity from the expenditure side,2019-Q1,,-0.873434482,,,,,,F,Free (free for publication),1,One,A,Normal value,0,Units,_Z,Not applicable
DATAFLOW,OECD.SDD.NAD:DSD_NAMAIN1@DF_QNA_EXPENDITURE_GROWTH_G20(1.1),Quarterly real GDP growth - G20 countries,I,Q,Quarterly,Y,Calendar and seasonally adjusted,ZAF,South Africa,S1,Total economy,S1,Total economy,B1GQ,Gross domestic product,_Z,Not applicable,_Z,Not applicable,_Z,Not applicable,PC,Percentage change,L,Chain linked volume,G1,"Growth rate, period on period",T0102,Table 0102 - GDP identity from the expenditure side,2019-Q2,,0.452210809,,,,,,F,Free (free for publication),1,One,A,Normal value,0,Units,_Z,Not applicable
DATAFLOW,OECD.SDD.NAD:DSD_NAMAIN1@DF_QNA_EXPENDITURE_GROWTH_G20(1.1),Quarterly real GDP growth - G20 countries,I,Q,Quarterly,Y,Calendar and seasonally adjusted,ZAF,South Africa,S1,Total economy,S1,Total economy,B1GQ,Gross domestic product,_Z,Not applicable,_Z,Not applicable,_Z,Not applicable,PC,Percentage change,L,Chain linked volume,G1,"Growth rate, period on period",T0102,Table 0102 - GDP identity from the expenditure side,2019-Q3,,0.105108488,,,,,,F,Free (free for publication),1,One,A,Normal value,0,Units,_Z,Not applicable
DATAFLOW,OECD.SDD.NAD:DSD_NAMAIN1@DF_QNA_EXPENDITURE_GROWTH_G20(1.1),Quarterly real GDP growth - G20 countries,I,Q,Quarterly,Y,Calendar and seasonally adjusted,ZAF,South Africa,S1,Total economy,S1,Total economy,B1GQ,Gross domestic product,_Z,Not applicable,_Z,Not applicable,_Z,Not applicable,PC,Percentage change,L,Chain linked volume,G1,"Growth rate, period on period",T0102,Table 0102 - GDP identity from the expenditure side,2019-Q4,,-0.036211979,,,,,,F,Free (free for publication),1,One,A,Normal value,0,Units,_Z,Not applicable
DATAFLOW,OECD.SDD.NAD:DSD_NAMAIN1@DF_QNA_EXPENDITURE_GROWTH_G20(1.1),Quarterly real GDP growth - G20 countries,I,Q,Quarterly,Y,Calendar and seasonally adjusted,ZAF,South Africa,S1,Total economy,S1,Total economy,B1GQ,Gross domestic product,_Z,Not applicable,_Z,Not applicable,_Z,Not applicable,PC,Percentage change,L,Chain linked volume,G1,"Growth rate, period on period",T0102,Table 0102 - GDP identity from the expenditure side,2020-Q1,,-0.040208853,,,,,,F,Free (free for publication),1,One,A,Normal value,0,Units,_Z,Not applicable
DATAFLOW,OECD.SDD.NAD:DSD_NAMAIN1@DF_QNA_EXPENDITURE_GROWTH_G20(1.1),Quarterly real GDP growth - G20 countries,I,Q,Quarterly,Y,Calendar and seasonally adjusted,ZAF,South Africa,S1,Total economy,S1,Total economy,B1GQ,Gross domestic product,_Z,Not applicable,_Z,Not applicable,_Z,Not applicable,PC,Percentage change,L,Chain linked volume,G1,"Growth rate, period on period",T0102,Table 0102 - GDP identity from the expenditure side,2020-Q2,,-16.842584487,,,,,,F,Free (free for publication),1,One,A,Normal value,0,Units,_Z,Not applicable
DATAFLOW,OECD.SDD.NAD:DSD_NAMAIN1@DF_QNA_EXPENDITURE_GROWTH_G20(1.1),Quarterly real GDP growth - G20 countries,I,Q,Quarterly,Y,Calendar and seasonally adjusted,ZAF,South Africa,S1,Total economy,S1,Total economy,B1GQ,Gross domestic product,_Z,Not applicable,_Z,Not applicable,_Z,Not applicable,PC,Percentage change,L,Chain linked volume,G1,"Growth rate, period on period",T0102,Table 0102 - GDP identity from the expenditure side,2020-Q3,,13.756385407,,,,,,F,Free (free for publication),1,One,A,Normal value,0,Units,_Z,Not applicable
DATAFLOW,OECD.SDD.NAD:DSD_NAMAIN1@DF_QNA_EXPENDITURE_GROWTH_G20(1.1),Quarterly real GDP growth - G20 countries,I,Q,Quarterly,Y,Calendar and seasonally adjusted,ZAF,South Africa,S1,Total economy,S1,Total economy,B1GQ,Gross domestic product,_Z,Not applicable,_Z,Not applicable,_Z,Not applicable,PC,Percentage change,L,Chain linked volume,G1,"Growth rate, period on period",T0102,Table 0102 - GDP identity from the expenditure side,2020-Q4,,2.755571404,,,,,,F,Free (free for publication),1,One,A,Normal value,0,Units,_Z,Not applicable
DATAFLOW,OECD.SDD.NAD:DSD_NAMAIN1@DF_QNA_EXPENDITURE_GROWTH_G20(1.1),Quarterly real GDP growth - G20 countries,I,Q,Quarterly,Y,Calendar and seasonally adjusted,ZAF,South Africa,S1,Total economy,S1,Total economy,B1GQ,Gross domestic product,_Z,Not applicable,_Z,Not applicable,_Z,Not applicable,PC,Percentage change,L,Chain linked volume,G1,"Growth rate, period on period",T0102,Table 0102 - GDP identity from the expenditure side,2021-Q1,,0.560310631,,,,,,F,Free (free for publication),1,One,A,Normal value,0,Units,_Z,Not applicable
DATAFLOW,OECD.SDD.NAD:DSD_NAMAIN1@DF_QNA_EXPENDITURE_GROWTH_G20(1.1),Quarterly real GDP growth - G20 countries,I,Q,Quarterly,Y,Calendar and seasonally adjusted,ZAF,South Africa,S1,Total economy,S1,Total economy,B1GQ,Gross domestic product,_Z,Not applicable,_Z,Not applicable,_Z,Not applicable,PC,Percentage change,L,Chain linked volume,G1,"Growth rate, period on period",T0102,Table 0102 - GDP identity from the expenditure side,2021-Q2,,1.38786069,,,,,,F,Free (free for publication),1,One,A,Normal value,0,Units,_Z,Not applicable
DATAFLOW,OECD.SDD.NAD:DSD_NAMAIN1@DF_QNA_EXPENDITURE_GROWTH_G20(1.1),Quarterly real GDP growth - G20 countries,I,Q,Quarterly,Y,Calendar and seasonally adjusted,ZAF,South Africa,S1,Total economy,S1,Total economy,B1GQ,Gross domestic product,_Z,Not applicable,_Z,Not applicable,_Z,Not applicable,PC,Percentage change,L,Chain linked volume,G1,"Growth rate, period on period",T0102,Table 0102 - GDP identity from the expenditure side,2021-Q3,,-1.73813751,,,,,,F,Free (free for publication),1,One,A,Normal value,0,Units,_Z,Not applicable
DATAFLOW,OECD.SDD.NAD:DSD_NAMAIN1@DF_QNA_EXPENDITURE_GROWTH_G20(1.1),Quarterly real GDP growth - G20 countries,I,Q,Quarterly,Y,Calendar and seasonally adjusted,ZAF,South Africa,S1,Total economy,S1,Total economy,B1GQ,Gross domestic product,_Z,Not applicable,_Z,Not applicable,_Z,Not applicable,PC,Percentage change,L,Chain linked volume,G1,"Growth rate, period on period",T0102,Table 0102 - GDP identity from the expenditure side,2021-Q4,,1.600156743,,,,,,F,Free (free for publication),1,One,A,Normal value,0,Units,_Z,Not applicable
DATAFLOW,OECD.SDD.NAD:DSD_NAMAIN1@DF_QNA_EXPENDITURE_GROWTH_G20(1.1),Quarterly real GDP growth - G20 countries,I,Q,Quarterly,Y,Calendar and seasonally adjusted,ZAF,South Africa,S1,Total economy,S1,Total economy,B1GQ,Gross domestic product,_Z,Not applicable,_Z,Not applicable,_Z,Not applicable,PC,Percentage change,L,Chain linked volume,G1,"Growth rate, period on period",T0102,Table 0102 - GDP identity from the expenditure side,2022-Q1,,1.52113889,,,,,,F,Free (free for publication),1,One,A,Normal value,0,Units,_Z,Not applicable
DATAFLOW,OECD.SDD.NAD:DSD_NAMAIN1@DF_QNA_EXPENDITURE_GROWTH_G20(1.1),Quarterly real GDP growth - G20 countries,I,Q,Quarterly,Y,Calendar and seasonally adjusted,ZAF,South Africa,S1,Total economy,S1,Total economy,B1GQ,Gross domestic product,_Z,Not applicable,_Z,Not applicable,_Z,Not applicable,PC,Percentage change,L,Chain linked volume,G1,"Growth rate, period on period",T0102,Table 0102 - GDP identity from the expenditure side,2022-Q2,,-0.912216618,,,,,,F,Free (free for publication),1,One,A,Normal value,0,Units,_Z,Not applicable
DATAFLOW,OECD.SDD.NAD:DSD_NAMAIN1@DF_QNA_EXPENDITURE_GROWTH_G20(1.1),Quarterly real GDP growth - G20 countries,I,Q,Quarterly,Y,Calendar and seasonally adjusted,ZAF,South Africa,S1,Total economy,S1,Total economy,B1GQ,Gross domestic product,_Z,Not applicable,_Z,Not applicable,_Z,Not applicable,PC,Percentage change,L,Chain linked volume,G1,"Growth rate, period on period",T0102,Table 0102 - GDP identity from the expenditure side,2022-Q3,,1.854704146,,,,,,F,Free (free for publication),1,One,A,Normal value,0,Units,_Z,Not applicable
DATAFLOW,OECD.SDD.NAD:DSD_NAMAIN1@DF_QNA_EXPENDITURE_GROWTH_G20(1.1),Quarterly real GDP growth - G20 countries,I,Q,Quarterly,Y,Calendar and seasonally adjusted,ZAF,South Africa,S1,Total economy,S1,Total economy,B1GQ,Gross domestic product,_Z,Not applicable,_Z,Not applicable,_Z,Not applicable,PC,Percentage change,L,Chain linked volume,G1,"Growth rate, period on period",T0102,Table 0102 - GDP identity from the expenditure side,2022-Q4,,-1.437587718,,,,,,F,Free (free for publication),1,One,A,Normal value,0,Units,_Z,Not applicable
DATAFLOW,OECD.SDD.NAD:DSD_NAMAIN1@DF_QNA_EXPENDITURE_GROWTH_G20(1.1),Quarterly real GDP growth - G20 countries,I,Q,Quarterly,Y,Calendar and seasonally adjusted,ZAF,South Africa,S1,Total economy,S1,Total economy,B1GQ,Gross domestic product,_Z,Not applicable,_Z,Not applicable,_Z,Not applicable,PC,Percentage change,L,Chain linked volume,G1,"Growth rate, period on period",T0102,Table 0102 - GDP identity from the expenditure side,2023-Q1,,0.69190442,,,,,,F,Free (free for publication),1,One,A,Normal value,0,Units,_Z,Not applicable
DATAFLOW,OECD.SDD.NAD:DSD_NAMAIN1@DF_QNA_EXPENDITURE_GROWTH_G20(1.1),Quarterly real GDP growth - G20 countries,I,Q,Quarterly,Y,Calendar and seasonally adjusted,ZAF,South Africa,S1,Total economy,S1,Total economy,B1GQ,Gross domestic product,_Z,Not applicable,_Z,Not applicable,_Z,Not applicable,PC,Percentage change,L,Chain linked volume,G1,"Growth rate, period on period",T0102,Table 0102 - GDP identity from the expenditure side,2023-Q2,,0.810989899,,,,,,F,Free (free for publication),1,One,A,Normal value,0,Units,_Z,Not applicable
DATAFLOW,OECD.SDD.NAD:DSD_NAMAIN1@DF_QNA_EXPENDITURE_GROWTH_G20(1.1),Quarterly real GDP growth - G20 countries,I,Q,Quarterly,Y,Calendar and seasonally adjusted,ZAF,South Africa,S1,Total economy,S1,Total economy,B1GQ,Gross domestic product,_Z,Not applicable,_Z,Not applicable,_Z,Not applicable,PC,Percentage change,L,Chain linked volume,G1,"Growth rate, period on period",T0102,Table 0102 - GDP identity from the expenditure side,2023-Q3,,-0.382273922,,,,,,F,Free (free for publication),1,One,A,Normal value,0,Units,_Z,Not applicable
DATAFLOW,OECD.SDD.NAD:DSD_NAMAIN1@DF_QNA_EXPENDITURE_GROWTH_G20(1.1),Quarterly real GDP growth - G20 countries,I,Q,Quarterly,Y,Calendar and seasonally adjusted,ZAF,South Africa,S1,Total economy,S1,Total economy,B1GQ,Gross domestic product,_Z,Not applicable,_Z,Not applicable,_Z,Not applicable,PC,Percentage change,L,Chain linked volume,G1,"Growth rate, period on period",T0102,Table 0102 - GDP identity from the expenditure side,2023-Q4,,0.389315376,,,,,,F,Free (free for publication),1,One,A,Normal value,0,Units,_Z,Not applicable
DATAFLOW,OECD.SDD.NAD:DSD_NAMAIN1@DF_QNA_EXPENDITURE_GROWTH_G20(1.1),Quarterly real GDP growth - G20 countries,I,Q,Quarterly,Y,Calendar and seasonally adjusted,ZAF,South Africa,S1,Total economy,S1,Total economy,B1GQ,Gross domestic product,_Z,Not applicable,_Z,Not applicable,_Z,Not applicable,PC,Percentage change,L,Chain linked volume,G1,"Growth rate, period on period",T0102,Table 0102 - GDP identity from the expenditure side,2024-Q1,,0.085936181,,,,,,F,Free (free for publication),1,One,A,Normal value,0,Units,_Z,Not applicable
DATAFLOW,OECD.SDD.NAD:DSD_NAMAIN1@DF_QNA_EXPENDITURE_GROWTH_G20(1.1),Quarterly real GDP growth - G20 countries,I,Q,Quarterly,Y,Calendar and seasonally adjusted,ZAF,South Africa,S1,Total economy,S1,Total economy,B1GQ,Gross domestic product,_Z,Not applicable,_Z,Not applicable,_Z,Not applicable,PC,Percentage change,L,Chain linked volume,G1,"Growth rate, period on period",T0102,Table 0102 - GDP identity from the expenditure side,2024-Q2,,0.256368678,,,,,,F,Free (free for publication),1,One,A,Normal value,0,Units,_Z,Not applicable
DATAFLOW,OECD.SDD.NAD:DSD_NAMAIN1@DF_QNA_EXPENDITURE_GROWTH_G20(1.1),Quarterly real GDP growth - G20 countries,I,Q,Quarterly,Y,Calendar and seasonally adjusted,ZAF,South Africa,S1,Total economy,S1,Total economy,B1GQ,Gross domestic product,_Z,Not applicable,_Z,Not applicable,_Z,Not applicable,PC,Percentage change,L,Chain linked volume,G1,"Growth rate, period on period",T0102,Table 0102 - GDP identity from the expenditure side,2024-Q3,,-0.29045623,,,,,,F,Free (free for publication),1,One,A,Normal value,0,Units,_Z,Not applicable
DATAFLOW,OECD.SDD.NAD:DSD_NAMAIN1@DF_QNA_EXPENDITURE_GROWTH_G20(1.1),Quarterly real GDP growth - G20 countries,I,Q,Quarterly,Y,Calendar and seasonally adjusted,ZAF,South Africa,S1,Total economy,S1,Total economy,B1GQ,Gross domestic product,_Z,Not applicable,_Z,Not applicable,_Z,Not applicable,PC,Percentage change,L,Chain linked volume,G1,"Growth rate, period on period",T0102,Table 0102 - GDP identity from the expenditure side,2024-Q4,,0.398792565,,,,,,F,Free (free for publication),1,One,A,Normal value,0,Units,_Z,Not applicable
DATAFLOW,OECD.SDD.NAD:DSD_NAMAIN1@DF_QNA_EXPENDITURE_GROWTH_G20(1.1),Quarterly real GDP growth - G20 countries,I,Q,Quarterly,Y,Calendar and seasonally adjusted,ZAF,South Africa,S1,Total economy,S1,Total economy,B1GQ,Gross domestic product,_Z,Not applicable,_Z,Not applicable,_Z,Not applicable,PC,Percentage change,L,Chain linked volume,G1,"Growth rate, period on period",T0102,Table 0102 - GDP identity from the expenditure side,2025-Q1,,0.109867813,,,,,,F,Free (free for publication),1,One,A,Normal value,0,Units,_Z,Not applicable
DATAFLOW,OECD.SDD.NAD:DSD_NAMAIN1@DF_QNA_EXPENDITURE_GROWTH_G20(1.1),Quarterly real GDP growth - G20 countries,I,Q,Quarterly,Y,Calendar and seasonally adjusted,ARG,Argentina,S1,Total economy,S1,Total economy,B1GQ,Gross domestic product,_Z,Not applicable,_Z,Not applicable,_Z,Not applicable,PC,Percentage change,L,Chain linked volume,G1,"Growth rate, period on period",T0102,Table 0102 - GDP identity from the expenditure side,2010-Q1,,3.12023517,,,,,,F,Free (free for publication),1,One,A,Normal value,0,Units,_Z,Not applicable
DATAFLOW,OECD.SDD.NAD:DSD_NAMAIN1@DF_QNA_EXPENDITURE_GROWTH_G20(1.1),Quarterly real GDP growth - G20 countries,I,Q,Quarterly,Y,Calendar and seasonally adjusted,ARG,Argentina,S1,Total economy,S1,Total economy,B1GQ,Gross domestic product,_Z,Not applicable,_Z,Not applicable,_Z,Not applicable,PC,Percentage change,L,Chain linked volume,G1,"Growth rate, period on period",T0102,Table 0102 - GDP identity from the expenditure side,2010-Q2,,4.422966782,,,,,,F,Free (free for publication),1,One,A,Normal value,0,Units,_Z,Not applicable
DATAFLOW,OECD.SDD.NAD:DSD_NAMAIN1@DF_QNA_EXPENDITURE_GROWTH_G20(1.1),Quarterly real GDP growth - G20 countries,I,Q,Quarterly,Y,Calendar and seasonally adjusted,ARG,Argentina,S1,Total economy,S1,Total economy,B1GQ,Gross domestic product,_Z,Not applicable,_Z,Not applicable,_Z,Not applicable,PC,Percentage change,L,Chain linked volume,G1,"Growth rate, period on period",T0102,Table 0102 - GDP identity from the expenditure side,2010-Q3,,0.419371954,,,,,,F,Free (free for publication),1,One,A,Normal value,0,Units,_Z,Not applicable
DATAFLOW,OECD.SDD.NAD:DSD_NAMAIN1@DF_QNA_EXPENDITURE_GROWTH_G20(1.1),Quarterly real GDP growth - G20 countries,I,Q,Quarterly,Y,Calendar and seasonally adjusted,ARG,Argentina,S1,Total economy,S1,Total economy,B1GQ,Gross domestic product,_Z,Not applicable,_Z,Not applicable,_Z,Not applicable,PC,Percentage change,L,Chain linked volume,G1,"Growth rate, period on period",T0102,Table 0102 - GDP identity from the expenditure side,2010-Q4,,1.219979921,,,,,,F,Free (free for publication),1,One,A,Normal value,0,Units,_Z,Not applicable
DATAFLOW,OECD.SDD.NAD:DSD_NAMAIN1@DF_QNA_EXPENDITURE_GROWTH_G20(1.1),Quarterly real GDP growth - G20 countries,I,Q,Quarterly,Y,Calendar and seasonally adjusted,ARG,Argentina,S1,Total economy,S1,Total economy,B1GQ,Gross domestic product,_Z,Not applicable,_Z,Not applicable,_Z,Not applicable,PC,Percentage change,L,Chain linked volume,G1,"Growth rate, period on period",T0102,Table 0102 - GDP identity from the expenditure side,2011-Q1,,2.41859071,,,,,,F,Free (free for publication),1,One,A,Normal value,0,Units,_Z,Not applicable
DATAFLOW,OECD.SDD.NAD:DSD_NAMAIN1@DF_QNA_EXPENDITURE_GROWTH_G20(1.1),Quarterly real GDP growth - G20 countries,I,Q,Quarterly,Y,Calendar and seasonally adjusted,ARG,Argentina,S1,Total economy,S1,Total economy,B1GQ,Gross domestic product,_Z,Not applicable,_Z,Not applicable,_Z,Not applicable,PC,Percentage change,L,Chain linked volume,G1,"Growth rate, period on period",T0102,Table 0102 - GDP identity from the expenditure side,2011-Q2,,1.209193277,,,,,,F,Free (free for publication),1,One,A,Normal value,0,Units,_Z,Not applicable
DATAFLOW,OECD.SDD.NAD:DSD_NAMAIN1@DF_QNA_EXPENDITURE_GROWTH_G20(1.1),Quarterly real GDP growth - G20 countries,I,Q,Quarterly,Y,Calendar and seasonally adjusted,ARG,Argentina,S1,Total economy,S1,Total economy,B1GQ,Gross domestic product,_Z,Not applicable,_Z,Not applicable,_Z,Not applicable,PC,Percentage change,L,Chain linked volume,G1,"Growth rate, period on period",T0102,Table 0102 - GDP identity from the expenditure side,2011-Q3,,0.780888665,,,,,,F,Free (free for publication),1,One,A,Normal value,0,Units,_Z,Not applicable
DATAFLOW,OECD.SDD.NAD:DSD_NAMAIN1@DF_QNA_EXPENDITURE_GROWTH_G20(1.1),Quarterly real GDP growth - G20 countries,I,Q,Quarterly,Y,Calendar and seasonally adjusted,ARG,Argentina,S1,Total economy,S1,Total economy,B1GQ,Gross domestic product,_Z,Not applicable,_Z,Not applicable,_Z,Not applicable,PC,Percentage change,L,Chain linked volume,G1,"Growth rate, period on period",T0102,Table 0102 - GDP identity from the expenditure side,2011-Q4,,-0.112659897,,,,,,F,Free (free for publication),1,One,A,Normal value,0,Units,_Z,Not applicable
DATAFLOW,OECD.SDD.NAD:DSD_NAMAIN1@DF_QNA_EXPENDITURE_GROWTH_G20(1.1),Quarterly real GDP growth - G20 countries,I,Q,Quarterly,Y,Calendar and seasonally adjusted,ARG,Argentina,S1,Total economy,S1,Total economy,B1GQ,Gross domestic product,_Z,Not applicable,_Z,Not applicable,_Z,Not applicable,PC,Percentage change,L,Chain linked volume,G1,"Growth rate, period on period",T0102,Table 0102 - GDP identity from the expenditure side,2012-Q1,,-0.915331205,,,,,,F,Free (free for publication),1,One,A,Normal value,0,Units,_Z,Not applicable
DATAFLOW,OECD.SDD.NAD:DSD_NAMAIN1@DF_QNA_EXPENDITURE_GROWTH_G20(1.1),Quarterly real GDP growth - G20 countries,I,Q,Quarterly,Y,Calendar and seasonally adjusted,ARG,Argentina,S1,Total economy,S1,Total economy,B1GQ,Gross domestic product,_Z,Not applicable,_Z,Not applicable,_Z,Not applicable,PC,Percentage change,L,Chain linked volume,G1,"Growth rate, period on period",T0102,Table 0102 - GDP identity from the expenditure side,2012-Q2,,-3.520720069,,,,,,F,Free (free for publication),1,One,A,Normal value,0,Units,_Z,Not applicable
DATAFLOW,OECD.SDD.NAD:DSD_NAMAIN1@DF_QNA_EXPENDITURE_GROWTH_G20(1.1),Quarterly real GDP growth - G20 countries,I,Q,Quarterly,Y,Calendar and seasonally adjusted,ARG,Argentina,S1,Total economy,S1,Total economy,B1GQ,Gross domestic product,_Z,Not applicable,_Z,Not applicable,_Z,Not applicable,PC,Percentage change,L,Chain linked volume,G1,"Growth rate, period on period",T0102,Table 0102 - GDP identity from the expenditure side,2012-Q3,,3.170108125,,,,,,F,Free (free for publication),1,One,A,Normal value,0,Units,_Z,Not applicable
DATAFLOW,OECD.SDD.NAD:DSD_NAMAIN1@DF_QNA_EXPENDITURE_GROWTH_G20(1.1),Quarterly real GDP growth - G20 countries,I,Q,Quarterly,Y,Calendar and seasonally adjusted,ARG,Argentina,S1,Total economy,S1,Total economy,B1GQ,Gross domestic product,_Z,Not applicable,_Z,Not applicable,_Z,Not applicable,PC,Percentage change,L,Chain linked volume,G1,"Growth rate, period on period",T0102,Table 0102 - GDP identity from the expenditure side,2012-Q4,,1.606932284,,,,,,F,Free (free for publication),1,One,A,Normal value,0,Units,_Z,Not applicable
DATAFLOW,OECD.SDD.NAD:DSD_NAMAIN1@DF_QNA_EXPENDITURE_GROWTH_G20(1.1),Quarterly real GDP growth - G20 countries,I,Q,Quarterly,Y,Calendar and seasonally adjusted,ARG,Argentina,S1,Total economy,S1,Total economy,B1GQ,Gross domestic product,_Z,Not applicable,_Z,Not applicable,_Z,Not applicable,PC,Percentage change,L,Chain linked volume,G1,"Growth rate, period on period",T0102,Table 0102 - GDP identity from the expenditure side,2013-Q1,,-0.056862868,,,,,,F,Free (free for publication),1,One,A,Normal value,0,Units,_Z,Not applicable
DATAFLOW,OECD.SDD.NAD:DSD_NAMAIN1@DF_QNA_EXPENDITURE_GROWTH_G20(1.1),Quarterly real GDP growth - G20 countries,I,Q,Quarterly,Y,Calendar and seasonally adjusted,ARG,Argentina,S1,Total economy,S1,Total economy,B1GQ,Gross domestic product,_Z,Not applicable,_Z,Not applicable,_Z,Not applicable,PC,Percentage change,L,Chain linked volume,G1,"Growth rate, period on period",T0102,Table 0102 - GDP identity from the expenditure side,2013-Q2,,0.639660267,,,,,,F,Free (free for publication),1,One,A,Normal value,0,Units,_Z,Not applicable
DATAFLOW,OECD.SDD.NAD:DSD_NAMAIN1@DF_QNA_EXPENDITURE_GROWTH_G20(1.1),Quarterly real GDP growth - G20 countries,I,Q,Quarterly,Y,Calendar and seasonally adjusted,ARG,Argentina,S1,Total economy,S1,Total economy,B1GQ,Gross domestic product,_Z,Not applicable,_Z,Not applicable,_Z,Not applicable,PC,Percentage change,L,Chain linked volume,G1,"Growth rate, period on period",T0102,Table 0102 - GDP identity from the expenditure side,2013-Q3,,0.661351181,,,,,,F,Free (free for publication),1,One,A,Normal value,0,Units,_Z,Not applicable
DATAFLOW,OECD.SDD.NAD:DSD_NAMAIN1@DF_QNA_EXPENDITURE_GROWTH_G20(1.1),Quarterly real GDP growth - G20 countries,I,Q,Quarterly,Y,Calendar and seasonally adjusted,ARG,Argentina,S1,Total economy,S1,Total economy,B1GQ,Gross domestic product,_Z,Not applicable,_Z,Not applicable,_Z,Not applicable,PC,Percentage change,L,Chain linked volume,G1,"Growth rate, period on period",T0102,Table 0102 - GDP identity from the expenditure side,2013-Q4,,-0.876121928,,,,,,F,Free (free for publication),1,One,A,Normal value,0,Units,_Z,Not applicable
DATAFLOW,OECD.SDD.NAD:DSD_NAMAIN1@DF_QNA_EXPENDITURE_GROWTH_G20(1.1),Quarterly real GDP growth - G20 countries,I,Q,Quarterly,Y,Calendar and seasonally adjusted,ARG,Argentina,S1,Total economy,S1,Total economy,B1GQ,Gross domestic product,_Z,Not applicable,_Z,Not applicable,_Z,Not applicable,PC,Percentage change,L,Chain linked volume,G1,"Growth rate, period on period",T0102,Table 0102 - GDP identity from the expenditure side,2014-Q1,,-1.503583508,,,,,,F,Free (free for publication),1,One,A,Normal value,0,Units,_Z,Not applicable
DATAFLOW,OECD.SDD.NAD:DSD_NAMAIN1@DF_QNA_EXPENDITURE_GROWTH_G20(1.1),Quarterly real GDP growth - G20 countries,I,Q,Quarterly,Y,Calendar and seasonally adjusted,ARG,Argentina,S1,Total economy,S1,Total economy,B1GQ,Gross domestic product,_Z,Not applicable,_Z,Not applicable,_Z,Not applicable,PC,Percentage change,L,Chain linked volume,G1,"Growth rate, period on period",T0102,Table 0102 - GDP identity from the expenditure side,2014-Q2,,-0.77652664,,,,,,F,Free (free for publication),1,One,A,Normal value,0,Units,_Z,Not applicable
DATAFLOW,OECD.SDD.NAD:DSD_NAMAIN1@DF_QNA_EXPENDITURE_GROWTH_G20(1.1),Quarterly real GDP growth - G20 countries,I,Q,Quarterly,Y,Calendar and seasonally adjusted,ARG,Argentina,S1,Total economy,S1,Total economy,B1GQ,Gross domestic product,_Z,Not applicable,_Z,Not applicable,_Z,Not applicable,PC,Percentage change,L,Chain linked volume,G1,"Growth rate, period on period",T0102,Table 0102 - GDP identity from the expenditure side,2014-Q3,,-0.797481725,,,,,,F,Free (free for publication),1,One,A,Normal value,0,Units,_Z,Not applicable
DATAFLOW,OECD.SDD.NAD:DSD_NAMAIN1@DF_QNA_EXPENDITURE_GROWTH_G20(1.1),Quarterly real GDP growth - G20 countries,I,Q,Quarterly,Y,Calendar and seasonally adjusted,ARG,Argentina,S1,Total economy,S1,Total economy,B1GQ,Gross domestic product,_Z,Not applicable,_Z,Not applicable,_Z,Not applicable,PC,Percentage change,L,Chain linked volume,G1,"Growth rate, period on period",T0102,Table 0102 - GDP identity from the expenditure side,2014-Q4,,0.50423644,,,,,,F,Free (free for publication),1,One,A,Normal value,0,Units,_Z,Not applicable
DATAFLOW,OECD.SDD.NAD:DSD_NAMAIN1@DF_QNA_EXPENDITURE_GROWTH_G20(1.1),Quarterly real GDP growth - G20 countries,I,Q,Quarterly,Y,Calendar and seasonally adjusted,ARG,Argentina,S1,Total economy,S1,Total economy,B1GQ,Gross domestic product,_Z,Not applicable,_Z,Not applicable,_Z,Not applicable,PC,Percentage change,L,Chain linked volume,G1,"Growth rate, period on period",T0102,Table 0102 - GDP identity from the expenditure side,2015-Q1,,1.420097452,,,,,,F,Free (free for publication),1,One,A,Normal value,0,Units,_Z,Not applicable
DATAFLOW,OECD.SDD.NAD:DSD_NAMAIN1@DF_QNA_EXPENDITURE_GROWTH_G20(1.1),Quarterly real GDP growth - G20 countries,I,Q,Quarterly,Y,Calendar and seasonally adjusted,ARG,Argentina,S1,Total economy,S1,Total economy,B1GQ,Gross domestic product,_Z,Not applicable,_Z,Not applicable,_Z,Not applicable,PC,Percentage change,L,Chain linked volume,G1,"Growth rate, period on period",T0102,Table 0102 - GDP identity from the expenditure side,2015-Q2,,2.555131446,,,,,,F,Free (free for publication),1,One,A,Normal value,0,Units,_Z,Not applicable
DATAFLOW,OECD.SDD.NAD:DSD_NAMAIN1@DF_QNA_EXPENDITURE_GROWTH_G20(1.1),Quarterly real GDP growth - G20 countries,I,Q,Quarterly,Y,Calendar and seasonally adjusted,ARG,Argentina,S1,Total economy,S1,Total economy,B1GQ,Gross domestic product,_Z,Not applicable,_Z,Not applicable,_Z,Not applicable,PC,Percentage change,L,Chain linked volume,G1,"Growth rate, period on period",T0102,Table 0102 - GDP identity from the expenditure side,2015-Q3,,-0.196833244,,,,,,F,Free (free for publication),1,One,A,Normal value,0,Units,_Z,Not applicable
DATAFLOW,OECD.SDD.NAD:DSD_NAMAIN1@DF_QNA_EXPENDITURE_GROWTH_G20(1.1),Quarterly real GDP growth - G20 countries,I,Q,Quarterly,Y,Calendar and seasonally adjusted,ARG,Argentina,S1,Total economy,S1,Total economy,B1GQ,Gross domestic product,_Z,Not applicable,_Z,Not applicable,_Z,Not applicable,PC,Percentage change,L,Chain linked volume,G1,"Growth rate, period on period",T0102,Table 0102 - GDP identity from the expenditure side,2015-Q4,,-1.172355742,,,,,,F,Free (free for publication),1,One,A,Normal value,0,Units,_Z,Not applicable
DATAFLOW,OECD.SDD.NAD:DSD_NAMAIN1@DF_QNA_EXPENDITURE_GROWTH_G20(1.1),Quarterly real GDP growth - G20 countries,I,Q,Quarterly,Y,Calendar and seasonally adjusted,ARG,Argentina,S1,Total economy,S1,Total economy,B1GQ,Gross domestic product,_Z,Not applicable,_Z,Not applicable,_Z,Not applicable,PC,Percentage change,L,Chain linked volume,G1,"Growth rate, period on period",T0102,Table 0102 - GDP identity from the expenditure side,2016-Q1,,-0.764598368,,,,,,F,Free (free for publication),1,One,A,Normal value,0,Units,_Z,Not applicable
DATAFLOW,OECD.SDD.NAD:DSD_NAMAIN1@DF_QNA_EXPENDITURE_GROWTH_G20(1.1),Quarterly real GDP growth - G20 countries,I,Q,Quarterly,Y,Calendar and seasonally adjusted,ARG,Argentina,S1,Total economy,S1,Total economy,B1GQ,Gross domestic product,_Z,Not applicable,_Z,Not applicable,_Z,Not applicable,PC,Percentage change,L,Chain linked volume,G1,"Growth rate, period on period",T0102,Table 0102 - GDP identity from the expenditure side,2016-Q2,,-1.688751826,,,,,,F,Free (free for publication),1,One,A,Normal value,0,Units,_Z,Not applicable
DATAFLOW,OECD.SDD.NAD:DSD_NAMAIN1@DF_QNA_EXPENDITURE_GROWTH_G20(1.1),Quarterly real GDP growth - G20 countries,I,Q,Quarterly,Y,Calendar and seasonally adjusted,ARG,Argentina,S1,Total economy,S1,Total economy,B1GQ,Gross domestic product,_Z,Not applicable,_Z,Not applicable,_Z,Not applicable,PC,Percentage change,L,Chain linked volume,G1,"Growth rate, period on period",T0102,Table 0102 - GDP identity from the expenditure side,2016-Q3,,0.26435895,,,,,,F,Free (free for publication),1,One,A,Normal value,0,Units,_Z,Not applicable
DATAFLOW,OECD.SDD.NAD:DSD_NAMAIN1@DF_QNA_EXPENDITURE_GROWTH_G20(1.1),Quarterly real GDP growth - G20 countries,I,Q,Quarterly,Y,Calendar and seasonally adjusted,ARG,Argentina,S1,Total economy,S1,Total economy,B1GQ,Gross domestic product,_Z,Not applicable,_Z,Not applicable,_Z,Not applicable,PC,Percentage change,L,Chain linked volume,G1,"Growth rate, period on period",T0102,Table 0102 - GDP identity from the expenditure side,2016-Q4,,0.665433403,,,,,,F,Free (free for publication),1,One,A,Normal value,0,Units,_Z,Not applicable
DATAFLOW,OECD.SDD.NAD:DSD_NAMAIN1@DF_QNA_EXPENDITURE_GROWTH_G20(1.1),Quarterly real GDP growth - G20 countries,I,Q,Quarterly,Y,Calendar and seasonally adjusted,ARG,Argentina,S1,Total economy,S1,Total economy,B1GQ,Gross domestic product,_Z,Not applicable,_Z,Not applicable,_Z,Not applicable,PC,Percentage change,L,Chain linked volume,G1,"Growth rate, period on period",T0102,Table 0102 - GDP identity from the expenditure side,2017-Q1,,0.952913201,,,,,,F,Free (free for publication),1,One,A,Normal value,0,Units,_Z,Not applicable
DATAFLOW,OECD.SDD.NAD:DSD_NAMAIN1@DF_QNA_EXPENDITURE_GROWTH_G20(1.1),Quarterly real GDP growth - G20 countries,I,Q,Quarterly,Y,Calendar and seasonally adjusted,ARG,Argentina,S1,Total economy,S1,Total economy,B1GQ,Gross domestic product,_Z,Not applicable,_Z,Not applicable,_Z,Not applicable,PC,Percentage change,L,Chain linked volume,G1,"Growth rate, period on period",T0102,Table 0102 - GDP identity from the expenditure side,2017-Q2,,0.977397521,,,,,,F,Free (free for publication),1,One,A,Normal value,0,Units,_Z,Not applicable
DATAFLOW,OECD.SDD.NAD:DSD_NAMAIN1@DF_QNA_EXPENDITURE_GROWTH_G20(1.1),Quarterly real GDP growth - G20 countries,I,Q,Quarterly,Y,Calendar and seasonally adjusted,ARG,Argentina,S1,Total economy,S1,Total economy,B1GQ,Gross domestic product,_Z,Not applicable,_Z,Not applicable,_Z,Not applicable,PC,Percentage change,L,Chain linked volume,G1,"Growth rate, period on period",T0102,Table 0102 - GDP identity from the expenditure side,2017-Q3,,1.306557179,,,,,,F,Free (free for publication),1,One,A,Normal value,0,Units,_Z,Not applicable
DATAFLOW,OECD.SDD.NAD:DSD_NAMAIN1@DF_QNA_EXPENDITURE_GROWTH_G20(1.1),Quarterly real GDP growth - G20 countries,I,Q,Quarterly,Y,Calendar and seasonally adjusted,ARG,Argentina,S1,Total economy,S1,Total economy,B1GQ,Gross domestic product,_Z,Not applicable,_Z,Not applicable,_Z,Not applicable,PC,Percentage change,L,Chain linked volume,G1,"Growth rate, period on period",T0102,Table 0102 - GDP identity from the expenditure side,2017-Q4,,0.978682858,,,,,,F,Free (free for publication),1,One,A,Normal value,0,Units,_Z,Not applicable
DATAFLOW,OECD.SDD.NAD:DSD_NAMAIN1@DF_QNA_EXPENDITURE_GROWTH_G20(1.1),Quarterly real GDP growth - G20 countries,I,Q,Quarterly,Y,Calendar and seasonally adjusted,ARG,Argentina,S1,Total economy,S1,Total economy,B1GQ,Gross domestic product,_Z,Not applicable,_Z,Not applicable,_Z,Not applicable,PC,Percentage change,L,Chain linked volume,G1,"Growth rate, period on period",T0102,Table 0102 - GDP identity from the expenditure side,2018-Q1,,-0.568428998,,,,,,F,Free (free for publication),1,One,A,Normal value,0,Units,_Z,Not applicable
DATAFLOW,OECD.SDD.NAD:DSD_NAMAIN1@DF_QNA_EXPENDITURE_GROWTH_G20(1.1),Quarterly real GDP growth - G20 countries,I,Q,Quarterly,Y,Calendar and seasonally adjusted,ARG,Argentina,S1,Total economy,S1,Total economy,B1GQ,Gross domestic product,_Z,Not applicable,_Z,Not applicable,_Z,Not applicable,PC,Percentage change,L,Chain linked volume,G1,"Growth rate, period on period",T0102,Table 0102 - GDP identity from the expenditure side,2018-Q2,,-4.170379554,,,,,,F,Free (free for publication),1,One,A,Normal value,0,Units,_Z,Not applicable
DATAFLOW,OECD.SDD.NAD:DSD_NAMAIN1@DF_QNA_EXPENDITURE_GROWTH_G20(1.1),Quarterly real GDP growth - G20 countries,I,Q,Quarterly,Y,Calendar and seasonally adjusted,ARG,Argentina,S1,Total economy,S1,Total economy,B1GQ,Gross domestic product,_Z,Not applicable,_Z,Not applicable,_Z,Not applicable,PC,Percentage change,L,Chain linked volume,G1,"Growth rate, period on period",T0102,Table 0102 - GDP identity from the expenditure side,2018-Q3,,-0.287073589,,,,,,F,Free (free for publication),1,One,A,Normal value,0,Units,_Z,Not applicable
DATAFLOW,OECD.SDD.NAD:DSD_NAMAIN1@DF_QNA_EXPENDITURE_GROWTH_G20(1.1),Quarterly real GDP growth - G20 countries,I,Q,Quarterly,Y,Calendar and seasonally adjusted,ARG,Argentina,S1,Total economy,S1,Total economy,B1GQ,Gross domestic product,_Z,Not applicable,_Z,Not applicable,_Z,Not applicable,PC,Percentage change,L,Chain linked volume,G1,"Growth rate, period on period",T0102,Table 0102 - GDP identity from the expenditure side,2018-Q4,,-1.525337061,,,,,,F,Free (free for publication),1,One,A,Normal value,0,Units,_Z,Not applicable
DATAFLOW,OECD.SDD.NAD:DSD_NAMAIN1@DF_QNA_EXPENDITURE_GROWTH_G20(1.1),Quarterly real GDP growth - G20 countries,I,Q,Quarterly,Y,Calendar and seasonally adjusted,ARG,Argentina,S1,Total economy,S1,Total economy,B1GQ,Gross domestic product,_Z,Not applicable,_Z,Not applicable,_Z,Not applicable,PC,Percentage change,L,Chain linked volume,G1,"Growth rate, period on period",T0102,Table 0102 - GDP identity from the expenditure side,2019-Q1,,0.329687696,,,,,,F,Free (free for publication),1,One,A,Normal value,0,Units,_Z,Not applicable
DATAFLOW,OECD.SDD.NAD:DSD_NAMAIN1@DF_QNA_EXPENDITURE_GROWTH_G20(1.1),Quarterly real GDP growth - G20 countries,I,Q,Quarterly,Y,Calendar and seasonally adjusted,ARG,Argentina,S1,Total economy,S1,Total economy,B1GQ,Gross domestic product,_Z,Not applicable,_Z,Not applicable,_Z,Not applicable,PC,Percentage change,L,Chain linked volume,G1,"Growth rate, period on period",T0102,Table 0102 - GDP identity from the expenditure side,2019-Q2,,0.555135752,,,,,,F,Free (free for publication),1,One,A,Normal value,0,Units,_Z,Not applicable
DATAFLOW,OECD.SDD.NAD:DSD_NAMAIN1@DF_QNA_EXPENDITURE_GROWTH_G20(1.1),Quarterly real GDP growth - G20 countries,I,Q,Quarterly,Y,Calendar and seasonally adjusted,ARG,Argentina,S1,Total economy,S1,Total economy,B1GQ,Gross domestic product,_Z,Not applicable,_Z,Not applicable,_Z,Not applicable,PC,Percentage change,L,Chain linked volume,G1,"Growth rate, period on period",T0102,Table 0102 - GDP identity from the expenditure side,2019-Q3,,-0.077875728,,,,,,F,Free (free for publication),1,One,A,Normal value,0,Units,_Z,Not applicable
DATAFLOW,OECD.SDD.NAD:DSD_NAMAIN1@DF_QNA_EXPENDITURE_GROWTH_G20(1.1),Quarterly real GDP growth - G20 countries,I,Q,Quarterly,Y,Calendar and seasonally adjusted,ARG,Argentina,S1,Total economy,S1,Total economy,B1GQ,Gross domestic product,_Z,Not applicable,_Z,Not applicable,_Z,Not applicable,PC,Percentage change,L,Chain linked volume,G1,"Growth rate, period on period",T0102,Table 0102 - GDP identity from the expenditure side,2019-Q4,,-1.354756045,,,,,,F,Free (free for publication),1,One,A,Normal value,0,Units,_Z,Not applicable
DATAFLOW,OECD.SDD.NAD:DSD_NAMAIN1@DF_QNA_EXPENDITURE_GROWTH_G20(1.1),Quarterly real GDP growth - G20 countries,I,Q,Quarterly,Y,Calendar and seasonally adjusted,ARG,Argentina,S1,Total economy,S1,Total economy,B1GQ,Gross domestic product,_Z,Not applicable,_Z,Not applicable,_Z,Not applicable,PC,Percentage change,L,Chain linked volume,G1,"Growth rate, period on period",T0102,Table 0102 - GDP identity from the expenditure side,2020-Q1,,-4.442232354,,,,,,F,Free (free for publication),1,One,A,Normal value,0,Units,_Z,Not applicable
DATAFLOW,OECD.SDD.NAD:DSD_NAMAIN1@DF_QNA_EXPENDITURE_GROWTH_G20(1.1),Quarterly real GDP growth - G20 countries,I,Q,Quarterly,Y,Calendar and seasonally adjusted,ARG,Argentina,S1,Total economy,S1,Total economy,B1GQ,Gross domestic product,_Z,Not applicable,_Z,Not applicable,_Z,Not applicable,PC,Percentage change,L,Chain linked volume,G1,"Growth rate, period on period",T0102,Table 0102 - GDP identity from the expenditure side,2020-Q2,,-14.135800377,,,,,,F,Free (free for publication),1,One,A,Normal value,0,Units,_Z,Not applicable
DATAFLOW,OECD.SDD.NAD:DSD_NAMAIN1@DF_QNA_EXPENDITURE_GROWTH_G20(1.1),Quarterly real GDP growth - G20 countries,I,Q,Quarterly,Y,Calendar and seasonally adjusted,ARG,Argentina,S1,Total economy,S1,Total economy,B1GQ,Gross domestic product,_Z,Not applicable,_Z,Not applicable,_Z,Not applicable,PC,Percentage change,L,Chain linked volume,G1,"Growth rate, period on period",T0102,Table 0102 - GDP identity from the expenditure side,2020-Q3,,10.687389978,,,,,,F,Free (free for publication),1,One,A,Normal value,0,Units,_Z,Not applicable
DATAFLOW,OECD.SDD.NAD:DSD_NAMAIN1@DF_QNA_EXPENDITURE_GROWTH_G20(1.1),Quarterly real GDP growth - G20 countries,I,Q,Quarterly,Y,Calendar and seasonally adjusted,ARG,Argentina,S1,Total economy,S1,Total economy,B1GQ,Gross domestic product,_Z,Not applicable,_Z,Not applicable,_Z,Not applicable,PC,Percentage change,L,Chain linked volume,G1,"Growth rate, period on period",T0102,Table 0102 - GDP identity from the expenditure side,2020-Q4,,4.9576422,,,,,,F,Free (free for publication),1,One,A,Normal value,0,Units,_Z,Not applicable
DATAFLOW,OECD.SDD.NAD:DSD_NAMAIN1@DF_QNA_EXPENDITURE_GROWTH_G20(1.1),Quarterly real GDP growth - G20 countries,I,Q,Quarterly,Y,Calendar and seasonally adjusted,ARG,Argentina,S1,Total economy,S1,Total economy,B1GQ,Gross domestic product,_Z,Not applicable,_Z,Not applicable,_Z,Not applicable,PC,Percentage change,L,Chain linked volume,G1,"Growth rate, period on period",T0102,Table 0102 - GDP identity from the expenditure side,2021-Q1,,3.416748186,,,,,,F,Free (free for publication),1,One,A,Normal value,0,Units,_Z,Not applicable
DATAFLOW,OECD.SDD.NAD:DSD_NAMAIN1@DF_QNA_EXPENDITURE_GROWTH_G20(1.1),Quarterly real GDP growth - G20 countries,I,Q,Quarterly,Y,Calendar and seasonally adjusted,ARG,Argentina,S1,Total economy,S1,Total economy,B1GQ,Gross domestic product,_Z,Not applicable,_Z,Not applicable,_Z,Not applicable,PC,Percentage change,L,Chain linked volume,G1,"Growth rate, period on period",T0102,Table 0102 - GDP identity from the expenditure side,2021-Q2,,0.307987078,,,,,,F,Free (free for publication),1,One,A,Normal value,0,Units,_Z,Not applicable
DATAFLOW,OECD.SDD.NAD:DSD_NAMAIN1@DF_QNA_EXPENDITURE_GROWTH_G20(1.1),Quarterly real GDP growth - G20 countries,I,Q,Quarterly,Y,Calendar and seasonally adjusted,ARG,Argentina,S1,Total economy,S1,Total economy,B1GQ,Gross domestic product,_Z,Not applicable,_Z,Not applicable,_Z,Not applicable,PC,Percentage change,L,Chain linked volume,G1,"Growth rate, period on period",T0102,Table 0102 - GDP identity from the expenditure side,2021-Q3,,2.028175156,,,,,,F,Free (free for publication),1,One,A,Normal value,0,Units,_Z,Not applicable
DATAFLOW,OECD.SDD.NAD:DSD_NAMAIN1@DF_QNA_EXPENDITURE_GROWTH_G20(1.1),Quarterly real GDP growth - G20 countries,I,Q,Quarterly,Y,Calendar and seasonally adjusted,ARG,Argentina,S1,Total economy,S1,Total economy,B1GQ,Gross domestic product,_Z,Not applicable,_Z,Not applicable,_Z,Not applicable,PC,Percentage change,L,Chain linked volume,G1,"Growth rate, period on period",T0102,Table 0102 - GDP identity from the expenditure side,2021-Q4,,2.472985012,,,,,,F,Free (free for publication),1,One,A,Normal value,0,Units,_Z,Not applicable
DATAFLOW,OECD.SDD.NAD:DSD_NAMAIN1@DF_QNA_EXPENDITURE_GROWTH_G20(1.1),Quarterly real GDP growth - G20 countries,I,Q,Quarterly,Y,Calendar and seasonally adjusted,ARG,Argentina,S1,Total economy,S1,Total economy,B1GQ,Gross domestic product,_Z,Not applicable,_Z,Not applicable,_Z,Not applicable,PC,Percentage change,L,Chain linked volume,G1,"Growth rate, period on period",T0102,Table 0102 - GDP identity from the expenditure side,2022-Q1,,2.372397851,,,,,,F,Free (free for publication),1,One,A,Normal value,0,Units,_Z,Not applicable
DATAFLOW,OECD.SDD.NAD:DSD_NAMAIN1@DF_QNA_EXPENDITURE_GROWTH_G20(1.1),Quarterly real GDP growth - G20 countries,I,Q,Quarterly,Y,Calendar and seasonally adjusted,ARG,Argentina,S1,Total economy,S1,Total economy,B1GQ,Gross domestic product,_Z,Not applicable,_Z,Not applicable,_Z,Not applicable,PC,Percentage change,L,Chain linked volume,G1,"Growth rate, period on period",T0102,Table 0102 - GDP identity from the expenditure side,2022-Q2,,1.974685748,,,,,,F,Free (free for publication),1,One,A,Normal value,0,Units,_Z,Not applicable
DATAFLOW,OECD.SDD.NAD:DSD_NAMAIN1@DF_QNA_EXPENDITURE_GROWTH_G20(1.1),Quarterly real GDP growth - G20 countries,I,Q,Quarterly,Y,Calendar and seasonally adjusted,ARG,Argentina,S1,Total economy,S1,Total economy,B1GQ,Gross domestic product,_Z,Not applicable,_Z,Not applicable,_Z,Not applicable,PC,Percentage change,L,Chain linked volume,G1,"Growth rate, period on period",T0102,Table 0102 - GDP identity from the expenditure side,2022-Q3,,-0.830895812,,,,,,F,Free (free for publication),1,One,A,Normal value,0,Units,_Z,Not applicable
DATAFLOW,OECD.SDD.NAD:DSD_NAMAIN1@DF_QNA_EXPENDITURE_GROWTH_G20(1.1),Quarterly real GDP growth - G20 countries,I,Q,Quarterly,Y,Calendar and seasonally adjusted,ARG,Argentina,S1,Total economy,S1,Total economy,B1GQ,Gross domestic product,_Z,Not applicable,_Z,Not applicable,_Z,Not applicable,PC,Percentage change,L,Chain linked volume,G1,"Growth rate, period on period",T0102,Table 0102 - GDP identity from the expenditure side,2022-Q4,,-1.77435404,,,,,,F,Free (free for publication),1,One,A,Normal value,0,Units,_Z,Not applicable
DATAFLOW,OECD.SDD.NAD:DSD_NAMAIN1@DF_QNA_EXPENDITURE_GROWTH_G20(1.1),Quarterly real GDP growth - G20 countries,I,Q,Quarterly,Y,Calendar and seasonally adjusted,ARG,Argentina,S1,Total economy,S1,Total economy,B1GQ,Gross domestic product,_Z,Not applicable,_Z,Not applicable,_Z,Not applicable,PC,Percentage change,L,Chain linked volume,G1,"Growth rate, period on period",T0102,Table 0102 - GDP identity from the expenditure side,2023-Q1,,0.820094275,,,,,,F,Free (free for publication),1,One,A,Normal value,0,Units,_Z,Not applicable
DATAFLOW,OECD.SDD.NAD:DSD_NAMAIN1@DF_QNA_EXPENDITURE_GROWTH_G20(1.1),Quarterly real GDP growth - G20 countries,I,Q,Quarterly,Y,Calendar and seasonally adjusted,ARG,Argentina,S1,Total economy,S1,Total economy,B1GQ,Gross domestic product,_Z,Not applicable,_Z,Not applicable,_Z,Not applicable,PC,Percentage change,L,Chain linked volume,G1,"Growth rate, period on period",T0102,Table 0102 - GDP identity from the expenditure side,2023-Q2,,-2.399545595,,,,,,F,Free (free for publication),1,One,A,Normal value,0,Units,_Z,Not applicable
DATAFLOW,OECD.SDD.NAD:DSD_NAMAIN1@DF_QNA_EXPENDITURE_GROWTH_G20(1.1),Quarterly real GDP growth - G20 countries,I,Q,Quarterly,Y,Calendar and seasonally adjusted,ARG,Argentina,S1,Total economy,S1,Total economy,B1GQ,Gross domestic product,_Z,Not applicable,_Z,Not applicable,_Z,Not applicable,PC,Percentage change,L,Chain linked volume,G1,"Growth rate, period on period",T0102,Table 0102 - GDP identity from the expenditure side,2023-Q3,,1.909927886,,,,,,F,Free (free for publication),1,One,A,Normal value,0,Units,_Z,Not applicable
DATAFLOW,OECD.SDD.NAD:DSD_NAMAIN1@DF_QNA_EXPENDITURE_GROWTH_G20(1.1),Quarterly real GDP growth - G20 countries,I,Q,Quarterly,Y,Calendar and seasonally adjusted,ARG,Argentina,S1,Total economy,S1,Total economy,B1GQ,Gross domestic product,_Z,Not applicable,_Z,Not applicable,_Z,Not applicable,PC,Percentage change,L,Chain linked volume,G1,"Growth rate, period on period",T0102,Table 0102 - GDP identity from the expenditure side,2023-Q4,,-2.156661962,,,,,,F,Free (free for publication),1,One,A,Normal value,0,Units,_Z,Not applicable
DATAFLOW,OECD.SDD.NAD:DSD_NAMAIN1@DF_QNA_EXPENDITURE_GROWTH_G20(1.1),Quarterly real GDP growth - G20 countries,I,Q,Quarterly,Y,Calendar and seasonally adjusted,ARG,Argentina,S1,Total economy,S1,Total economy,B1GQ,Gross domestic product,_Z,Not applicable,_Z,Not applicable,_Z,Not applicable,PC,Percentage change,L,Chain linked volume,G1,"Growth rate, period on period",T0102,Table 0102 - GDP identity from the expenditure side,2024-Q1,,-1.787591671,,,,,,F,Free (free for publication),1,One,A,Normal value,0,Units,_Z,Not applicable
DATAFLOW,OECD.SDD.NAD:DSD_NAMAIN1@DF_QNA_EXPENDITURE_GROWTH_G20(1.1),Quarterly real GDP growth - G20 countries,I,Q,Quarterly,Y,Calendar and seasonally adjusted,ARG,Argentina,S1,Total economy,S1,Total economy,B1GQ,Gross domestic product,_Z,Not applicable,_Z,Not applicable,_Z,Not applicable,PC,Percentage change,L,Chain linked volume,G1,"Growth rate, period on period",T0102,Table 0102 - GDP identity from the expenditure side,2024-Q2,,-0.764234169,,,,,,F,Free (free for publication),1,One,A,Normal value,0,Units,_Z,Not applicable
DATAFLOW,OECD.SDD.NAD:DSD_NAMAIN1@DF_QNA_EXPENDITURE_GROWTH_G20(1.1),Quarterly real GDP growth - G20 countries,I,Q,Quarterly,Y,Calendar and seasonally adjusted,ARG,Argentina,S1,Total economy,S1,Total economy,B1GQ,Gross domestic product,_Z,Not applicable,_Z,Not applicable,_Z,Not applicable,PC,Percentage change,L,Chain linked volume,G1,"Growth rate, period on period",T0102,Table 0102 - GDP identity from the expenditure side,2024-Q3,,3.602513139,,,,,,F,Free (free for publication),1,One,A,Normal value,0,Units,_Z,Not applicable
DATAFLOW,OECD.SDD.NAD:DSD_NAMAIN1@DF_QNA_EXPENDITURE_GROWTH_G20(1.1),Quarterly real GDP growth - G20 countries,I,Q,Quarterly,Y,Calendar and seasonally adjusted,ARG,Argentina,S1,Total economy,S1,Total economy,B1GQ,Gross domestic product,_Z,Not applicable,_Z,Not applicable,_Z,Not applicable,PC,Percentage change,L,Chain linked volume,G1,"Growth rate, period on period",T0102,Table 0102 - GDP identity from the expenditure side,2024-Q4,,2.164039195,,,,,,F,Free (free for publication),1,One,A,Normal value,0,Units,_Z,Not applicable
DATAFLOW,OECD.SDD.NAD:DSD_NAMAIN1@DF_QNA_EXPENDITURE_GROWTH_G20(1.1),Quarterly real GDP growth - G20 countries,I,Q,Quarterly,Y,Calendar and seasonally adjusted,ARG,Argentina,S1,Total economy,S1,Total economy,B1GQ,Gross domestic product,_Z,Not applicable,_Z,Not applicable,_Z,Not applicable,PC,Percentage change,L,Chain linked volume,G1,"Growth rate, period on period",T0102,Table 0102 - GDP identity from the expenditure side,2025-Q1,,0.859729732,,,,,,F,Free (free for publication),1,One,A,Normal value,0,Units,_Z,Not applicable
DATAFLOW,OECD.SDD.NAD:DSD_NAMAIN1@DF_QNA_EXPENDITURE_GROWTH_G20(1.1),Quarterly real GDP growth - G20 countries,I,Q,Quarterly,Y,Calendar and seasonally adjusted,ARG,Argentina,S1,Total economy,S1,Total economy,B1GQ,Gross domestic product,_Z,Not applicable,_Z,Not applicable,_Z,Not applicable,PC,Percentage change,L,Chain linked volume,G1,"Growth rate, period on period",T0102,Table 0102 - GDP identity from the expenditure side,2025-Q2,,-0.061022358,,,,,,F,Free (free for publication),1,One,A,Normal value,0,Units,_Z,Not applicable
DATAFLOW,OECD.SDD.NAD:DSD_NAMAIN1@DF_QNA_EXPENDITURE_GROWTH_G20(1.1),Quarterly real GDP growth - G20 countries,I,Q,Quarterly,Y,Calendar and seasonally adjusted,JPN,Japan,S1,Total economy,S1,Total economy,B1GQ,Gross domestic product,_Z,Not applicable,_Z,Not applicable,_Z,Not applicable,PC,Percentage change,L,Chain linked volume,G1,"Growth rate, period on period",T0102,Table 0102 - GDP identity from the expenditure side,2010-Q1,,1.03590927,,,,,,F,Free (free for publication),1,One,A,Normal value,0,Units,_Z,Not applicable
DATAFLOW,OECD.SDD.NAD:DSD_NAMAIN1@DF_QNA_EXPENDITURE_GROWTH_G20(1.1),Quarterly real GDP growth - G20 countries,I,Q,Quarterly,Y,Calendar and seasonally adjusted,JPN,Japan,S1,Total economy,S1,Total economy,B1GQ,Gross domestic product,_Z,Not applicable,_Z,Not applicable,_Z,Not applicable,PC,Percentage change,L,Chain linked volume,G1,"Growth rate, period on period",T0102,Table 0102 - GDP identity from the expenditure side,2010-Q2,,1.212682744,,,,,,F,Free (free for publication),1,One,A,Normal value,0,Units,_Z,Not applicable
DATAFLOW,OECD.SDD.NAD:DSD_NAMAIN1@DF_QNA_EXPENDITURE_GROWTH_G20(1.1),Quarterly real GDP growth - G20 countries,I,Q,Quarterly,Y,Calendar and seasonally adjusted,JPN,Japan,S1,Total economy,S1,Total economy,B1GQ,Gross domestic product,_Z,Not applicable,_Z,Not applicable,_Z,Not applicable,PC,Percentage change,L,Chain linked volume,G1,"Growth rate, period on period",T0102,Table 0102 - GDP identity from the expenditure side,2010-Q3,,1.806517356,,,,,,F,Free (free for publication),1,One,A,Normal value,0,Units,_Z,Not applicable
DATAFLOW,OECD.SDD.NAD:DSD_NAMAIN1@DF_QNA_EXPENDITURE_GROWTH_G20(1.1),Quarterly real GDP growth - G20 countries,I,Q,Quarterly,Y,Calendar and seasonally adjusted,JPN,Japan,S1,Total economy,S1,Total economy,B1GQ,Gross domestic product,_Z,Not applicable,_Z,Not applicable,_Z,Not applicable,PC,Percentage change,L,Chain linked volume,G1,"Growth rate, period on period",T0102,Table 0102 - GDP identity from the expenditure side,2010-Q4,,-0.805537744,,,,,,F,Free (free for publication),1,One,A,Normal value,0,Units,_Z,Not applicable
DATAFLOW,OECD.SDD.NAD:DSD_NAMAIN1@DF_QNA_EXPENDITURE_GROWTH_G20(1.1),Quarterly real GDP growth - G20 countries,I,Q,Quarterly,Y,Calendar and seasonally adjusted,JPN,Japan,S1,Total economy,S1,Total economy,B1GQ,Gross domestic product,_Z,Not applicable,_Z,Not applicable,_Z,Not applicable,PC,Percentage change,L,Chain linked volume,G1,"Growth rate, period on period",T0102,Table 0102 - GDP identity from the expenditure side,2011-Q1,,-1.075693698,,,,,,F,Free (free for publication),1,One,A,Normal value,0,Units,_Z,Not applicable
DATAFLOW,OECD.SDD.NAD:DSD_NAMAIN1@DF_QNA_EXPENDITURE_GROWTH_G20(1.1),Quarterly real GDP growth - G20 countries,I,Q,Quarterly,Y,Calendar and seasonally adjusted,JPN,Japan,S1,Total economy,S1,Total economy,B1GQ,Gross domestic product,_Z,Not applicable,_Z,Not applicable,_Z,Not applicable,PC,Percentage change,L,Chain linked volume,G1,"Growth rate, period on period",T0102,Table 0102 - GDP identity from the expenditure side,2011-Q2,,-0.849342583,,,,,,F,Free (free for publication),1,One,A,Normal value,0,Units,_Z,Not applicable
DATAFLOW,OECD.SDD.NAD:DSD_NAMAIN1@DF_QNA_EXPENDITURE_GROWTH_G20(1.1),Quarterly real GDP growth - G20 countries,I,Q,Quarterly,Y,Calendar and seasonally adjusted,JPN,Japan,S1,Total economy,S1,Total economy,B1GQ,Gross domestic product,_Z,Not applicable,_Z,Not applicable,_Z,Not applicable,PC,Percentage change,L,Chain linked volume,G1,"Growth rate, period on period",T0102,Table 0102 - GDP identity from the expenditure side,2011-Q3,,2.429906245,,,,,,F,Free (free for publication),1,One,A,Normal value,0,Units,_Z,Not applicable
DATAFLOW,OECD.SDD.NAD:DSD_NAMAIN1@DF_QNA_EXPENDITURE_GROWTH_G20(1.1),Quarterly real GDP growth - G20 countries,I,Q,Quarterly,Y,Calendar and seasonally adjusted,JPN,Japan,S1,Total economy,S1,Total economy,B1GQ,Gross domestic product,_Z,Not applicable,_Z,Not applicable,_Z,Not applicable,PC,Percentage change,L,Chain linked volume,G1,"Growth rate, period on period",T0102,Table 0102 - GDP identity from the expenditure side,2011-Q4,,-0.128898037,,,,,,F,Free (free for publication),1,One,A,Normal value,0,Units,_Z,Not applicable
DATAFLOW,OECD.SDD.NAD:DSD_NAMAIN1@DF_QNA_EXPENDITURE_GROWTH_G20(1.1),Quarterly real GDP growth - G20 countries,I,Q,Quarterly,Y,Calendar and seasonally adjusted,JPN,Japan,S1,Total economy,S1,Total economy,B1GQ,Gross domestic product,_Z,Not applicable,_Z,Not applicable,_Z,Not applicable,PC,Percentage change,L,Chain linked volume,G1,"Growth rate, period on period",T0102,Table 0102 - GDP identity from the expenditure side,2012-Q1,,1.396467868,,,,,,F,Free (free for publication),1,One,A,Normal value,0,Units,_Z,Not applicable
DATAFLOW,OECD.SDD.NAD:DSD_NAMAIN1@DF_QNA_EXPENDITURE_GROWTH_G20(1.1),Quarterly real GDP growth - G20 countries,I,Q,Quarterly,Y,Calendar and seasonally adjusted,JPN,Japan,S1,Total economy,S1,Total economy,B1GQ,Gross domestic product,_Z,Not applicable,_Z,Not applicable,_Z,Not applicable,PC,Percentage change,L,Chain linked volume,G1,"Growth rate, period on period",T0102,Table 0102 - GDP identity from the expenditure side,2012-Q2,,-0.934055716,,,,,,F,Free (free for publication),1,One,A,Normal value,0,Units,_Z,Not applicable
DATAFLOW,OECD.SDD.NAD:DSD_NAMAIN1@DF_QNA_EXPENDITURE_GROWTH_G20(1.1),Quarterly real GDP growth - G20 countries,I,Q,Quarterly,Y,Calendar and seasonally adjusted,JPN,Japan,S1,Total economy,S1,Total economy,B1GQ,Gross domestic product,_Z,Not applicable,_Z,Not applicable,_Z,Not applicable,PC,Percentage change,L,Chain linked volume,G1,"Growth rate, period on period",T0102,Table 0102 - GDP identity from the expenditure side,2012-Q3,,-0.371498014,,,,,,F,Free (free for publication),1,One,A,Normal value,0,Units,_Z,Not applicable
DATAFLOW,OECD.SDD.NAD:DSD_NAMAIN1@DF_QNA_EXPENDITURE_GROWTH_G20(1.1),Quarterly real GDP growth - G20 countries,I,Q,Quarterly,Y,Calendar and seasonally adjusted,JPN,Japan,S1,Total economy,S1,Total economy,B1GQ,Gross domestic product,_Z,Not applicable,_Z,Not applicable,_Z,Not applicable,PC,Percentage change,L,Chain linked volume,G1,"Growth rate, period on period",T0102,Table 0102 - GDP identity from the expenditure side,2012-Q4,,-0.056545045,,,,,,F,Free (free for publication),1,One,A,Normal value,0,Units,_Z,Not applicable
DATAFLOW,OECD.SDD.NAD:DSD_NAMAIN1@DF_QNA_EXPENDITURE_GROWTH_G20(1.1),Quarterly real GDP growth - G20 countries,I,Q,Quarterly,Y,Calendar and seasonally adjusted,JPN,Japan,S1,Total economy,S1,Total economy,B1GQ,Gross domestic product,_Z,Not applicable,_Z,Not applicable,_Z,Not applicable,PC,Percentage change,L,Chain linked volume,G1,"Growth rate, period on period",T0102,Table 0102 - GDP identity from the expenditure side,2013-Q1,,1.334108641,,,,,,F,Free (free for publication),1,One,A,Normal value,0,Units,_Z,Not applicable
DATAFLOW,OECD.SDD.NAD:DSD_NAMAIN1@DF_QNA_EXPENDITURE_GROWTH_G20(1.1),Quarterly real GDP growth - G20 countries,I,Q,Quarterly,Y,Calendar and seasonally adjusted,JPN,Japan,S1,Total economy,S1,Total economy,B1GQ,Gross domestic product,_Z,Not applicable,_Z,Not applicable,_Z,Not applicable,PC,Percentage change,L,Chain linked volume,G1,"Growth rate, period on period",T0102,Table 0102 - GDP identity from the expenditure side,2013-Q2,,0.92702082,,,,,,F,Free (free for publication),1,One,A,Normal value,0,Units,_Z,Not applicable
DATAFLOW,OECD.SDD.NAD:DSD_NAMAIN1@DF_QNA_EXPENDITURE_GROWTH_G20(1.1),Quarterly real GDP growth - G20 countries,I,Q,Quarterly,Y,Calendar and seasonally adjusted,JPN,Japan,S1,Total economy,S1,Total economy,B1GQ,Gross domestic product,_Z,Not applicable,_Z,Not applicable,_Z,Not applicable,PC,Percentage change,L,Chain linked volume,G1,"Growth rate, period on period",T0102,Table 0102 - GDP identity from the expenditure side,2013-Q3,,0.970165289,,,,,,F,Free (free for publication),1,One,A,Normal value,0,Units,_Z,Not applicable
DATAFLOW,OECD.SDD.NAD:DSD_NAMAIN1@DF_QNA_EXPENDITURE_GROWTH_G20(1.1),Quarterly real GDP growth - G20 countries,I,Q,Quarterly,Y,Calendar and seasonally adjusted,JPN,Japan,S1,Total economy,S1,Total economy,B1GQ,Gross domestic product,_Z,Not applicable,_Z,Not applicable,_Z,Not applicable,PC,Percentage change,L,Chain linked volume,G1,"Growth rate, period on period",T0102,Table 0102 - GDP identity from the expenditure side,2013-Q4,,-0.10163075,,,,,,F,Free (free for publication),1,One,A,Normal value,0,Units,_Z,Not applicable
DATAFLOW,OECD.SDD.NAD:DSD_NAMAIN1@DF_QNA_EXPENDITURE_GROWTH_G20(1.1),Quarterly real GDP growth - G20 countries,I,Q,Quarterly,Y,Calendar and seasonally adjusted,JPN,Japan,S1,Total economy,S1,Total economy,B1GQ,Gross domestic product,_Z,Not applicable,_Z,Not applicable,_Z,Not applicable,PC,Percentage change,L,Chain linked volume,G1,"Growth rate, period on period",T0102,Table 0102 - GDP identity from the expenditure side,2014-Q1,,0.748557231,,,,,,F,Free (free for publication),1,One,A,Normal value,0,Units,_Z,Not applicable
DATAFLOW,OECD.SDD.NAD:DSD_NAMAIN1@DF_QNA_EXPENDITURE_GROWTH_G20(1.1),Quarterly real GDP growth - G20 countries,I,Q,Quarterly,Y,Calendar and seasonally adjusted,JPN,Japan,S1,Total economy,S1,Total economy,B1GQ,Gross domestic product,_Z,Not applicable,_Z,Not applicable,_Z,Not applicable,PC,Percentage change,L,Chain linked volume,G1,"Growth rate, period on period",T0102,Table 0102 - GDP identity from the expenditure side,2014-Q2,,-1.771402456,,,,,,F,Free (free for publication),1,One,A,Normal value,0,Units,_Z,Not applicable
DATAFLOW,OECD.SDD.NAD:DSD_NAMAIN1@DF_QNA_EXPENDITURE_GROWTH_G20(1.1),Quarterly real GDP growth - G20 countries,I,Q,Quarterly,Y,Calendar and seasonally adjusted,JPN,Japan,S1,Total economy,S1,Total economy,B1GQ,Gross domestic product,_Z,Not applicable,_Z,Not applicable,_Z,Not applicable,PC,Percentage change,L,Chain linked volume,G1,"Growth rate, period on period",T0102,Table 0102 - GDP identity from the expenditure side,2014-Q3,,0.099740542,,,,,,F,Free (free for publication),1,One,A,Normal value,0,Units,_Z,Not applicable
DATAFLOW,OECD.SDD.NAD:DSD_NAMAIN1@DF_QNA_EXPENDITURE_GROWTH_G20(1.1),Quarterly real GDP growth - G20 countries,I,Q,Quarterly,Y,Calendar and seasonally adjusted,JPN,Japan,S1,Total economy,S1,Total economy,B1GQ,Gross domestic product,_Z,Not applicable,_Z,Not applicable,_Z,Not applicable,PC,Percentage change,L,Chain linked volume,G1,"Growth rate, period on period",T0102,Table 0102 - GDP identity from the expenditure side,2014-Q4,,0.484237053,,,,,,F,Free (free for publication),1,One,A,Normal value,0,Units,_Z,Not applicable
DATAFLOW,OECD.SDD.NAD:DSD_NAMAIN1@DF_QNA_EXPENDITURE_GROWTH_G20(1.1),Quarterly real GDP growth - G20 countries,I,Q,Quarterly,Y,Calendar and seasonally adjusted,JPN,Japan,S1,Total economy,S1,Total economy,B1GQ,Gross domestic product,_Z,Not applicable,_Z,Not applicable,_Z,Not applicable,PC,Percentage change,L,Chain linked volume,G1,"Growth rate, period on period",T0102,Table 0102 - GDP identity from the expenditure side,2015-Q1,,1.482126185,,,,,,F,Free (free for publication),1,One,A,Normal value,0,Units,_Z,Not applicable
DATAFLOW,OECD.SDD.NAD:DSD_NAMAIN1@DF_QNA_EXPENDITURE_GROWTH_G20(1.1),Quarterly real GDP growth - G20 countries,I,Q,Quarterly,Y,Calendar and seasonally adjusted,JPN,Japan,S1,Total economy,S1,Total economy,B1GQ,Gross domestic product,_Z,Not applicable,_Z,Not applicable,_Z,Not applicable,PC,Percentage change,L,Chain linked volume,G1,"Growth rate, period on period",T0102,Table 0102 - GDP identity from the expenditure side,2015-Q2,,0.172700321,,,,,,F,Free (free for publication),1,One,A,Normal value,0,Units,_Z,Not applicable
DATAFLOW,OECD.SDD.NAD:DSD_NAMAIN1@DF_QNA_EXPENDITURE_GROWTH_G20(1.1),Quarterly real GDP growth - G20 countries,I,Q,Quarterly,Y,Calendar and seasonally adjusted,JPN,Japan,S1,Total economy,S1,Total economy,B1GQ,Gross domestic product,_Z,Not applicable,_Z,Not applicable,_Z,Not applicable,PC,Percentage change,L,Chain linked volume,G1,"Growth rate, period on period",T0102,Table 0102 - GDP identity from the expenditure side,2015-Q3,,0.117164638,,,,,,F,Free (free for publication),1,One,A,Normal value,0,Units,_Z,Not applicable
DATAFLOW,OECD.SDD.NAD:DSD_NAMAIN1@DF_QNA_EXPENDITURE_GROWTH_G20(1.1),Quarterly real GDP growth - G20 countries,I,Q,Quarterly,Y,Calendar and seasonally adjusted,JPN,Japan,S1,Total economy,S1,Total economy,B1GQ,Gross domestic product,_Z,Not applicable,_Z,Not applicable,_Z,Not applicable,PC,Percentage change,L,Chain linked volume,G1,"Growth rate, period on period",T0102,Table 0102 - GDP identity from the expenditure side,2015-Q4,,-0.164981713,,,,,,F,Free (free for publication),1,One,A,Normal value,0,Units,_Z,Not applicable
DATAFLOW,OECD.SDD.NAD:DSD_NAMAIN1@DF_QNA_EXPENDITURE_GROWTH_G20(1.1),Quarterly real GDP growth - G20 countries,I,Q,Quarterly,Y,Calendar and seasonally adjusted,JPN,Japan,S1,Total economy,S1,Total economy,B1GQ,Gross domestic product,_Z,Not applicable,_Z,Not applicable,_Z,Not applicable,PC,Percentage change,L,Chain linked volume,G1,"Growth rate, period on period",T0102,Table 0102 - GDP identity from the expenditure side,2016-Q1,,0.735205274,,,,,,F,Free (free for publication),1,One,A,Normal value,0,Units,_Z,Not applicable
DATAFLOW,OECD.SDD.NAD:DSD_NAMAIN1@DF_QNA_EXPENDITURE_GROWTH_G20(1.1),Quarterly real GDP growth - G20 countries,I,Q,Quarterly,Y,Calendar and seasonally adjusted,JPN,Japan,S1,Total economy,S1,Total economy,B1GQ,Gross domestic product,_Z,Not applicable,_Z,Not applicable,_Z,Not applicable,PC,Percentage change,L,Chain linked volume,G1,"Growth rate, period on period",T0102,Table 0102 - GDP identity from the expenditure side,2016-Q2,,-0.16676087,,,,,,F,Free (free for publication),1,One,A,Normal value,0,Units,_Z,Not applicable
DATAFLOW,OECD.SDD.NAD:DSD_NAMAIN1@DF_QNA_EXPENDITURE_GROWTH_G20(1.1),Quarterly real GDP growth - G20 countries,I,Q,Quarterly,Y,Calendar and seasonally adjusted,JPN,Japan,S1,Total economy,S1,Total economy,B1GQ,Gross domestic product,_Z,Not applicable,_Z,Not applicable,_Z,Not applicable,PC,Percentage change,L,Chain linked volume,G1,"Growth rate, period on period",T0102,Table 0102 - GDP identity from the expenditure side,2016-Q3,,0.224173305,,,,,,F,Free (free for publication),1,One,A,Normal value,0,Units,_Z,Not applicable
DATAFLOW,OECD.SDD.NAD:DSD_NAMAIN1@DF_QNA_EXPENDITURE_GROWTH_G20(1.1),Quarterly real GDP growth - G20 countries,I,Q,Quarterly,Y,Calendar and seasonally adjusted,JPN,Japan,S1,Total economy,S1,Total economy,B1GQ,Gross domestic product,_Z,Not applicable,_Z,Not applicable,_Z,Not applicable,PC,Percentage change,L,Chain linked volume,G1,"Growth rate, period on period",T0102,Table 0102 - GDP identity from the expenditure side,2016-Q4,,0.129190436,,,,,,F,Free (free for publication),1,One,A,Normal value,0,Units,_Z,Not applicable
DATAFLOW,OECD.SDD.NAD:DSD_NAMAIN1@DF_QNA_EXPENDITURE_GROWTH_G20(1.1),Quarterly real GDP growth - G20 countries,I,Q,Quarterly,Y,Calendar and seasonally adjusted,JPN,Japan,S1,Total economy,S1,Total economy,B1GQ,Gross domestic product,_Z,Not applicable,_Z,Not applicable,_Z,Not applicable,PC,Percentage change,L,Chain linked volume,G1,"Growth rate, period on period",T0102,Table 0102 - GDP identity from the expenditure side,2017-Q1,,0.768064292,,,,,,F,Free (free for publication),1,One,A,Normal value,0,Units,_Z,Not applicable
DATAFLOW,OECD.SDD.NAD:DSD_NAMAIN1@DF_QNA_EXPENDITURE_GROWTH_G20(1.1),Quarterly real GDP growth - G20 countries,I,Q,Quarterly,Y,Calendar and seasonally adjusted,JPN,Japan,S1,Total economy,S1,Total economy,B1GQ,Gross domestic product,_Z,Not applicable,_Z,Not applicable,_Z,Not applicable,PC,Percentage change,L,Chain linked volume,G1,"Growth rate, period on period",T0102,Table 0102 - GDP identity from the expenditure side,2017-Q2,,0.398743688,,,,,,F,Free (free for publication),1,One,A,Normal value,0,Units,_Z,Not applicable
DATAFLOW,OECD.SDD.NAD:DSD_NAMAIN1@DF_QNA_EXPENDITURE_GROWTH_G20(1.1),Quarterly real GDP growth - G20 countries,I,Q,Quarterly,Y,Calendar and seasonally adjusted,JPN,Japan,S1,Total economy,S1,Total economy,B1GQ,Gross domestic product,_Z,Not applicable,_Z,Not applicable,_Z,Not applicable,PC,Percentage change,L,Chain linked volume,G1,"Growth rate, period on period",T0102,Table 0102 - GDP identity from the expenditure side,2017-Q3,,0.881598792,,,,,,F,Free (free for publication),1,One,A,Normal value,0,Units,_Z,Not applicable
DATAFLOW,OECD.SDD.NAD:DSD_NAMAIN1@DF_QNA_EXPENDITURE_GROWTH_G20(1.1),Quarterly real GDP growth - G20 countries,I,Q,Quarterly,Y,Calendar and seasonally adjusted,JPN,Japan,S1,Total economy,S1,Total economy,B1GQ,Gross domestic product,_Z,Not applicable,_Z,Not applicable,_Z,Not applicable,PC,Percentage change,L,Chain linked volume,G1,"Growth rate, period on period",T0102,Table 0102 - GDP identity from the expenditure side,2017-Q4,,0.042554174,,,,,,F,Free (free for publication),1,One,A,Normal value,0,Units,_Z,Not applicable
DATAFLOW,OECD.SDD.NAD:DSD_NAMAIN1@DF_QNA_EXPENDITURE_GROWTH_G20(1.1),Quarterly real GDP growth - G20 countries,I,Q,Quarterly,Y,Calendar and seasonally adjusted,JPN,Japan,S1,Total economy,S1,Total economy,B1GQ,Gross domestic product,_Z,Not applicable,_Z,Not applicable,_Z,Not applicable,PC,Percentage change,L,Chain linked volume,G1,"Growth rate, period on period",T0102,Table 0102 - GDP identity from the expenditure side,2018-Q1,,0.079876902,,,,,,F,Free (free for publication),1,One,A,Normal value,0,Units,_Z,Not applicable
DATAFLOW,OECD.SDD.NAD:DSD_NAMAIN1@DF_QNA_EXPENDITURE_GROWTH_G20(1.1),Quarterly real GDP growth - G20 countries,I,Q,Quarterly,Y,Calendar and seasonally adjusted,JPN,Japan,S1,Total economy,S1,Total economy,B1GQ,Gross domestic product,_Z,Not applicable,_Z,Not applicable,_Z,Not applicable,PC,Percentage change,L,Chain linked volume,G1,"Growth rate, period on period",T0102,Table 0102 - GDP identity from the expenditure side,2018-Q2,,0.389224288,,,,,,F,Free (free for publication),1,One,A,Normal value,0,Units,_Z,Not applicable
DATAFLOW,OECD.SDD.NAD:DSD_NAMAIN1@DF_QNA_EXPENDITURE_GROWTH_G20(1.1),Quarterly real GDP growth - G20 countries,I,Q,Quarterly,Y,Calendar and seasonally adjusted,JPN,Japan,S1,Total economy,S1,Total economy,B1GQ,Gross domestic product,_Z,Not applicable,_Z,Not applicable,_Z,Not applicable,PC,Percentage change,L,Chain linked volume,G1,"Growth rate, period on period",T0102,Table 0102 - GDP identity from the expenditure side,2018-Q3,,-0.48847735,,,,,,F,Free (free for publication),1,One,A,Normal value,0,Units,_Z,Not applicable
DATAFLOW,OECD.SDD.NAD:DSD_NAMAIN1@DF_QNA_EXPENDITURE_GROWTH_G20(1.1),Quarterly real GDP growth - G20 countries,I,Q,Quarterly,Y,Calendar and seasonally adjusted,JPN,Japan,S1,Total economy,S1,Total economy,B1GQ,Gross domestic product,_Z,Not applicable,_Z,Not applicable,_Z,Not applicable,PC,Percentage change,L,Chain linked volume,G1,"Growth rate, period on period",T0102,Table 0102 - GDP identity from the expenditure side,2018-Q4,,-0.263787212,,,,,,F,Free (free for publication),1,One,A,Normal value,0,Units,_Z,Not applicable
DATAFLOW,OECD.SDD.NAD:DSD_NAMAIN1@DF_QNA_EXPENDITURE_GROWTH_G20(1.1),Quarterly real GDP growth - G20 countries,I,Q,Quarterly,Y,Calendar and seasonally adjusted,JPN,Japan,S1,Total economy,S1,Total economy,B1GQ,Gross domestic product,_Z,Not applicable,_Z,Not applicable,_Z,Not applicable,PC,Percentage change,L,Chain linked volume,G1,"Growth rate, period on period",T0102,Table 0102 - GDP identity from the expenditure side,2019-Q1,,0.252671713,,,,,,F,Free (free for publication),1,One,A,Normal value,0,Units,_Z,Not applicable
DATAFLOW,OECD.SDD.NAD:DSD_NAMAIN1@DF_QNA_EXPENDITURE_GROWTH_G20(1.1),Quarterly real GDP growth - G20 countries,I,Q,Quarterly,Y,Calendar and seasonally adjusted,JPN,Japan,S1,Total economy,S1,Total economy,B1GQ,Gross domestic product,_Z,Not applicable,_Z,Not applicable,_Z,Not applicable,PC,Percentage change,L,Chain linked volume,G1,"Growth rate, period on period",T0102,Table 0102 - GDP identity from the expenditure side,2019-Q2,,0.443221954,,,,,,F,Free (free for publication),1,One,A,Normal value,0,Units,_Z,Not applicable
DATAFLOW,OECD.SDD.NAD:DSD_NAMAIN1@DF_QNA_EXPENDITURE_GROWTH_G20(1.1),Quarterly real GDP growth - G20 countries,I,Q,Quarterly,Y,Calendar and seasonally adjusted,JPN,Japan,S1,Total economy,S1,Total economy,B1GQ,Gross domestic product,_Z,Not applicable,_Z,Not applicable,_Z,Not applicable,PC,Percentage change,L,Chain linked volume,G1,"Growth rate, period on period",T0102,Table 0102 - GDP identity from the expenditure side,2019-Q3,,0.194116152,,,,,,F,Free (free for publication),1,One,A,Normal value,0,Units,_Z,Not applicable
DATAFLOW,OECD.SDD.NAD:DSD_NAMAIN1@DF_QNA_EXPENDITURE_GROWTH_G20(1.1),Quarterly real GDP growth - G20 countries,I,Q,Quarterly,Y,Calendar and seasonally adjusted,JPN,Japan,S1,Total economy,S1,Total economy,B1GQ,Gross domestic product,_Z,Not applicable,_Z,Not applicable,_Z,Not applicable,PC,Percentage change,L,Chain linked volume,G1,"Growth rate, period on period",T0102,Table 0102 - GDP identity from the expenditure side,2019-Q4,,-2.90387767,,,,,,F,Free (free for publication),1,One,A,Normal value,0,Units,_Z,Not applicable
DATAFLOW,OECD.SDD.NAD:DSD_NAMAIN1@DF_QNA_EXPENDITURE_GROWTH_G20(1.1),Quarterly real GDP growth - G20 countries,I,Q,Quarterly,Y,Calendar and seasonally adjusted,JPN,Japan,S1,Total economy,S1,Total economy,B1GQ,Gross domestic product,_Z,Not applicable,_Z,Not applicable,_Z,Not applicable,PC,Percentage change,L,Chain linked volume,G1,"Growth rate, period on period",T0102,Table 0102 - GDP identity from the expenditure side,2020-Q1,,0.545122914,,,,,,F,Free (free for publication),1,One,A,Normal value,0,Units,_Z,Not applicable
DATAFLOW,OECD.SDD.NAD:DSD_NAMAIN1@DF_QNA_EXPENDITURE_GROWTH_G20(1.1),Quarterly real GDP growth - G20 countries,I,Q,Quarterly,Y,Calendar and seasonally adjusted,JPN,Japan,S1,Total economy,S1,Total economy,B1GQ,Gross domestic product,_Z,Not applicable,_Z,Not applicable,_Z,Not applicable,PC,Percentage change,L,Chain linked volume,G1,"Growth rate, period on period",T0102,Table 0102 - GDP identity from the expenditure side,2020-Q2,,-7.618114589,,,,,,F,Free (free for publication),1,One,A,Normal value,0,Units,_Z,Not applicable
DATAFLOW,OECD.SDD.NAD:DSD_NAMAIN1@DF_QNA_EXPENDITURE_GROWTH_G20(1.1),Quarterly real GDP growth - G20 countries,I,Q,Quarterly,Y,Calendar and seasonally adjusted,JPN,Japan,S1,Total economy,S1,Total economy,B1GQ,Gross domestic product,_Z,Not applicable,_Z,Not applicable,_Z,Not applicable,PC,Percentage change,L,Chain linked volume,G1,"Growth rate, period on period",T0102,Table 0102 - GDP identity from the expenditure side,2020-Q3,,5.433402587,,,,,,F,Free (free for publication),1,One,A,Normal value,0,Units,_Z,Not applicable
DATAFLOW,OECD.SDD.NAD:DSD_NAMAIN1@DF_QNA_EXPENDITURE_GROWTH_G20(1.1),Quarterly real GDP growth - G20 countries,I,Q,Quarterly,Y,Calendar and seasonally adjusted,JPN,Japan,S1,Total economy,S1,Total economy,B1GQ,Gross domestic product,_Z,Not applicable,_Z,Not applicable,_Z,Not applicable,PC,Percentage change,L,Chain linked volume,G1,"Growth rate, period on period",T0102,Table 0102 - GDP identity from the expenditure side,2020-Q4,,1.708194878,,,,,,F,Free (free for publication),1,One,A,Normal value,0,Units,_Z,Not applicable
DATAFLOW,OECD.SDD.NAD:DSD_NAMAIN1@DF_QNA_EXPENDITURE_GROWTH_G20(1.1),Quarterly real GDP growth - G20 countries,I,Q,Quarterly,Y,Calendar and seasonally adjusted,JPN,Japan,S1,Total economy,S1,Total economy,B1GQ,Gross domestic product,_Z,Not applicable,_Z,Not applicable,_Z,Not applicable,PC,Percentage change,L,Chain linked volume,G1,"Growth rate, period on period",T0102,Table 0102 - GDP identity from the expenditure side,2021-Q1,,0.264955791,,,,,,F,Free (free for publication),1,One,A,Normal value,0,Units,_Z,Not applicable
DATAFLOW,OECD.SDD.NAD:DSD_NAMAIN1@DF_QNA_EXPENDITURE_GROWTH_G20(1.1),Quarterly real GDP growth - G20 countries,I,Q,Quarterly,Y,Calendar and seasonally adjusted,JPN,Japan,S1,Total economy,S1,Total economy,B1GQ,Gross domestic product,_Z,Not applicable,_Z,Not applicable,_Z,Not applicable,PC,Percentage change,L,Chain linked volume,G1,"Growth rate, period on period",T0102,Table 0102 - GDP identity from the expenditure side,2021-Q2,,0.648684611,,,,,,F,Free (free for publication),1,One,A,Normal value,0,Units,_Z,Not applicable
DATAFLOW,OECD.SDD.NAD:DSD_NAMAIN1@DF_QNA_EXPENDITURE_GROWTH_G20(1.1),Quarterly real GDP growth - G20 countries,I,Q,Quarterly,Y,Calendar and seasonally adjusted,JPN,Japan,S1,Total economy,S1,Total economy,B1GQ,Gross domestic product,_Z,Not applicable,_Z,Not applicable,_Z,Not applicable,PC,Percentage change,L,Chain linked volume,G1,"Growth rate, period on period",T0102,Table 0102 - GDP identity from the expenditure side,2021-Q3,,-0.373794208,,,,,,F,Free (free for publication),1,One,A,Normal value,0,Units,_Z,Not applicable
DATAFLOW,OECD.SDD.NAD:DSD_NAMAIN1@DF_QNA_EXPENDITURE_GROWTH_G20(1.1),Quarterly real GDP growth - G20 countries,I,Q,Quarterly,Y,Calendar and seasonally adjusted,JPN,Japan,S1,Total economy,S1,Total economy,B1GQ,Gross domestic product,_Z,Not applicable,_Z,Not applicable,_Z,Not applicable,PC,Percentage change,L,Chain linked volume,G1,"Growth rate, period on period",T0102,Table 0102 - GDP identity from the expenditure side,2021-Q4,,1.135953748,,,,,,F,Free (free for publication),1,One,A,Normal value,0,Units,_Z,Not applicable
DATAFLOW,OECD.SDD.NAD:DSD_NAMAIN1@DF_QNA_EXPENDITURE_GROWTH_G20(1.1),Quarterly real GDP growth - G20 countries,I,Q,Quarterly,Y,Calendar and seasonally adjusted,JPN,Japan,S1,Total economy,S1,Total economy,B1GQ,Gross domestic product,_Z,Not applicable,_Z,Not applicable,_Z,Not applicable,PC,Percentage change,L,Chain linked volume,G1,"Growth rate, period on period",T0102,Table 0102 - GDP identity from the expenditure side,2022-Q1,,-0.463190209,,,,,,F,Free (free for publication),1,One,A,Normal value,0,Units,_Z,Not applicable
DATAFLOW,OECD.SDD.NAD:DSD_NAMAIN1@DF_QNA_EXPENDITURE_GROWTH_G20(1.1),Quarterly real GDP growth - G20 countries,I,Q,Quarterly,Y,Calendar and seasonally adjusted,JPN,Japan,S1,Total economy,S1,Total economy,B1GQ,Gross domestic product,_Z,Not applicable,_Z,Not applicable,_Z,Not applicable,PC,Percentage change,L,Chain linked volume,G1,"Growth rate, period on period",T0102,Table 0102 - GDP identity from the expenditure side,2022-Q2,,0.935948707,,,,,,F,Free (free for publication),1,One,A,Normal value,0,Units,_Z,Not applicable
DATAFLOW,OECD.SDD.NAD:DSD_NAMAIN1@DF_QNA_EXPENDITURE_GROWTH_G20(1.1),Quarterly real GDP growth - G20 countries,I,Q,Quarterly,Y,Calendar and seasonally adjusted,JPN,Japan,S1,Total economy,S1,Total economy,B1GQ,Gross domestic product,_Z,Not applicable,_Z,Not applicable,_Z,Not applicable,PC,Percentage change,L,Chain linked volume,G1,"Growth rate, period on period",T0102,Table 0102 - GDP identity from the expenditure side,2022-Q3,,-0.392519409,,,,,,F,Free (free for publication),1,One,A,Normal value,0,Units,_Z,Not applicable
DATAFLOW,OECD.SDD.NAD:DSD_NAMAIN1@DF_QNA_EXPENDITURE_GROWTH_G20(1.1),Quarterly real GDP growth - G20 countries,I,Q,Quarterly,Y,Calendar and seasonally adjusted,JPN,Japan,S1,Total economy,S1,Total economy,B1GQ,Gross domestic product,_Z,Not applicable,_Z,Not applicable,_Z,Not applicable,PC,Percentage change,L,Chain linked volume,G1,"Growth rate, period on period",T0102,Table 0102 - GDP identity from the expenditure side,2022-Q4,,0.275598542,,,,,,F,Free (free for publication),1,One,A,Normal value,0,Units,_Z,Not applicable
DATAFLOW,OECD.SDD.NAD:DSD_NAMAIN1@DF_QNA_EXPENDITURE_GROWTH_G20(1.1),Quarterly real GDP growth - G20 countries,I,Q,Quarterly,Y,Calendar and seasonally adjusted,JPN,Japan,S1,Total economy,S1,Total economy,B1GQ,Gross domestic product,_Z,Not applicable,_Z,Not applicable,_Z,Not applicable,PC,Percentage change,L,Chain linked volume,G1,"Growth rate, period on period",T0102,Table 0102 - GDP identity from the expenditure side,2023-Q1,,1.297182325,,,,,,F,Free (free for publication),1,One,A,Normal value,0,Units,_Z,Not applicable
DATAFLOW,OECD.SDD.NAD:DSD_NAMAIN1@DF_QNA_EXPENDITURE_GROWTH_G20(1.1),Quarterly real GDP growth - G20 countries,I,Q,Quarterly,Y,Calendar and seasonally adjusted,JPN,Japan,S1,Total economy,S1,Total economy,B1GQ,Gross domestic product,_Z,Not applicable,_Z,Not applicable,_Z,Not applicable,PC,Percentage change,L,Chain linked volume,G1,"Growth rate, period on period",T0102,Table 0102 - GDP identity from the expenditure side,2023-Q2,,0.23566194,,,,,,F,Free (free for publication),1,One,A,Normal value,0,Units,_Z,Not applicable
DATAFLOW,OECD.SDD.NAD:DSD_NAMAIN1@DF_QNA_EXPENDITURE_GROWTH_G20(1.1),Quarterly real GDP growth - G20 countries,I,Q,Quarterly,Y,Calendar and seasonally adjusted,JPN,Japan,S1,Total economy,S1,Total economy,B1GQ,Gross domestic product,_Z,Not applicable,_Z,Not applicable,_Z,Not applicable,PC,Percentage change,L,Chain linked volume,G1,"Growth rate, period on period",T0102,Table 0102 - GDP identity from the expenditure side,2023-Q3,,-0.934221869,,,,,,F,Free (free for publication),1,One,A,Normal value,0,Units,_Z,Not applicable
DATAFLOW,OECD.SDD.NAD:DSD_NAMAIN1@DF_QNA_EXPENDITURE_GROWTH_G20(1.1),Quarterly real GDP growth - G20 countries,I,Q,Quarterly,Y,Calendar and seasonally adjusted,JPN,Japan,S1,Total economy,S1,Total economy,B1GQ,Gross domestic product,_Z,Not applicable,_Z,Not applicable,_Z,Not applicable,PC,Percentage change,L,Chain linked volume,G1,"Growth rate, period on period",T0102,Table 0102 - GDP identity from the expenditure side,2023-Q4,,-0.007352054,,,,,,F,Free (free for publication),1,One,A,Normal value,0,Units,_Z,Not applicable
DATAFLOW,OECD.SDD.NAD:DSD_NAMAIN1@DF_QNA_EXPENDITURE_GROWTH_G20(1.1),Quarterly real GDP growth - G20 countries,I,Q,Quarterly,Y,Calendar and seasonally adjusted,JPN,Japan,S1,Total economy,S1,Total economy,B1GQ,Gross domestic product,_Z,Not applicable,_Z,Not applicable,_Z,Not applicable,PC,Percentage change,L,Chain linked volume,G1,"Growth rate, period on period",T0102,Table 0102 - GDP identity from the expenditure side,2024-Q1,,-0.464207046,,,,,,F,Free (free for publication),1,One,A,Normal value,0,Units,_Z,Not applicable
DATAFLOW,OECD.SDD.NAD:DSD_NAMAIN1@DF_QNA_EXPENDITURE_GROWTH_G20(1.1),Quarterly real GDP growth - G20 countries,I,Q,Quarterly,Y,Calendar and seasonally adjusted,JPN,Japan,S1,Total economy,S1,Total economy,B1GQ,Gross domestic product,_Z,Not applicable,_Z,Not applicable,_Z,Not applicable,PC,Percentage change,L,Chain linked volume,G1,"Growth rate, period on period",T0102,Table 0102 - GDP identity from the expenditure side,2024-Q2,,0.42644287,,,,,,F,Free (free for publication),1,One,A,Normal value,0,Units,_Z,Not applicable
DATAFLOW,OECD.SDD.NAD:DSD_NAMAIN1@DF_QNA_EXPENDITURE_GROWTH_G20(1.1),Quarterly real GDP growth - G20 countries,I,Q,Quarterly,Y,Calendar and seasonally adjusted,JPN,Japan,S1,Total economy,S1,Total economy,B1GQ,Gross domestic product,_Z,Not applicable,_Z,Not applicable,_Z,Not applicable,PC,Percentage change,L,Chain linked volume,G1,"Growth rate, period on period",T0102,Table 0102 - GDP identity from the expenditure side,2024-Q3,,0.445686549,,,,,,F,Free (free for publication),1,One,A,Normal value,0,Units,_Z,Not applicable
DATAFLOW,OECD.SDD.NAD:DSD_NAMAIN1@DF_QNA_EXPENDITURE_GROWTH_G20(1.1),Quarterly real GDP growth - G20 countries,I,Q,Quarterly,Y,Calendar and seasonally adjusted,JPN,Japan,S1,Total economy,S1,Total economy,B1GQ,Gross domestic product,_Z,Not applicable,_Z,Not applicable,_Z,Not applicable,PC,Percentage change,L,Chain linked volume,G1,"Growth rate, period on period",T0102,Table 0102 - GDP identity from the expenditure side,2024-Q4,,0.715519217,,,,,,F,Free (free for publication),1,One,A,Normal value,0,Units,_Z,Not applicable
DATAFLOW,OECD.SDD.NAD:DSD_NAMAIN1@DF_QNA_EXPENDITURE_GROWTH_G20(1.1),Quarterly real GDP growth - G20 countries,I,Q,Quarterly,Y,Calendar and seasonally adjusted,JPN,Japan,S1,Total economy,S1,Total economy,B1GQ,Gross domestic product,_Z,Not applicable,_Z,Not applicable,_Z,Not applicable,PC,Percentage change,L,Chain linked volume,G1,"Growth rate, period on period",T0102,Table 0102 - GDP identity from the expenditure side,2025-Q1,,0.236079526,,,,,,F,Free (free for publication),1,One,A,Normal value,0,Units,_Z,Not applicable
DATAFLOW,OECD.SDD.NAD:DSD_NAMAIN1@DF_QNA_EXPENDITURE_GROWTH_G20(1.1),Quarterly real GDP growth - G20 countries,I,Q,Quarterly,Y,Calendar and seasonally adjusted,JPN,Japan,S1,Total economy,S1,Total economy,B1GQ,Gross domestic product,_Z,Not applicable,_Z,Not applicable,_Z,Not applicable,PC,Percentage change,L,Chain linked volume,G1,"Growth rate, period on period",T0102,Table 0102 - GDP identity from the expenditure side,2025-Q2,,0.565220762,,,,,,F,Free (free for publication),1,One,A,Normal value,0,Units,_Z,Not applicable
DATAFLOW,OECD.SDD.NAD:DSD_NAMAIN1@DF_QNA_EXPENDITURE_GROWTH_G20(1.1),Quarterly real GDP growth - G20 countries,I,Q,Quarterly,Y,Calendar and seasonally adjusted,JPN,Japan,S1,Total economy,S1,Total economy,B1GQ,Gross domestic product,_Z,Not applicable,_Z,Not applicable,_Z,Not applicable,PC,Percentage change,L,Chain linked volume,G1,"Growth rate, period on period",T0102,Table 0102 - GDP identity from the expenditure side,2025-Q3,,-0.442454116,,,,,,F,Free (free for publication),1,One,A,Normal value,0,Units,_Z,Not applicable
DATAFLOW,OECD.SDD.NAD:DSD_NAMAIN1@DF_QNA_EXPENDITURE_GROWTH_G20(1.1),Quarterly real GDP growth - G20 countries,I,Q,Quarterly,Y,Calendar and seasonally adjusted,DEU,Germany,S1,Total economy,S1,Total economy,B1GQ,Gross domestic product,_Z,Not applicable,_Z,Not applicable,_Z,Not applicable,PC,Percentage change,L,Chain linked volume,G1,"Growth rate, period on period",T0102,Table 0102 - GDP identity from the expenditure side,2010-Q1,,0.727375281,,,,,,F,Free (free for publication),1,One,A,Normal value,0,Units,_Z,Not applicable
DATAFLOW,OECD.SDD.NAD:DSD_NAMAIN1@DF_QNA_EXPENDITURE_GROWTH_G20(1.1),Quarterly real GDP growth - G20 countries,I,Q,Quarterly,Y,Calendar and seasonally adjusted,DEU,Germany,S1,Total economy,S1,Total economy,B1GQ,Gross domestic product,_Z,Not applicable,_Z,Not applicable,_Z,Not applicable,PC,Percentage change,L,Chain linked volume,G1,"Growth rate, period on period",T0102,Table 0102 - GDP identity from the expenditure side,2010-Q2,,2.166683151,,,,,,F,Free (free for publication),1,One,A,Normal value,0,Units,_Z,Not applicable
DATAFLOW,OECD.SDD.NAD:DSD_NAMAIN1@DF_QNA_EXPENDITURE_GROWTH_G20(1.1),Quarterly real GDP growth - G20 countries,I,Q,Quarterly,Y,Calendar and seasonally adjusted,DEU,Germany,S1,Total economy,S1,Total economy,B1GQ,Gross domestic product,_Z,Not applicable,_Z,Not applicable,_Z,Not applicable,PC,Percentage change,L,Chain linked volume,G1,"Growth rate, period on period",T0102,Table 0102 - GDP identity from the expenditure side,2010-Q3,,0.96498893,,,,,,F,Free (free for publication),1,One,A,Normal value,0,Units,_Z,Not applicable
DATAFLOW,OECD.SDD.NAD:DSD_NAMAIN1@DF_QNA_EXPENDITURE_GROWTH_G20(1.1),Quarterly real GDP growth - G20 countries,I,Q,Quarterly,Y,Calendar and seasonally adjusted,DEU,Germany,S1,Total economy,S1,Total economy,B1GQ,Gross domestic product,_Z,Not applicable,_Z,Not applicable,_Z,Not applicable,PC,Percentage change,L,Chain linked volume,G1,"Growth rate, period on period",T0102,Table 0102 - GDP identity from the expenditure side,2010-Q4,,0.655701956,,,,,,F,Free (free for publication),1,One,A,Normal value,0,Units,_Z,Not applicable
DATAFLOW,OECD.SDD.NAD:DSD_NAMAIN1@DF_QNA_EXPENDITURE_GROWTH_G20(1.1),Quarterly real GDP growth - G20 countries,I,Q,Quarterly,Y,Calendar and seasonally adjusted,DEU,Germany,S1,Total economy,S1,Total economy,B1GQ,Gross domestic product,_Z,Not applicable,_Z,Not applicable,_Z,Not applicable,PC,Percentage change,L,Chain linked volume,G1,"Growth rate, period on period",T0102,Table 0102 - GDP identity from the expenditure side,2011-Q1,,1.807904098,,,,,,F,Free (free for publication),1,One,A,Normal value,0,Units,_Z,Not applicable
DATAFLOW,OECD.SDD.NAD:DSD_NAMAIN1@DF_QNA_EXPENDITURE_GROWTH_G20(1.1),Quarterly real GDP growth - G20 countries,I,Q,Quarterly,Y,Calendar and seasonally adjusted,DEU,Germany,S1,Total economy,S1,Total economy,B1GQ,Gross domestic product,_Z,Not applicable,_Z,Not applicable,_Z,Not applicable,PC,Percentage change,L,Chain linked volume,G1,"Growth rate, period on period",T0102,Table 0102 - GDP identity from the expenditure side,2011-Q2,,0.271119001,,,,,,F,Free (free for publication),1,One,A,Normal value,0,Units,_Z,Not applicable
DATAFLOW,OECD.SDD.NAD:DSD_NAMAIN1@DF_QNA_EXPENDITURE_GROWTH_G20(1.1),Quarterly real GDP growth - G20 countries,I,Q,Quarterly,Y,Calendar and seasonally adjusted,DEU,Germany,S1,Total economy,S1,Total economy,B1GQ,Gross domestic product,_Z,Not applicable,_Z,Not applicable,_Z,Not applicable,PC,Percentage change,L,Chain linked volume,G1,"Growth rate, period on period",T0102,Table 0102 - GDP identity from the expenditure side,2011-Q3,,0.540774374,,,,,,F,Free (free for publication),1,One,A,Normal value,0,Units,_Z,Not applicable
DATAFLOW,OECD.SDD.NAD:DSD_NAMAIN1@DF_QNA_EXPENDITURE_GROWTH_G20(1.1),Quarterly real GDP growth - G20 countries,I,Q,Quarterly,Y,Calendar and seasonally adjusted,DEU,Germany,S1,Total economy,S1,Total economy,B1GQ,Gross domestic product,_Z,Not applicable,_Z,Not applicable,_Z,Not applicable,PC,Percentage change,L,Chain linked volume,G1,"Growth rate, period on period",T0102,Table 0102 - GDP identity from the expenditure side,2011-Q4,,-0.010757564,,,,,,F,Free (free for publication),1,One,A,Normal value,0,Units,_Z,Not applicable
DATAFLOW,OECD.SDD.NAD:DSD_NAMAIN1@DF_QNA_EXPENDITURE_GROWTH_G20(1.1),Quarterly real GDP growth - G20 countries,I,Q,Quarterly,Y,Calendar and seasonally adjusted,DEU,Germany,S1,Total economy,S1,Total economy,B1GQ,Gross domestic product,_Z,Not applicable,_Z,Not applicable,_Z,Not applicable,PC,Percentage change,L,Chain linked volume,G1,"Growth rate, period on period",T0102,Table 0102 - GDP identity from the expenditure side,2012-Q1,,0.212478201,,,,,,F,Free (free for publication),1,One,A,Normal value,0,Units,_Z,Not applicable
DATAFLOW,OECD.SDD.NAD:DSD_NAMAIN1@DF_QNA_EXPENDITURE_GROWTH_G20(1.1),Quarterly real GDP growth - G20 countries,I,Q,Quarterly,Y,Calendar and seasonally adjusted,DEU,Germany,S1,Total economy,S1,Total economy,B1GQ,Gross domestic product,_Z,Not applicable,_Z,Not applicable,_Z,Not applicable,PC,Percentage change,L,Chain linked volume,G1,"Growth rate, period on period",T0102,Table 0102 - GDP identity from the expenditure side,2012-Q2,,0.1073591,,,,,,F,Free (free for publication),1,One,A,Normal value,0,Units,_Z,Not applicable
DATAFLOW,OECD.SDD.NAD:DSD_NAMAIN1@DF_QNA_EXPENDITURE_GROWTH_G20(1.1),Quarterly real GDP growth - G20 countries,I,Q,Quarterly,Y,Calendar and seasonally adjusted,DEU,Germany,S1,Total economy,S1,Total economy,B1GQ,Gross domestic product,_Z,Not applicable,_Z,Not applicable,_Z,Not applicable,PC,Percentage change,L,Chain linked volume,G1,"Growth rate, period on period",T0102,Table 0102 - GDP identity from the expenditure side,2012-Q3,,0.203749857,,,,,,F,Free (free for publication),1,One,A,Normal value,0,Units,_Z,Not applicable
DATAFLOW,OECD.SDD.NAD:DSD_NAMAIN1@DF_QNA_EXPENDITURE_GROWTH_G20(1.1),Quarterly real GDP growth - G20 countries,I,Q,Quarterly,Y,Calendar and seasonally adjusted,DEU,Germany,S1,Total economy,S1,Total economy,B1GQ,Gross domestic product,_Z,Not applicable,_Z,Not applicable,_Z,Not applicable,PC,Percentage change,L,Chain linked volume,G1,"Growth rate, period on period",T0102,Table 0102 - GDP identity from the expenditure side,2012-Q4,,-0.299656388,,,,,,F,Free (free for publication),1,One,A,Normal value,0,Units,_Z,Not applicable
DATAFLOW,OECD.SDD.NAD:DSD_NAMAIN1@DF_QNA_EXPENDITURE_GROWTH_G20(1.1),Quarterly real GDP growth - G20 countries,I,Q,Quarterly,Y,Calendar and seasonally adjusted,DEU,Germany,S1,Total economy,S1,Total economy,B1GQ,Gross domestic product,_Z,Not applicable,_Z,Not applicable,_Z,Not applicable,PC,Percentage change,L,Chain linked volume,G1,"Growth rate, period on period",T0102,Table 0102 - GDP identity from the expenditure side,2013-Q1,,-0.552864262,,,,,,F,Free (free for publication),1,One,A,Normal value,0,Units,_Z,Not applicable
DATAFLOW,OECD.SDD.NAD:DSD_NAMAIN1@DF_QNA_EXPENDITURE_GROWTH_G20(1.1),Quarterly real GDP growth - G20 countries,I,Q,Quarterly,Y,Calendar and seasonally adjusted,DEU,Germany,S1,Total economy,S1,Total economy,B1GQ,Gross domestic product,_Z,Not applicable,_Z,Not applicable,_Z,Not applicable,PC,Percentage change,L,Chain linked volume,G1,"Growth rate, period on period",T0102,Table 0102 - GDP identity from the expenditure side,2013-Q2,,1.165809078,,,,,,F,Free (free for publication),1,One,A,Normal value,0,Units,_Z,Not applicable
DATAFLOW,OECD.SDD.NAD:DSD_NAMAIN1@DF_QNA_EXPENDITURE_GROWTH_G20(1.1),Quarterly real GDP growth - G20 countries,I,Q,Quarterly,Y,Calendar and seasonally adjusted,DEU,Germany,S1,Total economy,S1,Total economy,B1GQ,Gross domestic product,_Z,Not applicable,_Z,Not applicable,_Z,Not applicable,PC,Percentage change,L,Chain linked volume,G1,"Growth rate, period on period",T0102,Table 0102 - GDP identity from the expenditure side,2013-Q3,,0.512162087,,,,,,F,Free (free for publication),1,One,A,Normal value,0,Units,_Z,Not applicable
DATAFLOW,OECD.SDD.NAD:DSD_NAMAIN1@DF_QNA_EXPENDITURE_GROWTH_G20(1.1),Quarterly real GDP growth - G20 countries,I,Q,Quarterly,Y,Calendar and seasonally adjusted,DEU,Germany,S1,Total economy,S1,Total economy,B1GQ,Gross domestic product,_Z,Not applicable,_Z,Not applicable,_Z,Not applicable,PC,Percentage change,L,Chain linked volume,G1,"Growth rate, period on period",T0102,Table 0102 - GDP identity from the expenditure side,2013-Q4,,0.148614514,,,,,,F,Free (free for publication),1,One,A,Normal value,0,Units,_Z,Not applicable
DATAFLOW,OECD.SDD.NAD:DSD_NAMAIN1@DF_QNA_EXPENDITURE_GROWTH_G20(1.1),Quarterly real GDP growth - G20 countries,I,Q,Quarterly,Y,Calendar and seasonally adjusted,DEU,Germany,S1,Total economy,S1,Total economy,B1GQ,Gross domestic product,_Z,Not applicable,_Z,Not applicable,_Z,Not applicable,PC,Percentage change,L,Chain linked volume,G1,"Growth rate, period on period",T0102,Table 0102 - GDP identity from the expenditure side,2014-Q1,,1.044065802,,,,,,F,Free (free for publication),1,One,A,Normal value,0,Units,_Z,Not applicable
DATAFLOW,OECD.SDD.NAD:DSD_NAMAIN1@DF_QNA_EXPENDITURE_GROWTH_G20(1.1),Quarterly real GDP growth - G20 countries,I,Q,Quarterly,Y,Calendar and seasonally adjusted,DEU,Germany,S1,Total economy,S1,Total economy,B1GQ,Gross domestic product,_Z,Not applicable,_Z,Not applicable,_Z,Not applicable,PC,Percentage change,L,Chain linked volume,G1,"Growth rate, period on period",T0102,Table 0102 - GDP identity from the expenditure side,2014-Q2,,-0.020983221,,,,,,F,Free (free for publication),1,One,A,Normal value,0,Units,_Z,Not applicable
DATAFLOW,OECD.SDD.NAD:DSD_NAMAIN1@DF_QNA_EXPENDITURE_GROWTH_G20(1.1),Quarterly real GDP growth - G20 countries,I,Q,Quarterly,Y,Calendar and seasonally adjusted,DEU,Germany,S1,Total economy,S1,Total economy,B1GQ,Gross domestic product,_Z,Not applicable,_Z,Not applicable,_Z,Not applicable,PC,Percentage change,L,Chain linked volume,G1,"Growth rate, period on period",T0102,Table 0102 - GDP identity from the expenditure side,2014-Q3,,0.556083267,,,,,,F,Free (free for publication),1,One,A,Normal value,0,Units,_Z,Not applicable
DATAFLOW,OECD.SDD.NAD:DSD_NAMAIN1@DF_QNA_EXPENDITURE_GROWTH_G20(1.1),Quarterly real GDP growth - G20 countries,I,Q,Quarterly,Y,Calendar and seasonally adjusted,DEU,Germany,S1,Total economy,S1,Total economy,B1GQ,Gross domestic product,_Z,Not applicable,_Z,Not applicable,_Z,Not applicable,PC,Percentage change,L,Chain linked volume,G1,"Growth rate, period on period",T0102,Table 0102 - GDP identity from the expenditure side,2014-Q4,,0.76168499,,,,,,F,Free (free for publication),1,One,A,Normal value,0,Units,_Z,Not applicable
DATAFLOW,OECD.SDD.NAD:DSD_NAMAIN1@DF_QNA_EXPENDITURE_GROWTH_G20(1.1),Quarterly real GDP growth - G20 countries,I,Q,Quarterly,Y,Calendar and seasonally adjusted,DEU,Germany,S1,Total economy,S1,Total economy,B1GQ,Gross domestic product,_Z,Not applicable,_Z,Not applicable,_Z,Not applicable,PC,Percentage change,L,Chain linked volume,G1,"Growth rate, period on period",T0102,Table 0102 - GDP identity from the expenditure side,2015-Q1,,-0.217414344,,,,,,F,Free (free for publication),1,One,A,Normal value,0,Units,_Z,Not applicable
DATAFLOW,OECD.SDD.NAD:DSD_NAMAIN1@DF_QNA_EXPENDITURE_GROWTH_G20(1.1),Quarterly real GDP growth - G20 countries,I,Q,Quarterly,Y,Calendar and seasonally adjusted,DEU,Germany,S1,Total economy,S1,Total economy,B1GQ,Gross domestic product,_Z,Not applicable,_Z,Not applicable,_Z,Not applicable,PC,Percentage change,L,Chain linked volume,G1,"Growth rate, period on period",T0102,Table 0102 - GDP identity from the expenditure side,2015-Q2,,0.518879177,,,,,,F,Free (free for publication),1,One,A,Normal value,0,Units,_Z,Not applicable
DATAFLOW,OECD.SDD.NAD:DSD_NAMAIN1@DF_QNA_EXPENDITURE_GROWTH_G20(1.1),Quarterly real GDP growth - G20 countries,I,Q,Quarterly,Y,Calendar and seasonally adjusted,DEU,Germany,S1,Total economy,S1,Total economy,B1GQ,Gross domestic product,_Z,Not applicable,_Z,Not applicable,_Z,Not applicable,PC,Percentage change,L,Chain linked volume,G1,"Growth rate, period on period",T0102,Table 0102 - GDP identity from the expenditure side,2015-Q3,,0.536865646,,,,,,F,Free (free for publication),1,One,A,Normal value,0,Units,_Z,Not applicable
DATAFLOW,OECD.SDD.NAD:DSD_NAMAIN1@DF_QNA_EXPENDITURE_GROWTH_G20(1.1),Quarterly real GDP growth - G20 countries,I,Q,Quarterly,Y,Calendar and seasonally adjusted,DEU,Germany,S1,Total economy,S1,Total economy,B1GQ,Gross domestic product,_Z,Not applicable,_Z,Not applicable,_Z,Not applicable,PC,Percentage change,L,Chain linked volume,G1,"Growth rate, period on period",T0102,Table 0102 - GDP identity from the expenditure side,2015-Q4,,0.513444213,,,,,,F,Free (free for publication),1,One,A,Normal value,0,Units,_Z,Not applicable
DATAFLOW,OECD.SDD.NAD:DSD_NAMAIN1@DF_QNA_EXPENDITURE_GROWTH_G20(1.1),Quarterly real GDP growth - G20 countries,I,Q,Quarterly,Y,Calendar and seasonally adjusted,DEU,Germany,S1,Total economy,S1,Total economy,B1GQ,Gross domestic product,_Z,Not applicable,_Z,Not applicable,_Z,Not applicable,PC,Percentage change,L,Chain linked volume,G1,"Growth rate, period on period",T0102,Table 0102 - GDP identity from the expenditure side,2016-Q1,,0.878685293,,,,,,F,Free (free for publication),1,One,A,Normal value,0,Units,_Z,Not applicable
DATAFLOW,OECD.SDD.NAD:DSD_NAMAIN1@DF_QNA_EXPENDITURE_GROWTH_G20(1.1),Quarterly real GDP growth - G20 countries,I,Q,Quarterly,Y,Calendar and seasonally adjusted,DEU,Germany,S1,Total economy,S1,Total economy,B1GQ,Gross domestic product,_Z,Not applicable,_Z,Not applicable,_Z,Not applicable,PC,Percentage change,L,Chain linked volume,G1,"Growth rate, period on period",T0102,Table 0102 - GDP identity from the expenditure side,2016-Q2,,0.222802888,,,,,,F,Free (free for publication),1,One,A,Normal value,0,Units,_Z,Not applicable
DATAFLOW,OECD.SDD.NAD:DSD_NAMAIN1@DF_QNA_EXPENDITURE_GROWTH_G20(1.1),Quarterly real GDP growth - G20 countries,I,Q,Quarterly,Y,Calendar and seasonally adjusted,DEU,Germany,S1,Total economy,S1,Total economy,B1GQ,Gross domestic product,_Z,Not applicable,_Z,Not applicable,_Z,Not applicable,PC,Percentage change,L,Chain linked volume,G1,"Growth rate, period on period",T0102,Table 0102 - GDP identity from the expenditure side,2016-Q3,,0.35368132,,,,,,F,Free (free for publication),1,One,A,Normal value,0,Units,_Z,Not applicable
DATAFLOW,OECD.SDD.NAD:DSD_NAMAIN1@DF_QNA_EXPENDITURE_GROWTH_G20(1.1),Quarterly real GDP growth - G20 countries,I,Q,Quarterly,Y,Calendar and seasonally adjusted,DEU,Germany,S1,Total economy,S1,Total economy,B1GQ,Gross domestic product,_Z,Not applicable,_Z,Not applicable,_Z,Not applicable,PC,Percentage change,L,Chain linked volume,G1,"Growth rate, period on period",T0102,Table 0102 - GDP identity from the expenditure side,2016-Q4,,0.463197453,,,,,,F,Free (free for publication),1,One,A,Normal value,0,Units,_Z,Not applicable
DATAFLOW,OECD.SDD.NAD:DSD_NAMAIN1@DF_QNA_EXPENDITURE_GROWTH_G20(1.1),Quarterly real GDP growth - G20 countries,I,Q,Quarterly,Y,Calendar and seasonally adjusted,DEU,Germany,S1,Total economy,S1,Total economy,B1GQ,Gross domestic product,_Z,Not applicable,_Z,Not applicable,_Z,Not applicable,PC,Percentage change,L,Chain linked volume,G1,"Growth rate, period on period",T0102,Table 0102 - GDP identity from the expenditure side,2017-Q1,,1.297998769,,,,,,F,Free (free for publication),1,One,A,Normal value,0,Units,_Z,Not applicable
DATAFLOW,OECD.SDD.NAD:DSD_NAMAIN1@DF_QNA_EXPENDITURE_GROWTH_G20(1.1),Quarterly real GDP growth - G20 countries,I,Q,Quarterly,Y,Calendar and seasonally adjusted,DEU,Germany,S1,Total economy,S1,Total economy,B1GQ,Gross domestic product,_Z,Not applicable,_Z,Not applicable,_Z,Not applicable,PC,Percentage change,L,Chain linked volume,G1,"Growth rate, period on period",T0102,Table 0102 - GDP identity from the expenditure side,2017-Q2,,0.712455197,,,,,,F,Free (free for publication),1,One,A,Normal value,0,Units,_Z,Not applicable
DATAFLOW,OECD.SDD.NAD:DSD_NAMAIN1@DF_QNA_EXPENDITURE_GROWTH_G20(1.1),Quarterly real GDP growth - G20 countries,I,Q,Quarterly,Y,Calendar and seasonally adjusted,DEU,Germany,S1,Total economy,S1,Total economy,B1GQ,Gross domestic product,_Z,Not applicable,_Z,Not applicable,_Z,Not applicable,PC,Percentage change,L,Chain linked volume,G1,"Growth rate, period on period",T0102,Table 0102 - GDP identity from the expenditure side,2017-Q3,,0.795825138,,,,,,F,Free (free for publication),1,One,A,Normal value,0,Units,_Z,Not applicable
DATAFLOW,OECD.SDD.NAD:DSD_NAMAIN1@DF_QNA_EXPENDITURE_GROWTH_G20(1.1),Quarterly real GDP growth - G20 countries,I,Q,Quarterly,Y,Calendar and seasonally adjusted,DEU,Germany,S1,Total economy,S1,Total economy,B1GQ,Gross domestic product,_Z,Not applicable,_Z,Not applicable,_Z,Not applicable,PC,Percentage change,L,Chain linked volume,G1,"Growth rate, period on period",T0102,Table 0102 - GDP identity from the expenditure side,2017-Q4,,1.013747312,,,,,,F,Free (free for publication),1,One,A,Normal value,0,Units,_Z,Not applicable
DATAFLOW,OECD.SDD.NAD:DSD_NAMAIN1@DF_QNA_EXPENDITURE_GROWTH_G20(1.1),Quarterly real GDP growth - G20 countries,I,Q,Quarterly,Y,Calendar and seasonally adjusted,DEU,Germany,S1,Total economy,S1,Total economy,B1GQ,Gross domestic product,_Z,Not applicable,_Z,Not applicable,_Z,Not applicable,PC,Percentage change,L,Chain linked volume,G1,"Growth rate, period on period",T0102,Table 0102 - GDP identity from the expenditure side,2018-Q1,,-0.552463687,,,,,,F,Free (free for publication),1,One,A,Normal value,0,Units,_Z,Not applicable
DATAFLOW,OECD.SDD.NAD:DSD_NAMAIN1@DF_QNA_EXPENDITURE_GROWTH_G20(1.1),Quarterly real GDP growth - G20 countries,I,Q,Quarterly,Y,Calendar and seasonally adjusted,DEU,Germany,S1,Total economy,S1,Total economy,B1GQ,Gross domestic product,_Z,Not applicable,_Z,Not applicable,_Z,Not applicable,PC,Percentage change,L,Chain linked volume,G1,"Growth rate, period on period",T0102,Table 0102 - GDP identity from the expenditure side,2018-Q2,,0.78595128,,,,,,F,Free (free for publication),1,One,A,Normal value,0,Units,_Z,Not applicable
DATAFLOW,OECD.SDD.NAD:DSD_NAMAIN1@DF_QNA_EXPENDITURE_GROWTH_G20(1.1),Quarterly real GDP growth - G20 countries,I,Q,Quarterly,Y,Calendar and seasonally adjusted,DEU,Germany,S1,Total economy,S1,Total economy,B1GQ,Gross domestic product,_Z,Not applicable,_Z,Not applicable,_Z,Not applicable,PC,Percentage change,L,Chain linked volume,G1,"Growth rate, period on period",T0102,Table 0102 - GDP identity from the expenditure side,2018-Q3,,-0.654674072,,,,,,F,Free (free for publication),1,One,A,Normal value,0,Units,_Z,Not applicable
DATAFLOW,OECD.SDD.NAD:DSD_NAMAIN1@DF_QNA_EXPENDITURE_GROWTH_G20(1.1),Quarterly real GDP growth - G20 countries,I,Q,Quarterly,Y,Calendar and seasonally adjusted,DEU,Germany,S1,Total economy,S1,Total economy,B1GQ,Gross domestic product,_Z,Not applicable,_Z,Not applicable,_Z,Not applicable,PC,Percentage change,L,Chain linked volume,G1,"Growth rate, period on period",T0102,Table 0102 - GDP identity from the expenditure side,2018-Q4,,0.445787754,,,,,,F,Free (free for publication),1,One,A,Normal value,0,Units,_Z,Not applicable
DATAFLOW,OECD.SDD.NAD:DSD_NAMAIN1@DF_QNA_EXPENDITURE_GROWTH_G20(1.1),Quarterly real GDP growth - G20 countries,I,Q,Quarterly,Y,Calendar and seasonally adjusted,DEU,Germany,S1,Total economy,S1,Total economy,B1GQ,Gross domestic product,_Z,Not applicable,_Z,Not applicable,_Z,Not applicable,PC,Percentage change,L,Chain linked volume,G1,"Growth rate, period on period",T0102,Table 0102 - GDP identity from the expenditure side,2019-Q1,,0.656051344,,,,,,F,Free (free for publication),1,One,A,Normal value,0,Units,_Z,Not applicable
DATAFLOW,OECD.SDD.NAD:DSD_NAMAIN1@DF_QNA_EXPENDITURE_GROWTH_G20(1.1),Quarterly real GDP growth - G20 countries,I,Q,Quarterly,Y,Calendar and seasonally adjusted,DEU,Germany,S1,Total economy,S1,Total economy,B1GQ,Gross domestic product,_Z,Not applicable,_Z,Not applicable,_Z,Not applicable,PC,Percentage change,L,Chain linked volume,G1,"Growth rate, period on period",T0102,Table 0102 - GDP identity from the expenditure side,2019-Q2,,0.057511159,,,,,,F,Free (free for publication),1,One,A,Normal value,0,Units,_Z,Not applicable
DATAFLOW,OECD.SDD.NAD:DSD_NAMAIN1@DF_QNA_EXPENDITURE_GROWTH_G20(1.1),Quarterly real GDP growth - G20 countries,I,Q,Quarterly,Y,Calendar and seasonally adjusted,DEU,Germany,S1,Total economy,S1,Total economy,B1GQ,Gross domestic product,_Z,Not applicable,_Z,Not applicable,_Z,Not applicable,PC,Percentage change,L,Chain linked volume,G1,"Growth rate, period on period",T0102,Table 0102 - GDP identity from the expenditure side,2019-Q3,,0.383184023,,,,,,F,Free (free for publication),1,One,A,Normal value,0,Units,_Z,Not applicable
DATAFLOW,OECD.SDD.NAD:DSD_NAMAIN1@DF_QNA_EXPENDITURE_GROWTH_G20(1.1),Quarterly real GDP growth - G20 countries,I,Q,Quarterly,Y,Calendar and seasonally adjusted,DEU,Germany,S1,Total economy,S1,Total economy,B1GQ,Gross domestic product,_Z,Not applicable,_Z,Not applicable,_Z,Not applicable,PC,Percentage change,L,Chain linked volume,G1,"Growth rate, period on period",T0102,Table 0102 - GDP identity from the expenditure side,2019-Q4,,-0.334001322,,,,,,F,Free (free for publication),1,One,A,Normal value,0,Units,_Z,Not applicable
DATAFLOW,OECD.SDD.NAD:DSD_NAMAIN1@DF_QNA_EXPENDITURE_GROWTH_G20(1.1),Quarterly real GDP growth - G20 countries,I,Q,Quarterly,Y,Calendar and seasonally adjusted,DEU,Germany,S1,Total economy,S1,Total economy,B1GQ,Gross domestic product,_Z,Not applicable,_Z,Not applicable,_Z,Not applicable,PC,Percentage change,L,Chain linked volume,G1,"Growth rate, period on period",T0102,Table 0102 - GDP identity from the expenditure side,2020-Q1,,-2.029880629,,,,,,F,Free (free for publication),1,One,A,Normal value,0,Units,_Z,Not applicable
DATAFLOW,OECD.SDD.NAD:DSD_NAMAIN1@DF_QNA_EXPENDITURE_GROWTH_G20(1.1),Quarterly real GDP growth - G20 countries,I,Q,Quarterly,Y,Calendar and seasonally adjusted,DEU,Germany,S1,Total economy,S1,Total economy,B1GQ,Gross domestic product,_Z,Not applicable,_Z,Not applicable,_Z,Not applicable,PC,Percentage change,L,Chain linked volume,G1,"Growth rate, period on period",T0102,Table 0102 - GDP identity from the expenditure side,2020-Q2,,-8.874121348,,,,,,F,Free (free for publication),1,One,A,Normal value,0,Units,_Z,Not applicable
DATAFLOW,OECD.SDD.NAD:DSD_NAMAIN1@DF_QNA_EXPENDITURE_GROWTH_G20(1.1),Quarterly real GDP growth - G20 countries,I,Q,Quarterly,Y,Calendar and seasonally adjusted,DEU,Germany,S1,Total economy,S1,Total economy,B1GQ,Gross domestic product,_Z,Not applicable,_Z,Not applicable,_Z,Not applicable,PC,Percentage change,L,Chain linked volume,G1,"Growth rate, period on period",T0102,Table 0102 - GDP identity from the expenditure side,2020-Q3,,8.676539989,,,,,,F,Free (free for publication),1,One,A,Normal value,0,Units,_Z,Not applicable
DATAFLOW,OECD.SDD.NAD:DSD_NAMAIN1@DF_QNA_EXPENDITURE_GROWTH_G20(1.1),Quarterly real GDP growth - G20 countries,I,Q,Quarterly,Y,Calendar and seasonally adjusted,DEU,Germany,S1,Total economy,S1,Total economy,B1GQ,Gross domestic product,_Z,Not applicable,_Z,Not applicable,_Z,Not applicable,PC,Percentage change,L,Chain linked volume,G1,"Growth rate, period on period",T0102,Table 0102 - GDP identity from the expenditure side,2020-Q4,,0.967136602,,,,,,F,Free (free for publication),1,One,A,Normal value,0,Units,_Z,Not applicable
DATAFLOW,OECD.SDD.NAD:DSD_NAMAIN1@DF_QNA_EXPENDITURE_GROWTH_G20(1.1),Quarterly real GDP growth - G20 countries,I,Q,Quarterly,Y,Calendar and seasonally adjusted,DEU,Germany,S1,Total economy,S1,Total economy,B1GQ,Gross domestic product,_Z,Not applicable,_Z,Not applicable,_Z,Not applicable,PC,Percentage change,L,Chain linked volume,G1,"Growth rate, period on period",T0102,Table 0102 - GDP identity from the expenditure side,2021-Q1,,-0.61577059,,,,,,F,Free (free for publication),1,One,A,Normal value,0,Units,_Z,Not applicable
DATAFLOW,OECD.SDD.NAD:DSD_NAMAIN1@DF_QNA_EXPENDITURE_GROWTH_G20(1.1),Quarterly real GDP growth - G20 countries,I,Q,Quarterly,Y,Calendar and seasonally adjusted,DEU,Germany,S1,Total economy,S1,Total economy,B1GQ,Gross domestic product,_Z,Not applicable,_Z,Not applicable,_Z,Not applicable,PC,Percentage change,L,Chain linked volume,G1,"Growth rate, period on period",T0102,Table 0102 - GDP identity from the expenditure side,2021-Q2,,2.35050875,,,,,,F,Free (free for publication),1,One,A,Normal value,0,Units,_Z,Not applicable
DATAFLOW,OECD.SDD.NAD:DSD_NAMAIN1@DF_QNA_EXPENDITURE_GROWTH_G20(1.1),Quarterly real GDP growth - G20 countries,I,Q,Quarterly,Y,Calendar and seasonally adjusted,DEU,Germany,S1,Total economy,S1,Total economy,B1GQ,Gross domestic product,_Z,Not applicable,_Z,Not applicable,_Z,Not applicable,PC,Percentage change,L,Chain linked volume,G1,"Growth rate, period on period",T0102,Table 0102 - GDP identity from the expenditure side,2021-Q3,,0.0864778,,,,,,F,Free (free for publication),1,One,A,Normal value,0,Units,_Z,Not applicable
DATAFLOW,OECD.SDD.NAD:DSD_NAMAIN1@DF_QNA_EXPENDITURE_GROWTH_G20(1.1),Quarterly real GDP growth - G20 countries,I,Q,Quarterly,Y,Calendar and seasonally adjusted,DEU,Germany,S1,Total economy,S1,Total economy,B1GQ,Gross domestic product,_Z,Not applicable,_Z,Not applicable,_Z,Not applicable,PC,Percentage change,L,Chain linked volume,G1,"Growth rate, period on period",T0102,Table 0102 - GDP identity from the expenditure side,2021-Q4,,0.537633511,,,,,,F,Free (free for publication),1,One,A,Normal value,0,Units,_Z,Not applicable
DATAFLOW,OECD.SDD.NAD:DSD_NAMAIN1@DF_QNA_EXPENDITURE_GROWTH_G20(1.1),Quarterly real GDP growth - G20 countries,I,Q,Quarterly,Y,Calendar and seasonally adjusted,TUR,Türkiye,S1,Total economy,S1,Total economy,B1GQ,Gross domestic product,_Z,Not applicable,_Z,Not applicable,_Z,Not applicable,PC,Percentage change,L,Chain linked volume,G1,"Growth rate, period on period",T0102,Table 0102 - GDP identity from the expenditure side,2025-Q1,,0.843167731,,,,,,F,Free (free for publication),1,One,A,Normal value,0,Units,_Z,Not applicable
DATAFLOW,OECD.SDD.NAD:DSD_NAMAIN1@DF_QNA_EXPENDITURE_GROWTH_G20(1.1),Quarterly real GDP growth - G20 countries,I,Q,Quarterly,Y,Calendar and seasonally adjusted,TUR,Türkiye,S1,Total economy,S1,Total economy,B1GQ,Gross domestic product,_Z,Not applicable,_Z,Not applicable,_Z,Not applicable,PC,Percentage change,L,Chain linked volume,G1,"Growth rate, period on period",T0102,Table 0102 - GDP identity from the expenditure side,2025-Q2,,1.600473784,,,,,,F,Free (free for publication),1,One,A,Normal value,0,Units,_Z,Not applicable
DATAFLOW,OECD.SDD.NAD:DSD_NAMAIN1@DF_QNA_EXPENDITURE_GROWTH_G20(1.1),Quarterly real GDP growth - G20 countries,I,Q,Quarterly,Y,Calendar and seasonally adjusted,TUR,Türkiye,S1,Total economy,S1,Total economy,B1GQ,Gross domestic product,_Z,Not applicable,_Z,Not applicable,_Z,Not applicable,PC,Percentage change,L,Chain linked volume,G1,"Growth rate, period on period",T0102,Table 0102 - GDP identity from the expenditure side,2025-Q3,,1.085263794,,,,,,F,Free (free for publication),1,One,A,Normal value,0,Units,_Z,Not applicable
DATAFLOW,OECD.SDD.NAD:DSD_NAMAIN1@DF_QNA_EXPENDITURE_GROWTH_G20(1.1),Quarterly real GDP growth - G20 countries,I,Q,Quarterly,Y,Calendar and seasonally adjusted,TUR,Türkiye,S1,Total economy,S1,Total economy,B1GQ,Gross domestic product,_Z,Not applicable,_Z,Not applicable,_Z,Not applicable,PC,Percentage change,L,Chain linked volume,G1,"Growth rate, period on period",T0102,Table 0102 - GDP identity from the expenditure side,2010-Q1,,0.409568203,,,,,,F,Free (free for publication),1,One,A,Normal value,0,Units,_Z,Not applicable
DATAFLOW,OECD.SDD.NAD:DSD_NAMAIN1@DF_QNA_EXPENDITURE_GROWTH_G20(1.1),Quarterly real GDP growth - G20 countries,I,Q,Quarterly,Y,Calendar and seasonally adjusted,TUR,Türkiye,S1,Total economy,S1,Total economy,B1GQ,Gross domestic product,_Z,Not applicable,_Z,Not applicable,_Z,Not applicable,PC,Percentage change,L,Chain linked volume,G1,"Growth rate, period on period",T0102,Table 0102 - GDP identity from the expenditure side,2010-Q2,,3.247375036,,,,,,F,Free (free for publication),1,One,A,Normal value,0,Units,_Z,Not applicable
DATAFLOW,OECD.SDD.NAD:DSD_NAMAIN1@DF_QNA_EXPENDITURE_GROWTH_G20(1.1),Quarterly real GDP growth - G20 countries,I,Q,Quarterly,Y,Calendar and seasonally adjusted,TUR,Türkiye,S1,Total economy,S1,Total economy,B1GQ,Gross domestic product,_Z,Not applicable,_Z,Not applicable,_Z,Not applicable,PC,Percentage change,L,Chain linked volume,G1,"Growth rate, period on period",T0102,Table 0102 - GDP identity from the expenditure side,2010-Q3,,2.853238017,,,,,,F,Free (free for publication),1,One,A,Normal value,0,Units,_Z,Not applicable
DATAFLOW,OECD.SDD.NAD:DSD_NAMAIN1@DF_QNA_EXPENDITURE_GROWTH_G20(1.1),Quarterly real GDP growth - G20 countries,I,Q,Quarterly,Y,Calendar and seasonally adjusted,TUR,Türkiye,S1,Total economy,S1,Total economy,B1GQ,Gross domestic product,_Z,Not applicable,_Z,Not applicable,_Z,Not applicable,PC,Percentage change,L,Chain linked volume,G1,"Growth rate, period on period",T0102,Table 0102 - GDP identity from the expenditure side,2010-Q4,,3.029706238,,,,,,F,Free (free for publication),1,One,A,Normal value,0,Units,_Z,Not applicable
DATAFLOW,OECD.SDD.NAD:DSD_NAMAIN1@DF_QNA_EXPENDITURE_GROWTH_G20(1.1),Quarterly real GDP growth - G20 countries,I,Q,Quarterly,Y,Calendar and seasonally adjusted,TUR,Türkiye,S1,Total economy,S1,Total economy,B1GQ,Gross domestic product,_Z,Not applicable,_Z,Not applicable,_Z,Not applicable,PC,Percentage change,L,Chain linked volume,G1,"Growth rate, period on period",T0102,Table 0102 - GDP identity from the expenditure side,2011-Q1,,2.646446773,,,,,,F,Free (free for publication),1,One,A,Normal value,0,Units,_Z,Not applicable
DATAFLOW,OECD.SDD.NAD:DSD_NAMAIN1@DF_QNA_EXPENDITURE_GROWTH_G20(1.1),Quarterly real GDP growth - G20 countries,I,Q,Quarterly,Y,Calendar and seasonally adjusted,TUR,Türkiye,S1,Total economy,S1,Total economy,B1GQ,Gross domestic product,_Z,Not applicable,_Z,Not applicable,_Z,Not applicable,PC,Percentage change,L,Chain linked volume,G1,"Growth rate, period on period",T0102,Table 0102 - GDP identity from the expenditure side,2011-Q2,,1.935128778,,,,,,F,Free (free for publication),1,One,A,Normal value,0,Units,_Z,Not applicable
DATAFLOW,OECD.SDD.NAD:DSD_NAMAIN1@DF_QNA_EXPENDITURE_GROWTH_G20(1.1),Quarterly real GDP growth - G20 countries,I,Q,Quarterly,Y,Calendar and seasonally adjusted,TUR,Türkiye,S1,Total economy,S1,Total economy,B1GQ,Gross domestic product,_Z,Not applicable,_Z,Not applicable,_Z,Not applicable,PC,Percentage change,L,Chain linked volume,G1,"Growth rate, period on period",T0102,Table 0102 - GDP identity from the expenditure side,2011-Q3,,2.745195298,,,,,,F,Free (free for publication),1,One,A,Normal value,0,Units,_Z,Not applicable
DATAFLOW,OECD.SDD.NAD:DSD_NAMAIN1@DF_QNA_EXPENDITURE_GROWTH_G20(1.1),Quarterly real GDP growth - G20 countries,I,Q,Quarterly,Y,Calendar and seasonally adjusted,TUR,Türkiye,S1,Total economy,S1,Total economy,B1GQ,Gross domestic product,_Z,Not applicable,_Z,Not applicable,_Z,Not applicable,PC,Percentage change,L,Chain linked volume,G1,"Growth rate, period on period",T0102,Table 0102 - GDP identity from the expenditure side,2011-Q4,,1.634527201,,,,,,F,Free (free for publication),1,One,A,Normal value,0,Units,_Z,Not applicable
DATAFLOW,OECD.SDD.NAD:DSD_NAMAIN1@DF_QNA_EXPENDITURE_GROWTH_G20(1.1),Quarterly real GDP growth - G20 countries,I,Q,Quarterly,Y,Calendar and seasonally adjusted,TUR,Türkiye,S1,Total economy,S1,Total economy,B1GQ,Gross domestic product,_Z,Not applicable,_Z,Not applicable,_Z,Not applicable,PC,Percentage change,L,Chain linked volume,G1,"Growth rate, period on period",T0102,Table 0102 - GDP identity from the expenditure side,2012-Q1,,-0.468650349,,,,,,F,Free (free for publication),1,One,A,Normal value,0,Units,_Z,Not applicable
DATAFLOW,OECD.SDD.NAD:DSD_NAMAIN1@DF_QNA_EXPENDITURE_GROWTH_G20(1.1),Quarterly real GDP growth - G20 countries,I,Q,Quarterly,Y,Calendar and seasonally adjusted,TUR,Türkiye,S1,Total economy,S1,Total economy,B1GQ,Gross domestic product,_Z,Not applicable,_Z,Not applicable,_Z,Not applicable,PC,Percentage change,L,Chain linked volume,G1,"Growth rate, period on period",T0102,Table 0102 - GDP identity from the expenditure side,2012-Q2,,1.10036358,,,,,,F,Free (free for publication),1,One,A,Normal value,0,Units,_Z,Not applicable
DATAFLOW,OECD.SDD.NAD:DSD_NAMAIN1@DF_QNA_EXPENDITURE_GROWTH_G20(1.1),Quarterly real GDP growth - G20 countries,I,Q,Quarterly,Y,Calendar and seasonally adjusted,TUR,Türkiye,S1,Total economy,S1,Total economy,B1GQ,Gross domestic product,_Z,Not applicable,_Z,Not applicable,_Z,Not applicable,PC,Percentage change,L,Chain linked volume,G1,"Growth rate, period on period",T0102,Table 0102 - GDP identity from the expenditure side,2012-Q3,,1.776102368,,,,,,F,Free (free for publication),1,One,A,Normal value,0,Units,_Z,Not applicable
DATAFLOW,OECD.SDD.NAD:DSD_NAMAIN1@DF_QNA_EXPENDITURE_GROWTH_G20(1.1),Quarterly real GDP growth - G20 countries,I,Q,Quarterly,Y,Calendar and seasonally adjusted,TUR,Türkiye,S1,Total economy,S1,Total economy,B1GQ,Gross domestic product,_Z,Not applicable,_Z,Not applicable,_Z,Not applicable,PC,Percentage change,L,Chain linked volume,G1,"Growth rate, period on period",T0102,Table 0102 - GDP identity from the expenditure side,2012-Q4,,1.742674515,,,,,,F,Free (free for publication),1,One,A,Normal value,0,Units,_Z,Not applicable
DATAFLOW,OECD.SDD.NAD:DSD_NAMAIN1@DF_QNA_EXPENDITURE_GROWTH_G20(1.1),Quarterly real GDP growth - G20 countries,I,Q,Quarterly,Y,Calendar and seasonally adjusted,TUR,Türkiye,S1,Total economy,S1,Total economy,B1GQ,Gross domestic product,_Z,Not applicable,_Z,Not applicable,_Z,Not applicable,PC,Percentage change,L,Chain linked volume,G1,"Growth rate, period on period",T0102,Table 0102 - GDP identity from the expenditure side,2013-Q1,,3.164342805,,,,,,F,Free (free for publication),1,One,A,Normal value,0,Units,_Z,Not applicable
DATAFLOW,OECD.SDD.NAD:DSD_NAMAIN1@DF_QNA_EXPENDITURE_GROWTH_G20(1.1),Quarterly real GDP growth - G20 countries,I,Q,Quarterly,Y,Calendar and seasonally adjusted,TUR,Türkiye,S1,Total economy,S1,Total economy,B1GQ,Gross domestic product,_Z,Not applicable,_Z,Not applicable,_Z,Not applicable,PC,Percentage change,L,Chain linked volume,G1,"Growth rate, period on period",T0102,Table 0102 - GDP identity from the expenditure side,2013-Q2,,2.907639888,,,,,,F,Free (free for publication),1,One,A,Normal value,0,Units,_Z,Not applicable
DATAFLOW,OECD.SDD.NAD:DSD_NAMAIN1@DF_QNA_EXPENDITURE_GROWTH_G20(1.1),Quarterly real GDP growth - G20 countries,I,Q,Quarterly,Y,Calendar and seasonally adjusted,TUR,Türkiye,S1,Total economy,S1,Total economy,B1GQ,Gross domestic product,_Z,Not applicable,_Z,Not applicable,_Z,Not applicable,PC,Percentage change,L,Chain linked volume,G1,"Growth rate, period on period",T0102,Table 0102 - GDP identity from the expenditure side,2013-Q3,,1.062048304,,,,,,F,Free (free for publication),1,One,A,Normal value,0,Units,_Z,Not applicable
DATAFLOW,OECD.SDD.NAD:DSD_NAMAIN1@DF_QNA_EXPENDITURE_GROWTH_G20(1.1),Quarterly real GDP growth - G20 countries,I,Q,Quarterly,Y,Calendar and seasonally adjusted,TUR,Türkiye,S1,Total economy,S1,Total economy,B1GQ,Gross domestic product,_Z,Not applicable,_Z,Not applicable,_Z,Not applicable,PC,Percentage change,L,Chain linked volume,G1,"Growth rate, period on period",T0102,Table 0102 - GDP identity from the expenditure side,2013-Q4,,0.338634491,,,,,,F,Free (free for publication),1,One,A,Normal value,0,Units,_Z,Not applicable
DATAFLOW,OECD.SDD.NAD:DSD_NAMAIN1@DF_QNA_EXPENDITURE_GROWTH_G20(1.1),Quarterly real GDP growth - G20 countries,I,Q,Quarterly,Y,Calendar and seasonally adjusted,TUR,Türkiye,S1,Total economy,S1,Total economy,B1GQ,Gross domestic product,_Z,Not applicable,_Z,Not applicable,_Z,Not applicable,PC,Percentage change,L,Chain linked volume,G1,"Growth rate, period on period",T0102,Table 0102 - GDP identity from the expenditure side,2014-Q1,,2.523312823,,,,,,F,Free (free for publication),1,One,A,Normal value,0,Units,_Z,Not applicable
DATAFLOW,OECD.SDD.NAD:DSD_NAMAIN1@DF_QNA_EXPENDITURE_GROWTH_G20(1.1),Quarterly real GDP growth - G20 countries,I,Q,Quarterly,Y,Calendar and seasonally adjusted,TUR,Türkiye,S1,Total economy,S1,Total economy,B1GQ,Gross domestic product,_Z,Not applicable,_Z,Not applicable,_Z,Not applicable,PC,Percentage change,L,Chain linked volume,G1,"Growth rate, period on period",T0102,Table 0102 - GDP identity from the expenditure side,2014-Q2,,-0.852145648,,,,,,F,Free (free for publication),1,One,A,Normal value,0,Units,_Z,Not applicable
DATAFLOW,OECD.SDD.NAD:DSD_NAMAIN1@DF_QNA_EXPENDITURE_GROWTH_G20(1.1),Quarterly real GDP growth - G20 countries,I,Q,Quarterly,Y,Calendar and seasonally adjusted,TUR,Türkiye,S1,Total economy,S1,Total economy,B1GQ,Gross domestic product,_Z,Not applicable,_Z,Not applicable,_Z,Not applicable,PC,Percentage change,L,Chain linked volume,G1,"Growth rate, period on period",T0102,Table 0102 - GDP identity from the expenditure side,2014-Q3,,1.746668355,,,,,,F,Free (free for publication),1,One,A,Normal value,0,Units,_Z,Not applicable
DATAFLOW,OECD.SDD.NAD:DSD_NAMAIN1@DF_QNA_EXPENDITURE_GROWTH_G20(1.1),Quarterly real GDP growth - G20 countries,I,Q,Quarterly,Y,Calendar and seasonally adjusted,TUR,Türkiye,S1,Total economy,S1,Total economy,B1GQ,Gross domestic product,_Z,Not applicable,_Z,Not applicable,_Z,Not applicable,PC,Percentage change,L,Chain linked volume,G1,"Growth rate, period on period",T0102,Table 0102 - GDP identity from the expenditure side,2014-Q4,,0.982882529,,,,,,F,Free (free for publication),1,One,A,Normal value,0,Units,_Z,Not applicable
DATAFLOW,OECD.SDD.NAD:DSD_NAMAIN1@DF_QNA_EXPENDITURE_GROWTH_G20(1.1),Quarterly real GDP growth - G20 countries,I,Q,Quarterly,Y,Calendar and seasonally adjusted,TUR,Türkiye,S1,Total economy,S1,Total economy,B1GQ,Gross domestic product,_Z,Not applicable,_Z,Not applicable,_Z,Not applicable,PC,Percentage change,L,Chain linked volume,G1,"Growth rate, period on period",T0102,Table 0102 - GDP identity from the expenditure side,2015-Q1,,1.654223547,,,,,,F,Free (free for publication),1,One,A,Normal value,0,Units,_Z,Not applicable
DATAFLOW,OECD.SDD.NAD:DSD_NAMAIN1@DF_QNA_EXPENDITURE_GROWTH_G20(1.1),Quarterly real GDP growth - G20 countries,I,Q,Quarterly,Y,Calendar and seasonally adjusted,TUR,Türkiye,S1,Total economy,S1,Total economy,B1GQ,Gross domestic product,_Z,Not applicable,_Z,Not applicable,_Z,Not applicable,PC,Percentage change,L,Chain linked volume,G1,"Growth rate, period on period",T0102,Table 0102 - GDP identity from the expenditure side,2015-Q2,,2.292010356,,,,,,F,Free (free for publication),1,One,A,Normal value,0,Units,_Z,Not applicable
DATAFLOW,OECD.SDD.NAD:DSD_NAMAIN1@DF_QNA_EXPENDITURE_GROWTH_G20(1.1),Quarterly real GDP growth - G20 countries,I,Q,Quarterly,Y,Calendar and seasonally adjusted,TUR,Türkiye,S1,Total economy,S1,Total economy,B1GQ,Gross domestic product,_Z,Not applicable,_Z,Not applicable,_Z,Not applicable,PC,Percentage change,L,Chain linked volume,G1,"Growth rate, period on period",T0102,Table 0102 - GDP identity from the expenditure side,2015-Q3,,0.863045105,,,,,,F,Free (free for publication),1,One,A,Normal value,0,Units,_Z,Not applicable
DATAFLOW,OECD.SDD.NAD:DSD_NAMAIN1@DF_QNA_EXPENDITURE_GROWTH_G20(1.1),Quarterly real GDP growth - G20 countries,I,Q,Quarterly,Y,Calendar and seasonally adjusted,TUR,Türkiye,S1,Total economy,S1,Total economy,B1GQ,Gross domestic product,_Z,Not applicable,_Z,Not applicable,_Z,Not applicable,PC,Percentage change,L,Chain linked volume,G1,"Growth rate, period on period",T0102,Table 0102 - GDP identity from the expenditure side,2015-Q4,,1.717134976,,,,,,F,Free (free for publication),1,One,A,Normal value,0,Units,_Z,Not applicable
DATAFLOW,OECD.SDD.NAD:DSD_NAMAIN1@DF_QNA_EXPENDITURE_GROWTH_G20(1.1),Quarterly real GDP growth - G20 countries,I,Q,Quarterly,Y,Calendar and seasonally adjusted,TUR,Türkiye,S1,Total economy,S1,Total economy,B1GQ,Gross domestic product,_Z,Not applicable,_Z,Not applicable,_Z,Not applicable,PC,Percentage change,L,Chain linked volume,G1,"Growth rate, period on period",T0102,Table 0102 - GDP identity from the expenditure side,2016-Q1,,-0.226616614,,,,,,F,Free (free for publication),1,One,A,Normal value,0,Units,_Z,Not applicable
DATAFLOW,OECD.SDD.NAD:DSD_NAMAIN1@DF_QNA_EXPENDITURE_GROWTH_G20(1.1),Quarterly real GDP growth - G20 countries,I,Q,Quarterly,Y,Calendar and seasonally adjusted,TUR,Türkiye,S1,Total economy,S1,Total economy,B1GQ,Gross domestic product,_Z,Not applicable,_Z,Not applicable,_Z,Not applicable,PC,Percentage change,L,Chain linked volume,G1,"Growth rate, period on period",T0102,Table 0102 - GDP identity from the expenditure side,2016-Q2,,1.542894894,,,,,,F,Free (free for publication),1,One,A,Normal value,0,Units,_Z,Not applicable
DATAFLOW,OECD.SDD.NAD:DSD_NAMAIN1@DF_QNA_EXPENDITURE_GROWTH_G20(1.1),Quarterly real GDP growth - G20 countries,I,Q,Quarterly,Y,Calendar and seasonally adjusted,TUR,Türkiye,S1,Total economy,S1,Total economy,B1GQ,Gross domestic product,_Z,Not applicable,_Z,Not applicable,_Z,Not applicable,PC,Percentage change,L,Chain linked volume,G1,"Growth rate, period on period",T0102,Table 0102 - GDP identity from the expenditure side,2016-Q3,,-2.738971668,,,,,,F,Free (free for publication),1,One,A,Normal value,0,Units,_Z,Not applicable
DATAFLOW,OECD.SDD.NAD:DSD_NAMAIN1@DF_QNA_EXPENDITURE_GROWTH_G20(1.1),Quarterly real GDP growth - G20 countries,I,Q,Quarterly,Y,Calendar and seasonally adjusted,TUR,Türkiye,S1,Total economy,S1,Total economy,B1GQ,Gross domestic product,_Z,Not applicable,_Z,Not applicable,_Z,Not applicable,PC,Percentage change,L,Chain linked volume,G1,"Growth rate, period on period",T0102,Table 0102 - GDP identity from the expenditure side,2016-Q4,,5.750418533,,,,,,F,Free (free for publication),1,One,A,Normal value,0,Units,_Z,Not applicable
DATAFLOW,OECD.SDD.NAD:DSD_NAMAIN1@DF_QNA_EXPENDITURE_GROWTH_G20(1.1),Quarterly real GDP growth - G20 countries,I,Q,Quarterly,Y,Calendar and seasonally adjusted,TUR,Türkiye,S1,Total economy,S1,Total economy,B1GQ,Gross domestic product,_Z,Not applicable,_Z,Not applicable,_Z,Not applicable,PC,Percentage change,L,Chain linked volume,G1,"Growth rate, period on period",T0102,Table 0102 - GDP identity from the expenditure side,2017-Q1,,0.785809559,,,,,,F,Free (free for publication),1,One,A,Normal value,0,Units,_Z,Not applicable
DATAFLOW,OECD.SDD.NAD:DSD_NAMAIN1@DF_QNA_EXPENDITURE_GROWTH_G20(1.1),Quarterly real GDP growth - G20 countries,I,Q,Quarterly,Y,Calendar and seasonally adjusted,TUR,Türkiye,S1,Total economy,S1,Total economy,B1GQ,Gross domestic product,_Z,Not applicable,_Z,Not applicable,_Z,Not applicable,PC,Percentage change,L,Chain linked volume,G1,"Growth rate, period on period",T0102,Table 0102 - GDP identity from the expenditure side,2017-Q2,,2.433905024,,,,,,F,Free (free for publication),1,One,A,Normal value,0,Units,_Z,Not applicable
DATAFLOW,OECD.SDD.NAD:DSD_NAMAIN1@DF_QNA_EXPENDITURE_GROWTH_G20(1.1),Quarterly real GDP growth - G20 countries,I,Q,Quarterly,Y,Calendar and seasonally adjusted,TUR,Türkiye,S1,Total economy,S1,Total economy,B1GQ,Gross domestic product,_Z,Not applicable,_Z,Not applicable,_Z,Not applicable,PC,Percentage change,L,Chain linked volume,G1,"Growth rate, period on period",T0102,Table 0102 - GDP identity from the expenditure side,2017-Q3,,2.586089898,,,,,,F,Free (free for publication),1,One,A,Normal value,0,Units,_Z,Not applicable
DATAFLOW,OECD.SDD.NAD:DSD_NAMAIN1@DF_QNA_EXPENDITURE_GROWTH_G20(1.1),Quarterly real GDP growth - G20 countries,I,Q,Quarterly,Y,Calendar and seasonally adjusted,TUR,Türkiye,S1,Total economy,S1,Total economy,B1GQ,Gross domestic product,_Z,Not applicable,_Z,Not applicable,_Z,Not applicable,PC,Percentage change,L,Chain linked volume,G1,"Growth rate, period on period",T0102,Table 0102 - GDP identity from the expenditure side,2017-Q4,,1.61329495,,,,,,F,Free (free for publication),1,One,A,Normal value,0,Units,_Z,Not applicable
DATAFLOW,OECD.SDD.NAD:DSD_NAMAIN1@DF_QNA_EXPENDITURE_GROWTH_G20(1.1),Quarterly real GDP growth - G20 countries,I,Q,Quarterly,Y,Calendar and seasonally adjusted,TUR,Türkiye,S1,Total economy,S1,Total economy,B1GQ,Gross domestic product,_Z,Not applicable,_Z,Not applicable,_Z,Not applicable,PC,Percentage change,L,Chain linked volume,G1,"Growth rate, period on period",T0102,Table 0102 - GDP identity from the expenditure side,2018-Q1,,1.462379961,,,,,,F,Free (free for publication),1,One,A,Normal value,0,Units,_Z,Not applicable
DATAFLOW,OECD.SDD.NAD:DSD_NAMAIN1@DF_QNA_EXPENDITURE_GROWTH_G20(1.1),Quarterly real GDP growth - G20 countries,I,Q,Quarterly,Y,Calendar and seasonally adjusted,TUR,Türkiye,S1,Total economy,S1,Total economy,B1GQ,Gross domestic product,_Z,Not applicable,_Z,Not applicable,_Z,Not applicable,PC,Percentage change,L,Chain linked volume,G1,"Growth rate, period on period",T0102,Table 0102 - GDP identity from the expenditure side,2018-Q2,,0.180903721,,,,,,F,Free (free for publication),1,One,A,Normal value,0,Units,_Z,Not applicable
DATAFLOW,OECD.SDD.NAD:DSD_NAMAIN1@DF_QNA_EXPENDITURE_GROWTH_G20(1.1),Quarterly real GDP growth - G20 countries,I,Q,Quarterly,Y,Calendar and seasonally adjusted,TUR,Türkiye,S1,Total economy,S1,Total economy,B1GQ,Gross domestic product,_Z,Not applicable,_Z,Not applicable,_Z,Not applicable,PC,Percentage change,L,Chain linked volume,G1,"Growth rate, period on period",T0102,Table 0102 - GDP identity from the expenditure side,2018-Q3,,-0.700230909,,,,,,F,Free (free for publication),1,One,A,Normal value,0,Units,_Z,Not applicable
DATAFLOW,OECD.SDD.NAD:DSD_NAMAIN1@DF_QNA_EXPENDITURE_GROWTH_G20(1.1),Quarterly real GDP growth - G20 countries,I,Q,Quarterly,Y,Calendar and seasonally adjusted,TUR,Türkiye,S1,Total economy,S1,Total economy,B1GQ,Gross domestic product,_Z,Not applicable,_Z,Not applicable,_Z,Not applicable,PC,Percentage change,L,Chain linked volume,G1,"Growth rate, period on period",T0102,Table 0102 - GDP identity from the expenditure side,2018-Q4,,-3.046200622,,,,,,F,Free (free for publication),1,One,A,Normal value,0,Units,_Z,Not applicable
DATAFLOW,OECD.SDD.NAD:DSD_NAMAIN1@DF_QNA_EXPENDITURE_GROWTH_G20(1.1),Quarterly real GDP growth - G20 countries,I,Q,Quarterly,Y,Calendar and seasonally adjusted,TUR,Türkiye,S1,Total economy,S1,Total economy,B1GQ,Gross domestic product,_Z,Not applicable,_Z,Not applicable,_Z,Not applicable,PC,Percentage change,L,Chain linked volume,G1,"Growth rate, period on period",T0102,Table 0102 - GDP identity from the expenditure side,2019-Q1,,2.035887871,,,,,,F,Free (free for publication),1,One,A,Normal value,0,Units,_Z,Not applicable
DATAFLOW,OECD.SDD.NAD:DSD_NAMAIN1@DF_QNA_EXPENDITURE_GROWTH_G20(1.1),Quarterly real GDP growth - G20 countries,I,Q,Quarterly,Y,Calendar and seasonally adjusted,TUR,Türkiye,S1,Total economy,S1,Total economy,B1GQ,Gross domestic product,_Z,Not applicable,_Z,Not applicable,_Z,Not applicable,PC,Percentage change,L,Chain linked volume,G1,"Growth rate, period on period",T0102,Table 0102 - GDP identity from the expenditure side,2019-Q2,,2.18643411,,,,,,F,Free (free for publication),1,One,A,Normal value,0,Units,_Z,Not applicable
DATAFLOW,OECD.SDD.NAD:DSD_NAMAIN1@DF_QNA_EXPENDITURE_GROWTH_G20(1.1),Quarterly real GDP growth - G20 countries,I,Q,Quarterly,Y,Calendar and seasonally adjusted,TUR,Türkiye,S1,Total economy,S1,Total economy,B1GQ,Gross domestic product,_Z,Not applicable,_Z,Not applicable,_Z,Not applicable,PC,Percentage change,L,Chain linked volume,G1,"Growth rate, period on period",T0102,Table 0102 - GDP identity from the expenditure side,2019-Q3,,0.024679851,,,,,,F,Free (free for publication),1,One,A,Normal value,0,Units,_Z,Not applicable
DATAFLOW,OECD.SDD.NAD:DSD_NAMAIN1@DF_QNA_EXPENDITURE_GROWTH_G20(1.1),Quarterly real GDP growth - G20 countries,I,Q,Quarterly,Y,Calendar and seasonally adjusted,TUR,Türkiye,S1,Total economy,S1,Total economy,B1GQ,Gross domestic product,_Z,Not applicable,_Z,Not applicable,_Z,Not applicable,PC,Percentage change,L,Chain linked volume,G1,"Growth rate, period on period",T0102,Table 0102 - GDP identity from the expenditure side,2019-Q4,,1.562591164,,,,,,F,Free (free for publication),1,One,A,Normal value,0,Units,_Z,Not applicable
DATAFLOW,OECD.SDD.NAD:DSD_NAMAIN1@DF_QNA_EXPENDITURE_GROWTH_G20(1.1),Quarterly real GDP growth - G20 countries,I,Q,Quarterly,Y,Calendar and seasonally adjusted,TUR,Türkiye,S1,Total economy,S1,Total economy,B1GQ,Gross domestic product,_Z,Not applicable,_Z,Not applicable,_Z,Not applicable,PC,Percentage change,L,Chain linked volume,G1,"Growth rate, period on period",T0102,Table 0102 - GDP identity from the expenditure side,2020-Q1,,0.352862565,,,,,,F,Free (free for publication),1,One,A,Normal value,0,Units,_Z,Not applicable
DATAFLOW,OECD.SDD.NAD:DSD_NAMAIN1@DF_QNA_EXPENDITURE_GROWTH_G20(1.1),Quarterly real GDP growth - G20 countries,I,Q,Quarterly,Y,Calendar and seasonally adjusted,TUR,Türkiye,S1,Total economy,S1,Total economy,B1GQ,Gross domestic product,_Z,Not applicable,_Z,Not applicable,_Z,Not applicable,PC,Percentage change,L,Chain linked volume,G1,"Growth rate, period on period",T0102,Table 0102 - GDP identity from the expenditure side,2020-Q2,,-10.380578651,,,,,,F,Free (free for publication),1,One,A,Normal value,0,Units,_Z,Not applicable
DATAFLOW,OECD.SDD.NAD:DSD_NAMAIN1@DF_QNA_EXPENDITURE_GROWTH_G20(1.1),Quarterly real GDP growth - G20 countries,I,Q,Quarterly,Y,Calendar and seasonally adjusted,TUR,Türkiye,S1,Total economy,S1,Total economy,B1GQ,Gross domestic product,_Z,Not applicable,_Z,Not applicable,_Z,Not applicable,PC,Percentage change,L,Chain linked volume,G1,"Growth rate, period on period",T0102,Table 0102 - GDP identity from the expenditure side,2020-Q3,,15.675092376,,,,,,F,Free (free for publication),1,One,A,Normal value,0,Units,_Z,Not applicable
DATAFLOW,OECD.SDD.NAD:DSD_NAMAIN1@DF_QNA_EXPENDITURE_GROWTH_G20(1.1),Quarterly real GDP growth - G20 countries,I,Q,Quarterly,Y,Calendar and seasonally adjusted,TUR,Türkiye,S1,Total economy,S1,Total economy,B1GQ,Gross domestic product,_Z,Not applicable,_Z,Not applicable,_Z,Not applicable,PC,Percentage change,L,Chain linked volume,G1,"Growth rate, period on period",T0102,Table 0102 - GDP identity from the expenditure side,2020-Q4,,1.268656309,,,,,,F,Free (free for publication),1,One,A,Normal value,0,Units,_Z,Not applicable
DATAFLOW,OECD.SDD.NAD:DSD_NAMAIN1@DF_QNA_EXPENDITURE_GROWTH_G20(1.1),Quarterly real GDP growth - G20 countries,I,Q,Quarterly,Y,Calendar and seasonally adjusted,TUR,Türkiye,S1,Total economy,S1,Total economy,B1GQ,Gross domestic product,_Z,Not applicable,_Z,Not applicable,_Z,Not applicable,PC,Percentage change,L,Chain linked volume,G1,"Growth rate, period on period",T0102,Table 0102 - GDP identity from the expenditure side,2021-Q1,,2.680604711,,,,,,F,Free (free for publication),1,One,A,Normal value,0,Units,_Z,Not applicable
DATAFLOW,OECD.SDD.NAD:DSD_NAMAIN1@DF_QNA_EXPENDITURE_GROWTH_G20(1.1),Quarterly real GDP growth - G20 countries,I,Q,Quarterly,Y,Calendar and seasonally adjusted,TUR,Türkiye,S1,Total economy,S1,Total economy,B1GQ,Gross domestic product,_Z,Not applicable,_Z,Not applicable,_Z,Not applicable,PC,Percentage change,L,Chain linked volume,G1,"Growth rate, period on period",T0102,Table 0102 - GDP identity from the expenditure side,2021-Q2,,1.60250802,,,,,,F,Free (free for publication),1,One,A,Normal value,0,Units,_Z,Not applicable
DATAFLOW,OECD.SDD.NAD:DSD_NAMAIN1@DF_QNA_EXPENDITURE_GROWTH_G20(1.1),Quarterly real GDP growth - G20 countries,I,Q,Quarterly,Y,Calendar and seasonally adjusted,TUR,Türkiye,S1,Total economy,S1,Total economy,B1GQ,Gross domestic product,_Z,Not applicable,_Z,Not applicable,_Z,Not applicable,PC,Percentage change,L,Chain linked volume,G1,"Growth rate, period on period",T0102,Table 0102 - GDP identity from the expenditure side,2021-Q3,,3.510023362,,,,,,F,Free (free for publication),1,One,A,Normal value,0,Units,_Z,Not applicable
DATAFLOW,OECD.SDD.NAD:DSD_NAMAIN1@DF_QNA_EXPENDITURE_GROWTH_G20(1.1),Quarterly real GDP growth - G20 countries,I,Q,Quarterly,Y,Calendar and seasonally adjusted,TUR,Türkiye,S1,Total economy,S1,Total economy,B1GQ,Gross domestic product,_Z,Not applicable,_Z,Not applicable,_Z,Not applicable,PC,Percentage change,L,Chain linked volume,G1,"Growth rate, period on period",T0102,Table 0102 - GDP identity from the expenditure side,2021-Q4,,1.83470264,,,,,,F,Free (free for publication),1,One,A,Normal value,0,Units,_Z,Not applicable
DATAFLOW,OECD.SDD.NAD:DSD_NAMAIN1@DF_QNA_EXPENDITURE_GROWTH_G20(1.1),Quarterly real GDP growth - G20 countries,I,Q,Quarterly,Y,Calendar and seasonally adjusted,TUR,Türkiye,S1,Total economy,S1,Total economy,B1GQ,Gross domestic product,_Z,Not applicable,_Z,Not applicable,_Z,Not applicable,PC,Percentage change,L,Chain linked volume,G1,"Growth rate, period on period",T0102,Table 0102 - GDP identity from the expenditure side,2022-Q1,,-0.294359383,,,,,,F,Free (free for publication),1,One,A,Normal value,0,Units,_Z,Not applicable
DATAFLOW,OECD.SDD.NAD:DSD_NAMAIN1@DF_QNA_EXPENDITURE_GROWTH_G20(1.1),Quarterly real GDP growth - G20 countries,I,Q,Quarterly,Y,Calendar and seasonally adjusted,TUR,Türkiye,S1,Total economy,S1,Total economy,B1GQ,Gross domestic product,_Z,Not applicable,_Z,Not applicable,_Z,Not applicable,PC,Percentage change,L,Chain linked volume,G1,"Growth rate, period on period",T0102,Table 0102 - GDP identity from the expenditure side,2022-Q2,,1.680249358,,,,,,F,Free (free for publication),1,One,A,Normal value,0,Units,_Z,Not applicable
DATAFLOW,OECD.SDD.NAD:DSD_NAMAIN1@DF_QNA_EXPENDITURE_GROWTH_G20(1.1),Quarterly real GDP growth - G20 countries,I,Q,Quarterly,Y,Calendar and seasonally adjusted,TUR,Türkiye,S1,Total economy,S1,Total economy,B1GQ,Gross domestic product,_Z,Not applicable,_Z,Not applicable,_Z,Not applicable,PC,Percentage change,L,Chain linked volume,G1,"Growth rate, period on period",T0102,Table 0102 - GDP identity from the expenditure side,2022-Q3,,0.902098074,,,,,,F,Free (free for publication),1,One,A,Normal value,0,Units,_Z,Not applicable
DATAFLOW,OECD.SDD.NAD:DSD_NAMAIN1@DF_QNA_EXPENDITURE_GROWTH_G20(1.1),Quarterly real GDP growth - G20 countries,I,Q,Quarterly,Y,Calendar and seasonally adjusted,TUR,Türkiye,S1,Total economy,S1,Total economy,B1GQ,Gross domestic product,_Z,Not applicable,_Z,Not applicable,_Z,Not applicable,PC,Percentage change,L,Chain linked volume,G1,"Growth rate, period on period",T0102,Table 0102 - GDP identity from the expenditure side,2022-Q4,,0.971806442,,,,,,F,Free (free for publication),1,One,A,Normal value,0,Units,_Z,Not applicable
DATAFLOW,OECD.SDD.NAD:DSD_NAMAIN1@DF_QNA_EXPENDITURE_GROWTH_G20(1.1),Quarterly real GDP growth - G20 countries,I,Q,Quarterly,Y,Calendar and seasonally adjusted,TUR,Türkiye,S1,Total economy,S1,Total economy,B1GQ,Gross domestic product,_Z,Not applicable,_Z,Not applicable,_Z,Not applicable,PC,Percentage change,L,Chain linked volume,G1,"Growth rate, period on period",T0102,Table 0102 - GDP identity from the expenditure side,2023-Q1,,-0.77925126,,,,,,F,Free (free for publication),1,One,A,Normal value,0,Units,_Z,Not applicable
DATAFLOW,OECD.SDD.NAD:DSD_NAMAIN1@DF_QNA_EXPENDITURE_GROWTH_G20(1.1),Quarterly real GDP growth - G20 countries,I,Q,Quarterly,Y,Calendar and seasonally adjusted,TUR,Türkiye,S1,Total economy,S1,Total economy,B1GQ,Gross domestic product,_Z,Not applicable,_Z,Not applicable,_Z,Not applicable,PC,Percentage change,L,Chain linked volume,G1,"Growth rate, period on period",T0102,Table 0102 - GDP identity from the expenditure side,2023-Q2,,4.748433214,,,,,,F,Free (free for publication),1,One,A,Normal value,0,Units,_Z,Not applicable
DATAFLOW,OECD.SDD.NAD:DSD_NAMAIN1@DF_QNA_EXPENDITURE_GROWTH_G20(1.1),Quarterly real GDP growth - G20 countries,I,Q,Quarterly,Y,Calendar and seasonally adjusted,TUR,Türkiye,S1,Total economy,S1,Total economy,B1GQ,Gross domestic product,_Z,Not applicable,_Z,Not applicable,_Z,Not applicable,PC,Percentage change,L,Chain linked volume,G1,"Growth rate, period on period",T0102,Table 0102 - GDP identity from the expenditure side,2023-Q3,,0.779079087,,,,,,F,Free (free for publication),1,One,A,Normal value,0,Units,_Z,Not applicable
DATAFLOW,OECD.SDD.NAD:DSD_NAMAIN1@DF_QNA_EXPENDITURE_GROWTH_G20(1.1),Quarterly real GDP growth - G20 countries,I,Q,Quarterly,Y,Calendar and seasonally adjusted,TUR,Türkiye,S1,Total economy,S1,Total economy,B1GQ,Gross domestic product,_Z,Not applicable,_Z,Not applicable,_Z,Not applicable,PC,Percentage change,L,Chain linked volume,G1,"Growth rate, period on period",T0102,Table 0102 - GDP identity from the expenditure side,2023-Q4,,0.670174581,,,,,,F,Free (free for publication),1,One,A,Normal value,0,Units,_Z,Not applicable
DATAFLOW,OECD.SDD.NAD:DSD_NAMAIN1@DF_QNA_EXPENDITURE_GROWTH_G20(1.1),Quarterly real GDP growth - G20 countries,I,Q,Quarterly,Y,Calendar and seasonally adjusted,TUR,Türkiye,S1,Total economy,S1,Total economy,B1GQ,Gross domestic product,_Z,Not applicable,_Z,Not applicable,_Z,Not applicable,PC,Percentage change,L,Chain linked volume,G1,"Growth rate, period on period",T0102,Table 0102 - GDP identity from the expenditure side,2024-Q1,,0.850464357,,,,,,F,Free (free for publication),1,One,A,Normal value,0,Units,_Z,Not applicable
DATAFLOW,OECD.SDD.NAD:DSD_NAMAIN1@DF_QNA_EXPENDITURE_GROWTH_G20(1.1),Quarterly real GDP growth - G20 countries,I,Q,Quarterly,Y,Calendar and seasonally adjusted,TUR,Türkiye,S1,Total economy,S1,Total economy,B1GQ,Gross domestic product,_Z,Not applicable,_Z,Not applicable,_Z,Not applicable,PC,Percentage change,L,Chain linked volume,G1,"Growth rate, period on period",T0102,Table 0102 - GDP identity from the expenditure side,2024-Q2,,-0.123728673,,,,,,F,Free (free for publication),1,One,A,Normal value,0,Units,_Z,Not applicable
DATAFLOW,OECD.SDD.NAD:DSD_NAMAIN1@DF_QNA_EXPENDITURE_GROWTH_G20(1.1),Quarterly real GDP growth - G20 countries,I,Q,Quarterly,Y,Calendar and seasonally adjusted,TUR,Türkiye,S1,Total economy,S1,Total economy,B1GQ,Gross domestic product,_Z,Not applicable,_Z,Not applicable,_Z,Not applicable,PC,Percentage change,L,Chain linked volume,G1,"Growth rate, period on period",T0102,Table 0102 - GDP identity from the expenditure side,2024-Q3,,0.630824341,,,,,,F,Free (free for publication),1,One,A,Normal value,0,Units,_Z,Not applicable
DATAFLOW,OECD.SDD.NAD:DSD_NAMAIN1@DF_QNA_EXPENDITURE_GROWTH_G20(1.1),Quarterly real GDP growth - G20 countries,I,Q,Quarterly,Y,Calendar and seasonally adjusted,TUR,Türkiye,S1,Total economy,S1,Total economy,B1GQ,Gross domestic product,_Z,Not applicable,_Z,Not applicable,_Z,Not applicable,PC,Percentage change,L,Chain linked volume,G1,"Growth rate, period on period",T0102,Table 0102 - GDP identity from the expenditure side,2024-Q4,,1.314807147,,,,,,F,Free (free for publication),1,One,A,Normal value,0,Units,_Z,Not applicable
DATAFLOW,OECD.SDD.NAD:DSD_NAMAIN1@DF_QNA_EXPENDITURE_GROWTH_G20(1.1),Quarterly real GDP growth - G20 countries,I,Q,Quarterly,Y,Calendar and seasonally adjusted,ITA,Italy,S1,Total economy,S1,Total economy,B1GQ,Gross domestic product,_Z,Not applicable,_Z,Not applicable,_Z,Not applicable,PC,Percentage change,L,Chain linked volume,G1,"Growth rate, period on period",T0102,Table 0102 - GDP identity from the expenditure side,2010-Q1,,0.382680678,,,,,,F,Free (free for publication),1,One,A,Normal value,0,Units,_Z,Not applicable
DATAFLOW,OECD.SDD.NAD:DSD_NAMAIN1@DF_QNA_EXPENDITURE_GROWTH_G20(1.1),Quarterly real GDP growth - G20 countries,I,Q,Quarterly,Y,Calendar and seasonally adjusted,ITA,Italy,S1,Total economy,S1,Total economy,B1GQ,Gross domestic product,_Z,Not applicable,_Z,Not applicable,_Z,Not applicable,PC,Percentage change,L,Chain linked volume,G1,"Growth rate, period on period",T0102,Table 0102 - GDP identity from the expenditure side,2010-Q2,,0.675744876,,,,,,F,Free (free for publication),1,One,A,Normal value,0,Units,_Z,Not applicable
DATAFLOW,OECD.SDD.NAD:DSD_NAMAIN1@DF_QNA_EXPENDITURE_GROWTH_G20(1.1),Quarterly real GDP growth - G20 countries,I,Q,Quarterly,Y,Calendar and seasonally adjusted,ITA,Italy,S1,Total economy,S1,Total economy,B1GQ,Gross domestic product,_Z,Not applicable,_Z,Not applicable,_Z,Not applicable,PC,Percentage change,L,Chain linked volume,G1,"Growth rate, period on period",T0102,Table 0102 - GDP identity from the expenditure side,2010-Q3,,0.265814967,,,,,,F,Free (free for publication),1,One,A,Normal value,0,Units,_Z,Not applicable
DATAFLOW,OECD.SDD.NAD:DSD_NAMAIN1@DF_QNA_EXPENDITURE_GROWTH_G20(1.1),Quarterly real GDP growth - G20 countries,I,Q,Quarterly,Y,Calendar and seasonally adjusted,ITA,Italy,S1,Total economy,S1,Total economy,B1GQ,Gross domestic product,_Z,Not applicable,_Z,Not applicable,_Z,Not applicable,PC,Percentage change,L,Chain linked volume,G1,"Growth rate, period on period",T0102,Table 0102 - GDP identity from the expenditure side,2010-Q4,,0.858292283,,,,,,F,Free (free for publication),1,One,A,Normal value,0,Units,_Z,Not applicable
DATAFLOW,OECD.SDD.NAD:DSD_NAMAIN1@DF_QNA_EXPENDITURE_GROWTH_G20(1.1),Quarterly real GDP growth - G20 countries,I,Q,Quarterly,Y,Calendar and seasonally adjusted,ITA,Italy,S1,Total economy,S1,Total economy,B1GQ,Gross domestic product,_Z,Not applicable,_Z,Not applicable,_Z,Not applicable,PC,Percentage change,L,Chain linked volume,G1,"Growth rate, period on period",T0102,Table 0102 - GDP identity from the expenditure side,2011-Q1,,0.56666507,,,,,,F,Free (free for publication),1,One,A,Normal value,0,Units,_Z,Not applicable
DATAFLOW,OECD.SDD.NAD:DSD_NAMAIN1@DF_QNA_EXPENDITURE_GROWTH_G20(1.1),Quarterly real GDP growth - G20 countries,I,Q,Quarterly,Y,Calendar and seasonally adjusted,ITA,Italy,S1,Total economy,S1,Total economy,B1GQ,Gross domestic product,_Z,Not applicable,_Z,Not applicable,_Z,Not applicable,PC,Percentage change,L,Chain linked volume,G1,"Growth rate, period on period",T0102,Table 0102 - GDP identity from the expenditure side,2011-Q2,,-0.238336236,,,,,,F,Free (free for publication),1,One,A,Normal value,0,Units,_Z,Not applicable
DATAFLOW,OECD.SDD.NAD:DSD_NAMAIN1@DF_QNA_EXPENDITURE_GROWTH_G20(1.1),Quarterly real GDP growth - G20 countries,I,Q,Quarterly,Y,Calendar and seasonally adjusted,ITA,Italy,S1,Total economy,S1,Total economy,B1GQ,Gross domestic product,_Z,Not applicable,_Z,Not applicable,_Z,Not applicable,PC,Percentage change,L,Chain linked volume,G1,"Growth rate, period on period",T0102,Table 0102 - GDP identity from the expenditure side,2011-Q3,,-0.457041585,,,,,,F,Free (free for publication),1,One,A,Normal value,0,Units,_Z,Not applicable
DATAFLOW,OECD.SDD.NAD:DSD_NAMAIN1@DF_QNA_EXPENDITURE_GROWTH_G20(1.1),Quarterly real GDP growth - G20 countries,I,Q,Quarterly,Y,Calendar and seasonally adjusted,ITA,Italy,S1,Total economy,S1,Total economy,B1GQ,Gross domestic product,_Z,Not applicable,_Z,Not applicable,_Z,Not applicable,PC,Percentage change,L,Chain linked volume,G1,"Growth rate, period on period",T0102,Table 0102 - GDP identity from the expenditure side,2011-Q4,,-0.978433347,,,,,,F,Free (free for publication),1,One,A,Normal value,0,Units,_Z,Not applicable
DATAFLOW,OECD.SDD.NAD:DSD_NAMAIN1@DF_QNA_EXPENDITURE_GROWTH_G20(1.1),Quarterly real GDP growth - G20 countries,I,Q,Quarterly,Y,Calendar and seasonally adjusted,ITA,Italy,S1,Total economy,S1,Total economy,B1GQ,Gross domestic product,_Z,Not applicable,_Z,Not applicable,_Z,Not applicable,PC,Percentage change,L,Chain linked volume,G1,"Growth rate, period on period",T0102,Table 0102 - GDP identity from the expenditure side,2012-Q1,,-1.04215542,,,,,,F,Free (free for publication),1,One,A,Normal value,0,Units,_Z,Not applicable
DATAFLOW,OECD.SDD.NAD:DSD_NAMAIN1@DF_QNA_EXPENDITURE_GROWTH_G20(1.1),Quarterly real GDP growth - G20 countries,I,Q,Quarterly,Y,Calendar and seasonally adjusted,ITA,Italy,S1,Total economy,S1,Total economy,B1GQ,Gross domestic product,_Z,Not applicable,_Z,Not applicable,_Z,Not applicable,PC,Percentage change,L,Chain linked volume,G1,"Growth rate, period on period",T0102,Table 0102 - GDP identity from the expenditure side,2012-Q2,,-0.834837239,,,,,,F,Free (free for publication),1,One,A,Normal value,0,Units,_Z,Not applicable
DATAFLOW,OECD.SDD.NAD:DSD_NAMAIN1@DF_QNA_EXPENDITURE_GROWTH_G20(1.1),Quarterly real GDP growth - G20 countries,I,Q,Quarterly,Y,Calendar and seasonally adjusted,ITA,Italy,S1,Total economy,S1,Total economy,B1GQ,Gross domestic product,_Z,Not applicable,_Z,Not applicable,_Z,Not applicable,PC,Percentage change,L,Chain linked volume,G1,"Growth rate, period on period",T0102,Table 0102 - GDP identity from the expenditure side,2012-Q3,,-0.663377675,,,,,,F,Free (free for publication),1,One,A,Normal value,0,Units,_Z,Not applicable
DATAFLOW,OECD.SDD.NAD:DSD_NAMAIN1@DF_QNA_EXPENDITURE_GROWTH_G20(1.1),Quarterly real GDP growth - G20 countries,I,Q,Quarterly,Y,Calendar and seasonally adjusted,ITA,Italy,S1,Total economy,S1,Total economy,B1GQ,Gross domestic product,_Z,Not applicable,_Z,Not applicable,_Z,Not applicable,PC,Percentage change,L,Chain linked volume,G1,"Growth rate, period on period",T0102,Table 0102 - GDP identity from the expenditure side,2012-Q4,,-0.76780049,,,,,,F,Free (free for publication),1,One,A,Normal value,0,Units,_Z,Not applicable
DATAFLOW,OECD.SDD.NAD:DSD_NAMAIN1@DF_QNA_EXPENDITURE_GROWTH_G20(1.1),Quarterly real GDP growth - G20 countries,I,Q,Quarterly,Y,Calendar and seasonally adjusted,ITA,Italy,S1,Total economy,S1,Total economy,B1GQ,Gross domestic product,_Z,Not applicable,_Z,Not applicable,_Z,Not applicable,PC,Percentage change,L,Chain linked volume,G1,"Growth rate, period on period",T0102,Table 0102 - GDP identity from the expenditure side,2013-Q1,,-0.828710984,,,,,,F,Free (free for publication),1,One,A,Normal value,0,Units,_Z,Not applicable
DATAFLOW,OECD.SDD.NAD:DSD_NAMAIN1@DF_QNA_EXPENDITURE_GROWTH_G20(1.1),Quarterly real GDP growth - G20 countries,I,Q,Quarterly,Y,Calendar and seasonally adjusted,ITA,Italy,S1,Total economy,S1,Total economy,B1GQ,Gross domestic product,_Z,Not applicable,_Z,Not applicable,_Z,Not applicable,PC,Percentage change,L,Chain linked volume,G1,"Growth rate, period on period",T0102,Table 0102 - GDP identity from the expenditure side,2013-Q2,,-0.02343398,,,,,,F,Free (free for publication),1,One,A,Normal value,0,Units,_Z,Not applicable
DATAFLOW,OECD.SDD.NAD:DSD_NAMAIN1@DF_QNA_EXPENDITURE_GROWTH_G20(1.1),Quarterly real GDP growth - G20 countries,I,Q,Quarterly,Y,Calendar and seasonally adjusted,ITA,Italy,S1,Total economy,S1,Total economy,B1GQ,Gross domestic product,_Z,Not applicable,_Z,Not applicable,_Z,Not applicable,PC,Percentage change,L,Chain linked volume,G1,"Growth rate, period on period",T0102,Table 0102 - GDP identity from the expenditure side,2013-Q3,,0.334328153,,,,,,F,Free (free for publication),1,One,A,Normal value,0,Units,_Z,Not applicable
DATAFLOW,OECD.SDD.NAD:DSD_NAMAIN1@DF_QNA_EXPENDITURE_GROWTH_G20(1.1),Quarterly real GDP growth - G20 countries,I,Q,Quarterly,Y,Calendar and seasonally adjusted,ITA,Italy,S1,Total economy,S1,Total economy,B1GQ,Gross domestic product,_Z,Not applicable,_Z,Not applicable,_Z,Not applicable,PC,Percentage change,L,Chain linked volume,G1,"Growth rate, period on period",T0102,Table 0102 - GDP identity from the expenditure side,2013-Q4,,-0.147078239,,,,,,F,Free (free for publication),1,One,A,Normal value,0,Units,_Z,Not applicable
DATAFLOW,OECD.SDD.NAD:DSD_NAMAIN1@DF_QNA_EXPENDITURE_GROWTH_G20(1.1),Quarterly real GDP growth - G20 countries,I,Q,Quarterly,Y,Calendar and seasonally adjusted,ITA,Italy,S1,Total economy,S1,Total economy,B1GQ,Gross domestic product,_Z,Not applicable,_Z,Not applicable,_Z,Not applicable,PC,Percentage change,L,Chain linked volume,G1,"Growth rate, period on period",T0102,Table 0102 - GDP identity from the expenditure side,2014-Q1,,0.041383719,,,,,,F,Free (free for publication),1,One,A,Normal value,0,Units,_Z,Not applicable
DATAFLOW,OECD.SDD.NAD:DSD_NAMAIN1@DF_QNA_EXPENDITURE_GROWTH_G20(1.1),Quarterly real GDP growth - G20 countries,I,Q,Quarterly,Y,Calendar and seasonally adjusted,ITA,Italy,S1,Total economy,S1,Total economy,B1GQ,Gross domestic product,_Z,Not applicable,_Z,Not applicable,_Z,Not applicable,PC,Percentage change,L,Chain linked volume,G1,"Growth rate, period on period",T0102,Table 0102 - GDP identity from the expenditure side,2014-Q2,,0.026043092,,,,,,F,Free (free for publication),1,One,A,Normal value,0,Units,_Z,Not applicable
DATAFLOW,OECD.SDD.NAD:DSD_NAMAIN1@DF_QNA_EXPENDITURE_GROWTH_G20(1.1),Quarterly real GDP growth - G20 countries,I,Q,Quarterly,Y,Calendar and seasonally adjusted,ITA,Italy,S1,Total economy,S1,Total economy,B1GQ,Gross domestic product,_Z,Not applicable,_Z,Not applicable,_Z,Not applicable,PC,Percentage change,L,Chain linked volume,G1,"Growth rate, period on period",T0102,Table 0102 - GDP identity from the expenditure side,2014-Q3,,0.007968897,,,,,,F,Free (free for publication),1,One,A,Normal value,0,Units,_Z,Not applicable
DATAFLOW,OECD.SDD.NAD:DSD_NAMAIN1@DF_QNA_EXPENDITURE_GROWTH_G20(1.1),Quarterly real GDP growth - G20 countries,I,Q,Quarterly,Y,Calendar and seasonally adjusted,ITA,Italy,S1,Total economy,S1,Total economy,B1GQ,Gross domestic product,_Z,Not applicable,_Z,Not applicable,_Z,Not applicable,PC,Percentage change,L,Chain linked volume,G1,"Growth rate, period on period",T0102,Table 0102 - GDP identity from the expenditure side,2014-Q4,,-0.160739088,,,,,,F,Free (free for publication),1,One,A,Normal value,0,Units,_Z,Not applicable
DATAFLOW,OECD.SDD.NAD:DSD_NAMAIN1@DF_QNA_EXPENDITURE_GROWTH_G20(1.1),Quarterly real GDP growth - G20 countries,I,Q,Quarterly,Y,Calendar and seasonally adjusted,ITA,Italy,S1,Total economy,S1,Total economy,B1GQ,Gross domestic product,_Z,Not applicable,_Z,Not applicable,_Z,Not applicable,PC,Percentage change,L,Chain linked volume,G1,"Growth rate, period on period",T0102,Table 0102 - GDP identity from the expenditure side,2015-Q1,,0.401049835,,,,,,F,Free (free for publication),1,One,A,Normal value,0,Units,_Z,Not applicable
DATAFLOW,OECD.SDD.NAD:DSD_NAMAIN1@DF_QNA_EXPENDITURE_GROWTH_G20(1.1),Quarterly real GDP growth - G20 countries,I,Q,Quarterly,Y,Calendar and seasonally adjusted,ITA,Italy,S1,Total economy,S1,Total economy,B1GQ,Gross domestic product,_Z,Not applicable,_Z,Not applicable,_Z,Not applicable,PC,Percentage change,L,Chain linked volume,G1,"Growth rate, period on period",T0102,Table 0102 - GDP identity from the expenditure side,2015-Q2,,0.429805612,,,,,,F,Free (free for publication),1,One,A,Normal value,0,Units,_Z,Not applicable
DATAFLOW,OECD.SDD.NAD:DSD_NAMAIN1@DF_QNA_EXPENDITURE_GROWTH_G20(1.1),Quarterly real GDP growth - G20 countries,I,Q,Quarterly,Y,Calendar and seasonally adjusted,ITA,Italy,S1,Total economy,S1,Total economy,B1GQ,Gross domestic product,_Z,Not applicable,_Z,Not applicable,_Z,Not applicable,PC,Percentage change,L,Chain linked volume,G1,"Growth rate, period on period",T0102,Table 0102 - GDP identity from the expenditure side,2015-Q3,,0.032661535,,,,,,F,Free (free for publication),1,One,A,Normal value,0,Units,_Z,Not applicable
DATAFLOW,OECD.SDD.NAD:DSD_NAMAIN1@DF_QNA_EXPENDITURE_GROWTH_G20(1.1),Quarterly real GDP growth - G20 countries,I,Q,Quarterly,Y,Calendar and seasonally adjusted,ITA,Italy,S1,Total economy,S1,Total economy,B1GQ,Gross domestic product,_Z,Not applicable,_Z,Not applicable,_Z,Not applicable,PC,Percentage change,L,Chain linked volume,G1,"Growth rate, period on period",T0102,Table 0102 - GDP identity from the expenditure side,2015-Q4,,0.458112639,,,,,,F,Free (free for publication),1,One,A,Normal value,0,Units,_Z,Not applicable
DATAFLOW,OECD.SDD.NAD:DSD_NAMAIN1@DF_QNA_EXPENDITURE_GROWTH_G20(1.1),Quarterly real GDP growth - G20 countries,I,Q,Quarterly,Y,Calendar and seasonally adjusted,ITA,Italy,S1,Total economy,S1,Total economy,B1GQ,Gross domestic product,_Z,Not applicable,_Z,Not applicable,_Z,Not applicable,PC,Percentage change,L,Chain linked volume,G1,"Growth rate, period on period",T0102,Table 0102 - GDP identity from the expenditure side,2016-Q1,,0.205966557,,,,,,F,Free (free for publication),1,One,A,Normal value,0,Units,_Z,Not applicable
DATAFLOW,OECD.SDD.NAD:DSD_NAMAIN1@DF_QNA_EXPENDITURE_GROWTH_G20(1.1),Quarterly real GDP growth - G20 countries,I,Q,Quarterly,Y,Calendar and seasonally adjusted,ITA,Italy,S1,Total economy,S1,Total economy,B1GQ,Gross domestic product,_Z,Not applicable,_Z,Not applicable,_Z,Not applicable,PC,Percentage change,L,Chain linked volume,G1,"Growth rate, period on period",T0102,Table 0102 - GDP identity from the expenditure side,2016-Q2,,0.323832193,,,,,,F,Free (free for publication),1,One,A,Normal value,0,Units,_Z,Not applicable
DATAFLOW,OECD.SDD.NAD:DSD_NAMAIN1@DF_QNA_EXPENDITURE_GROWTH_G20(1.1),Quarterly real GDP growth - G20 countries,I,Q,Quarterly,Y,Calendar and seasonally adjusted,ITA,Italy,S1,Total economy,S1,Total economy,B1GQ,Gross domestic product,_Z,Not applicable,_Z,Not applicable,_Z,Not applicable,PC,Percentage change,L,Chain linked volume,G1,"Growth rate, period on period",T0102,Table 0102 - GDP identity from the expenditure side,2016-Q3,,0.684095704,,,,,,F,Free (free for publication),1,One,A,Normal value,0,Units,_Z,Not applicable
DATAFLOW,OECD.SDD.NAD:DSD_NAMAIN1@DF_QNA_EXPENDITURE_GROWTH_G20(1.1),Quarterly real GDP growth - G20 countries,I,Q,Quarterly,Y,Calendar and seasonally adjusted,ITA,Italy,S1,Total economy,S1,Total economy,B1GQ,Gross domestic product,_Z,Not applicable,_Z,Not applicable,_Z,Not applicable,PC,Percentage change,L,Chain linked volume,G1,"Growth rate, period on period",T0102,Table 0102 - GDP identity from the expenditure side,2016-Q4,,0.356796657,,,,,,F,Free (free for publication),1,One,A,Normal value,0,Units,_Z,Not applicable
DATAFLOW,OECD.SDD.NAD:DSD_NAMAIN1@DF_QNA_EXPENDITURE_GROWTH_G20(1.1),Quarterly real GDP growth - G20 countries,I,Q,Quarterly,Y,Calendar and seasonally adjusted,ITA,Italy,S1,Total economy,S1,Total economy,B1GQ,Gross domestic product,_Z,Not applicable,_Z,Not applicable,_Z,Not applicable,PC,Percentage change,L,Chain linked volume,G1,"Growth rate, period on period",T0102,Table 0102 - GDP identity from the expenditure side,2017-Q1,,0.483826656,,,,,,F,Free (free for publication),1,One,A,Normal value,0,Units,_Z,Not applicable
DATAFLOW,OECD.SDD.NAD:DSD_NAMAIN1@DF_QNA_EXPENDITURE_GROWTH_G20(1.1),Quarterly real GDP growth - G20 countries,I,Q,Quarterly,Y,Calendar and seasonally adjusted,ITA,Italy,S1,Total economy,S1,Total economy,B1GQ,Gross domestic product,_Z,Not applicable,_Z,Not applicable,_Z,Not applicable,PC,Percentage change,L,Chain linked volume,G1,"Growth rate, period on period",T0102,Table 0102 - GDP identity from the expenditure side,2017-Q2,,0.427879109,,,,,,F,Free (free for publication),1,One,A,Normal value,0,Units,_Z,Not applicable
DATAFLOW,OECD.SDD.NAD:DSD_NAMAIN1@DF_QNA_EXPENDITURE_GROWTH_G20(1.1),Quarterly real GDP growth - G20 countries,I,Q,Quarterly,Y,Calendar and seasonally adjusted,ITA,Italy,S1,Total economy,S1,Total economy,B1GQ,Gross domestic product,_Z,Not applicable,_Z,Not applicable,_Z,Not applicable,PC,Percentage change,L,Chain linked volume,G1,"Growth rate, period on period",T0102,Table 0102 - GDP identity from the expenditure side,2017-Q3,,0.077280077,,,,,,F,Free (free for publication),1,One,A,Normal value,0,Units,_Z,Not applicable
DATAFLOW,OECD.SDD.NAD:DSD_NAMAIN1@DF_QNA_EXPENDITURE_GROWTH_G20(1.1),Quarterly real GDP growth - G20 countries,I,Q,Quarterly,Y,Calendar and seasonally adjusted,ITA,Italy,S1,Total economy,S1,Total economy,B1GQ,Gross domestic product,_Z,Not applicable,_Z,Not applicable,_Z,Not applicable,PC,Percentage change,L,Chain linked volume,G1,"Growth rate, period on period",T0102,Table 0102 - GDP identity from the expenditure side,2017-Q4,,0.594199954,,,,,,F,Free (free for publication),1,One,A,Normal value,0,Units,_Z,Not applicable
DATAFLOW,OECD.SDD.NAD:DSD_NAMAIN1@DF_QNA_EXPENDITURE_GROWTH_G20(1.1),Quarterly real GDP growth - G20 countries,I,Q,Quarterly,Y,Calendar and seasonally adjusted,ITA,Italy,S1,Total economy,S1,Total economy,B1GQ,Gross domestic product,_Z,Not applicable,_Z,Not applicable,_Z,Not applicable,PC,Percentage change,L,Chain linked volume,G1,"Growth rate, period on period",T0102,Table 0102 - GDP identity from the expenditure side,2018-Q1,,-0.144031699,,,,,,F,Free (free for publication),1,One,A,Normal value,0,Units,_Z,Not applicable
DATAFLOW,OECD.SDD.NAD:DSD_NAMAIN1@DF_QNA_EXPENDITURE_GROWTH_G20(1.1),Quarterly real GDP growth - G20 countries,I,Q,Quarterly,Y,Calendar and seasonally adjusted,ITA,Italy,S1,Total economy,S1,Total economy,B1GQ,Gross domestic product,_Z,Not applicable,_Z,Not applicable,_Z,Not applicable,PC,Percentage change,L,Chain linked volume,G1,"Growth rate, period on period",T0102,Table 0102 - GDP identity from the expenditure side,2018-Q2,,0.279012293,,,,,,F,Free (free for publication),1,One,A,Normal value,0,Units,_Z,Not applicable
DATAFLOW,OECD.SDD.NAD:DSD_NAMAIN1@DF_QNA_EXPENDITURE_GROWTH_G20(1.1),Quarterly real GDP growth - G20 countries,I,Q,Quarterly,Y,Calendar and seasonally adjusted,ITA,Italy,S1,Total economy,S1,Total economy,B1GQ,Gross domestic product,_Z,Not applicable,_Z,Not applicable,_Z,Not applicable,PC,Percentage change,L,Chain linked volume,G1,"Growth rate, period on period",T0102,Table 0102 - GDP identity from the expenditure side,2018-Q3,,-0.088379295,,,,,,F,Free (free for publication),1,One,A,Normal value,0,Units,_Z,Not applicable
DATAFLOW,OECD.SDD.NAD:DSD_NAMAIN1@DF_QNA_EXPENDITURE_GROWTH_G20(1.1),Quarterly real GDP growth - G20 countries,I,Q,Quarterly,Y,Calendar and seasonally adjusted,ITA,Italy,S1,Total economy,S1,Total economy,B1GQ,Gross domestic product,_Z,Not applicable,_Z,Not applicable,_Z,Not applicable,PC,Percentage change,L,Chain linked volume,G1,"Growth rate, period on period",T0102,Table 0102 - GDP identity from the expenditure side,2018-Q4,,0.278240952,,,,,,F,Free (free for publication),1,One,A,Normal value,0,Units,_Z,Not applicable
DATAFLOW,OECD.SDD.NAD:DSD_NAMAIN1@DF_QNA_EXPENDITURE_GROWTH_G20(1.1),Quarterly real GDP growth - G20 countries,I,Q,Quarterly,Y,Calendar and seasonally adjusted,ITA,Italy,S1,Total economy,S1,Total economy,B1GQ,Gross domestic product,_Z,Not applicable,_Z,Not applicable,_Z,Not applicable,PC,Percentage change,L,Chain linked volume,G1,"Growth rate, period on period",T0102,Table 0102 - GDP identity from the expenditure side,2019-Q1,,0.224672872,,,,,,F,Free (free for publication),1,One,A,Normal value,0,Units,_Z,Not applicable
DATAFLOW,OECD.SDD.NAD:DSD_NAMAIN1@DF_QNA_EXPENDITURE_GROWTH_G20(1.1),Quarterly real GDP growth - G20 countries,I,Q,Quarterly,Y,Calendar and seasonally adjusted,ITA,Italy,S1,Total economy,S1,Total economy,B1GQ,Gross domestic product,_Z,Not applicable,_Z,Not applicable,_Z,Not applicable,PC,Percentage change,L,Chain linked volume,G1,"Growth rate, period on period",T0102,Table 0102 - GDP identity from the expenditure side,2019-Q2,,0.39603157,,,,,,F,Free (free for publication),1,One,A,Normal value,0,Units,_Z,Not applicable
DATAFLOW,OECD.SDD.NAD:DSD_NAMAIN1@DF_QNA_EXPENDITURE_GROWTH_G20(1.1),Quarterly real GDP growth - G20 countries,I,Q,Quarterly,Y,Calendar and seasonally adjusted,ITA,Italy,S1,Total economy,S1,Total economy,B1GQ,Gross domestic product,_Z,Not applicable,_Z,Not applicable,_Z,Not applicable,PC,Percentage change,L,Chain linked volume,G1,"Growth rate, period on period",T0102,Table 0102 - GDP identity from the expenditure side,2019-Q3,,-0.541710962,,,,,,F,Free (free for publication),1,One,A,Normal value,0,Units,_Z,Not applicable
DATAFLOW,OECD.SDD.NAD:DSD_NAMAIN1@DF_QNA_EXPENDITURE_GROWTH_G20(1.1),Quarterly real GDP growth - G20 countries,I,Q,Quarterly,Y,Calendar and seasonally adjusted,ITA,Italy,S1,Total economy,S1,Total economy,B1GQ,Gross domestic product,_Z,Not applicable,_Z,Not applicable,_Z,Not applicable,PC,Percentage change,L,Chain linked volume,G1,"Growth rate, period on period",T0102,Table 0102 - GDP identity from the expenditure side,2019-Q4,,-0.263166748,,,,,,F,Free (free for publication),1,One,A,Normal value,0,Units,_Z,Not applicable
DATAFLOW,OECD.SDD.NAD:DSD_NAMAIN1@DF_QNA_EXPENDITURE_GROWTH_G20(1.1),Quarterly real GDP growth - G20 countries,I,Q,Quarterly,Y,Calendar and seasonally adjusted,ITA,Italy,S1,Total economy,S1,Total economy,B1GQ,Gross domestic product,_Z,Not applicable,_Z,Not applicable,_Z,Not applicable,PC,Percentage change,L,Chain linked volume,G1,"Growth rate, period on period",T0102,Table 0102 - GDP identity from the expenditure side,2020-Q1,,-5.695782361,,,,,,F,Free (free for publication),1,One,A,Normal value,0,Units,_Z,Not applicable
DATAFLOW,OECD.SDD.NAD:DSD_NAMAIN1@DF_QNA_EXPENDITURE_GROWTH_G20(1.1),Quarterly real GDP growth - G20 countries,I,Q,Quarterly,Y,Calendar and seasonally adjusted,ITA,Italy,S1,Total economy,S1,Total economy,B1GQ,Gross domestic product,_Z,Not applicable,_Z,Not applicable,_Z,Not applicable,PC,Percentage change,L,Chain linked volume,G1,"Growth rate, period on period",T0102,Table 0102 - GDP identity from the expenditure side,2020-Q2,,-12.486665649,,,,,,F,Free (free for publication),1,One,A,Normal value,0,Units,_Z,Not applicable
DATAFLOW,OECD.SDD.NAD:DSD_NAMAIN1@DF_QNA_EXPENDITURE_GROWTH_G20(1.1),Quarterly real GDP growth - G20 countries,I,Q,Quarterly,Y,Calendar and seasonally adjusted,ITA,Italy,S1,Total economy,S1,Total economy,B1GQ,Gross domestic product,_Z,Not applicable,_Z,Not applicable,_Z,Not applicable,PC,Percentage change,L,Chain linked volume,G1,"Growth rate, period on period",T0102,Table 0102 - GDP identity from the expenditure side,2020-Q3,,14.174669624,,,,,,F,Free (free for publication),1,One,A,Normal value,0,Units,_Z,Not applicable
DATAFLOW,OECD.SDD.NAD:DSD_NAMAIN1@DF_QNA_EXPENDITURE_GROWTH_G20(1.1),Quarterly real GDP growth - G20 countries,I,Q,Quarterly,Y,Calendar and seasonally adjusted,ITA,Italy,S1,Total economy,S1,Total economy,B1GQ,Gross domestic product,_Z,Not applicable,_Z,Not applicable,_Z,Not applicable,PC,Percentage change,L,Chain linked volume,G1,"Growth rate, period on period",T0102,Table 0102 - GDP identity from the expenditure side,2020-Q4,,0.273844216,,,,,,F,Free (free for publication),1,One,A,Normal value,0,Units,_Z,Not applicable
DATAFLOW,OECD.SDD.NAD:DSD_NAMAIN1@DF_QNA_EXPENDITURE_GROWTH_G20(1.1),Quarterly real GDP growth - G20 countries,I,Q,Quarterly,Y,Calendar and seasonally adjusted,ITA,Italy,S1,Total economy,S1,Total economy,B1GQ,Gross domestic product,_Z,Not applicable,_Z,Not applicable,_Z,Not applicable,PC,Percentage change,L,Chain linked volume,G1,"Growth rate, period on period",T0102,Table 0102 - GDP identity from the expenditure side,2021-Q1,,1.650493224,,,,,,F,Free (free for publication),1,One,A,Normal value,0,Units,_Z,Not applicable
DATAFLOW,OECD.SDD.NAD:DSD_NAMAIN1@DF_QNA_EXPENDITURE_GROWTH_G20(1.1),Quarterly real GDP growth - G20 countries,I,Q,Quarterly,Y,Calendar and seasonally adjusted,ITA,Italy,S1,Total economy,S1,Total economy,B1GQ,Gross domestic product,_Z,Not applicable,_Z,Not applicable,_Z,Not applicable,PC,Percentage change,L,Chain linked volume,G1,"Growth rate, period on period",T0102,Table 0102 - GDP identity from the expenditure side,2021-Q2,,2.527695161,,,,,,F,Free (free for publication),1,One,A,Normal value,0,Units,_Z,Not applicable
DATAFLOW,OECD.SDD.NAD:DSD_NAMAIN1@DF_QNA_EXPENDITURE_GROWTH_G20(1.1),Quarterly real GDP growth - G20 countries,I,Q,Quarterly,Y,Calendar and seasonally adjusted,ITA,Italy,S1,Total economy,S1,Total economy,B1GQ,Gross domestic product,_Z,Not applicable,_Z,Not applicable,_Z,Not applicable,PC,Percentage change,L,Chain linked volume,G1,"Growth rate, period on period",T0102,Table 0102 - GDP identity from the expenditure side,2021-Q3,,2.352008039,,,,,,F,Free (free for publication),1,One,A,Normal value,0,Units,_Z,Not applicable
DATAFLOW,OECD.SDD.NAD:DSD_NAMAIN1@DF_QNA_EXPENDITURE_GROWTH_G20(1.1),Quarterly real GDP growth - G20 countries,I,Q,Quarterly,Y,Calendar and seasonally adjusted,ITA,Italy,S1,Total economy,S1,Total economy,B1GQ,Gross domestic product,_Z,Not applicable,_Z,Not applicable,_Z,Not applicable,PC,Percentage change,L,Chain linked volume,G1,"Growth rate, period on period",T0102,Table 0102 - GDP identity from the expenditure side,2021-Q4,,1.618789968,,,,,,F,Free (free for publication),1,One,A,Normal value,0,Units,_Z,Not applicable
DATAFLOW,OECD.SDD.NAD:DSD_NAMAIN1@DF_QNA_EXPENDITURE_GROWTH_G20(1.1),Quarterly real GDP growth - G20 countries,I,Q,Quarterly,Y,Calendar and seasonally adjusted,ITA,Italy,S1,Total economy,S1,Total economy,B1GQ,Gross domestic product,_Z,Not applicable,_Z,Not applicable,_Z,Not applicable,PC,Percentage change,L,Chain linked volume,G1,"Growth rate, period on period",T0102,Table 0102 - GDP identity from the expenditure side,2022-Q1,,0.717878728,,,,,,F,Free (free for publication),1,One,A,Normal value,0,Units,_Z,Not applicable
DATAFLOW,OECD.SDD.NAD:DSD_NAMAIN1@DF_QNA_EXPENDITURE_GROWTH_G20(1.1),Quarterly real GDP growth - G20 countries,I,Q,Quarterly,Y,Calendar and seasonally adjusted,ITA,Italy,S1,Total economy,S1,Total economy,B1GQ,Gross domestic product,_Z,Not applicable,_Z,Not applicable,_Z,Not applicable,PC,Percentage change,L,Chain linked volume,G1,"Growth rate, period on period",T0102,Table 0102 - GDP identity from the expenditure side,2022-Q2,,1.543875235,,,,,,F,Free (free for publication),1,One,A,Normal value,0,Units,_Z,Not applicable
DATAFLOW,OECD.SDD.NAD:DSD_NAMAIN1@DF_QNA_EXPENDITURE_GROWTH_G20(1.1),Quarterly real GDP growth - G20 countries,I,Q,Quarterly,Y,Calendar and seasonally adjusted,ITA,Italy,S1,Total economy,S1,Total economy,B1GQ,Gross domestic product,_Z,Not applicable,_Z,Not applicable,_Z,Not applicable,PC,Percentage change,L,Chain linked volume,G1,"Growth rate, period on period",T0102,Table 0102 - GDP identity from the expenditure side,2022-Q3,,0.140974682,,,,,,F,Free (free for publication),1,One,A,Normal value,0,Units,_Z,Not applicable
DATAFLOW,OECD.SDD.NAD:DSD_NAMAIN1@DF_QNA_EXPENDITURE_GROWTH_G20(1.1),Quarterly real GDP growth - G20 countries,I,Q,Quarterly,Y,Calendar and seasonally adjusted,ITA,Italy,S1,Total economy,S1,Total economy,B1GQ,Gross domestic product,_Z,Not applicable,_Z,Not applicable,_Z,Not applicable,PC,Percentage change,L,Chain linked volume,G1,"Growth rate, period on period",T0102,Table 0102 - GDP identity from the expenditure side,2022-Q4,,-0.186441842,,,,,,F,Free (free for publication),1,One,A,Normal value,0,Units,_Z,Not applicable
DATAFLOW,OECD.SDD.NAD:DSD_NAMAIN1@DF_QNA_EXPENDITURE_GROWTH_G20(1.1),Quarterly real GDP growth - G20 countries,I,Q,Quarterly,Y,Calendar and seasonally adjusted,ITA,Italy,S1,Total economy,S1,Total economy,B1GQ,Gross domestic product,_Z,Not applicable,_Z,Not applicable,_Z,Not applicable,PC,Percentage change,L,Chain linked volume,G1,"Growth rate, period on period",T0102,Table 0102 - GDP identity from the expenditure side,2023-Q1,,0.693146274,,,,,,F,Free (free for publication),1,One,A,Normal value,0,Units,_Z,Not applicable
DATAFLOW,OECD.SDD.NAD:DSD_NAMAIN1@DF_QNA_EXPENDITURE_GROWTH_G20(1.1),Quarterly real GDP growth - G20 countries,I,Q,Quarterly,Y,Calendar and seasonally adjusted,ITA,Italy,S1,Total economy,S1,Total economy,B1GQ,Gross domestic product,_Z,Not applicable,_Z,Not applicable,_Z,Not applicable,PC,Percentage change,L,Chain linked volume,G1,"Growth rate, period on period",T0102,Table 0102 - GDP identity from the expenditure side,2023-Q2,,-0.00151661,,,,,,F,Free (free for publication),1,One,A,Normal value,0,Units,_Z,Not applicable
DATAFLOW,OECD.SDD.NAD:DSD_NAMAIN1@DF_QNA_EXPENDITURE_GROWTH_G20(1.1),Quarterly real GDP growth - G20 countries,I,Q,Quarterly,Y,Calendar and seasonally adjusted,ITA,Italy,S1,Total economy,S1,Total economy,B1GQ,Gross domestic product,_Z,Not applicable,_Z,Not applicable,_Z,Not applicable,PC,Percentage change,L,Chain linked volume,G1,"Growth rate, period on period",T0102,Table 0102 - GDP identity from the expenditure side,2023-Q3,,0.02110821,,,,,,F,Free (free for publication),1,One,A,Normal value,0,Units,_Z,Not applicable
DATAFLOW,OECD.SDD.NAD:DSD_NAMAIN1@DF_QNA_EXPENDITURE_GROWTH_G20(1.1),Quarterly real GDP growth - G20 countries,I,Q,Quarterly,Y,Calendar and seasonally adjusted,ITA,Italy,S1,Total economy,S1,Total economy,B1GQ,Gross domestic product,_Z,Not applicable,_Z,Not applicable,_Z,Not applicable,PC,Percentage change,L,Chain linked volume,G1,"Growth rate, period on period",T0102,Table 0102 - GDP identity from the expenditure side,2023-Q4,,0.227550828,,,,,,F,Free (free for publication),1,One,A,Normal value,0,Units,_Z,Not applicable
DATAFLOW,OECD.SDD.NAD:DSD_NAMAIN1@DF_QNA_EXPENDITURE_GROWTH_G20(1.1),Quarterly real GDP growth - G20 countries,I,Q,Quarterly,Y,Calendar and seasonally adjusted,ITA,Italy,S1,Total economy,S1,Total economy,B1GQ,Gross domestic product,_Z,Not applicable,_Z,Not applicable,_Z,Not applicable,PC,Percentage change,L,Chain linked volume,G1,"Growth rate, period on period",T0102,Table 0102 - GDP identity from the expenditure side,2024-Q1,,0.082254567,,,,,,F,Free (free for publication),1,One,A,Normal value,0,Units,_Z,Not applicable
DATAFLOW,OECD.SDD.NAD:DSD_NAMAIN1@DF_QNA_EXPENDITURE_GROWTH_G20(1.1),Quarterly real GDP growth - G20 countries,I,Q,Quarterly,Y,Calendar and seasonally adjusted,ITA,Italy,S1,Total economy,S1,Total economy,B1GQ,Gross domestic product,_Z,Not applicable,_Z,Not applicable,_Z,Not applicable,PC,Percentage change,L,Chain linked volume,G1,"Growth rate, period on period",T0102,Table 0102 - GDP identity from the expenditure side,2024-Q2,,0.227282469,,,,,,F,Free (free for publication),1,One,A,Normal value,0,Units,_Z,Not applicable
DATAFLOW,OECD.SDD.NAD:DSD_NAMAIN1@DF_QNA_EXPENDITURE_GROWTH_G20(1.1),Quarterly real GDP growth - G20 countries,I,Q,Quarterly,Y,Calendar and seasonally adjusted,ITA,Italy,S1,Total economy,S1,Total economy,B1GQ,Gross domestic product,_Z,Not applicable,_Z,Not applicable,_Z,Not applicable,PC,Percentage change,L,Chain linked volume,G1,"Growth rate, period on period",T0102,Table 0102 - GDP identity from the expenditure side,2024-Q3,,0.023800625,,,,,,F,Free (free for publication),1,One,A,Normal value,0,Units,_Z,Not applicable
DATAFLOW,OECD.SDD.NAD:DSD_NAMAIN1@DF_QNA_EXPENDITURE_GROWTH_G20(1.1),Quarterly real GDP growth - G20 countries,I,Q,Quarterly,Y,Calendar and seasonally adjusted,ITA,Italy,S1,Total economy,S1,Total economy,B1GQ,Gross domestic product,_Z,Not applicable,_Z,Not applicable,_Z,Not applicable,PC,Percentage change,L,Chain linked volume,G1,"Growth rate, period on period",T0102,Table 0102 - GDP identity from the expenditure side,2024-Q4,,0.174868183,,,,,,F,Free (free for publication),1,One,A,Normal value,0,Units,_Z,Not applicable
DATAFLOW,OECD.SDD.NAD:DSD_NAMAIN1@DF_QNA_EXPENDITURE_GROWTH_G20(1.1),Quarterly real GDP growth - G20 countries,I,Q,Quarterly,Y,Calendar and seasonally adjusted,ITA,Italy,S1,Total economy,S1,Total economy,B1GQ,Gross domestic product,_Z,Not applicable,_Z,Not applicable,_Z,Not applicable,PC,Percentage change,L,Chain linked volume,G1,"Growth rate, period on period",T0102,Table 0102 - GDP identity from the expenditure side,2025-Q1,,0.327846746,,,,,,F,Free (free for publication),1,One,A,Normal value,0,Units,_Z,Not applicable
DATAFLOW,OECD.SDD.NAD:DSD_NAMAIN1@DF_QNA_EXPENDITURE_GROWTH_G20(1.1),Quarterly real GDP growth - G20 countries,I,Q,Quarterly,Y,Calendar and seasonally adjusted,ITA,Italy,S1,Total economy,S1,Total economy,B1GQ,Gross domestic product,_Z,Not applicable,_Z,Not applicable,_Z,Not applicable,PC,Percentage change,L,Chain linked volume,G1,"Growth rate, period on period",T0102,Table 0102 - GDP identity from the expenditure side,2025-Q2,,-0.070082025,,,,,,F,Free (free for publication),1,One,A,Normal value,0,Units,_Z,Not applicable
DATAFLOW,OECD.SDD.NAD:DSD_NAMAIN1@DF_QNA_EXPENDITURE_GROWTH_G20(1.1),Quarterly real GDP growth - G20 countries,I,Q,Quarterly,Y,Calendar and seasonally adjusted,ITA,Italy,S1,Total economy,S1,Total economy,B1GQ,Gross domestic product,_Z,Not applicable,_Z,Not applicable,_Z,Not applicable,PC,Percentage change,L,Chain linked volume,G1,"Growth rate, period on period",T0102,Table 0102 - GDP identity from the expenditure side,2025-Q3,,0.117989016,,,,,,F,Free (free for publication),1,One,A,Normal value,0,Units,_Z,Not applicable
DATAFLOW,OECD.SDD.NAD:DSD_NAMAIN1@DF_QNA_EXPENDITURE_GROWTH_G20(1.1),Quarterly real GDP growth - G20 countries,I,Q,Quarterly,Y,Calendar and seasonally adjusted,BRA,Brazil,S1,Total economy,S1,Total economy,B1GQ,Gross domestic product,_Z,Not applicable,_Z,Not applicable,_Z,Not applicable,PC,Percentage change,L,Chain linked volume,G1,"Growth rate, period on period",T0102,Table 0102 - GDP identity from the expenditure side,2010-Q1,,2.114431653,,,,,,F,Free (free for publication),1,One,A,Normal value,0,Units,_Z,Not applicable
DATAFLOW,OECD.SDD.NAD:DSD_NAMAIN1@DF_QNA_EXPENDITURE_GROWTH_G20(1.1),Quarterly real GDP growth - G20 countries,I,Q,Quarterly,Y,Calendar and seasonally adjusted,BRA,Brazil,S1,Total economy,S1,Total economy,B1GQ,Gross domestic product,_Z,Not applicable,_Z,Not applicable,_Z,Not applicable,PC,Percentage change,L,Chain linked volume,G1,"Growth rate, period on period",T0102,Table 0102 - GDP identity from the expenditure side,2010-Q2,,1.273105593,,,,,,F,Free (free for publication),1,One,A,Normal value,0,Units,_Z,Not applicable
DATAFLOW,OECD.SDD.NAD:DSD_NAMAIN1@DF_QNA_EXPENDITURE_GROWTH_G20(1.1),Quarterly real GDP growth - G20 countries,I,Q,Quarterly,Y,Calendar and seasonally adjusted,BRA,Brazil,S1,Total economy,S1,Total economy,B1GQ,Gross domestic product,_Z,Not applicable,_Z,Not applicable,_Z,Not applicable,PC,Percentage change,L,Chain linked volume,G1,"Growth rate, period on period",T0102,Table 0102 - GDP identity from the expenditure side,2010-Q3,,0.886226122,,,,,,F,Free (free for publication),1,One,A,Normal value,0,Units,_Z,Not applicable
DATAFLOW,OECD.SDD.NAD:DSD_NAMAIN1@DF_QNA_EXPENDITURE_GROWTH_G20(1.1),Quarterly real GDP growth - G20 countries,I,Q,Quarterly,Y,Calendar and seasonally adjusted,BRA,Brazil,S1,Total economy,S1,Total economy,B1GQ,Gross domestic product,_Z,Not applicable,_Z,Not applicable,_Z,Not applicable,PC,Percentage change,L,Chain linked volume,G1,"Growth rate, period on period",T0102,Table 0102 - GDP identity from the expenditure side,2010-Q4,,1.399020879,,,,,,F,Free (free for publication),1,One,A,Normal value,0,Units,_Z,Not applicable
DATAFLOW,OECD.SDD.NAD:DSD_NAMAIN1@DF_QNA_EXPENDITURE_GROWTH_G20(1.1),Quarterly real GDP growth - G20 countries,I,Q,Quarterly,Y,Calendar and seasonally adjusted,BRA,Brazil,S1,Total economy,S1,Total economy,B1GQ,Gross domestic product,_Z,Not applicable,_Z,Not applicable,_Z,Not applicable,PC,Percentage change,L,Chain linked volume,G1,"Growth rate, period on period",T0102,Table 0102 - GDP identity from the expenditure side,2011-Q1,,1.403021727,,,,,,F,Free (free for publication),1,One,A,Normal value,0,Units,_Z,Not applicable
DATAFLOW,OECD.SDD.NAD:DSD_NAMAIN1@DF_QNA_EXPENDITURE_GROWTH_G20(1.1),Quarterly real GDP growth - G20 countries,I,Q,Quarterly,Y,Calendar and seasonally adjusted,BRA,Brazil,S1,Total economy,S1,Total economy,B1GQ,Gross domestic product,_Z,Not applicable,_Z,Not applicable,_Z,Not applicable,PC,Percentage change,L,Chain linked volume,G1,"Growth rate, period on period",T0102,Table 0102 - GDP identity from the expenditure side,2011-Q2,,0.916900194,,,,,,F,Free (free for publication),1,One,A,Normal value,0,Units,_Z,Not applicable
DATAFLOW,OECD.SDD.NAD:DSD_NAMAIN1@DF_QNA_EXPENDITURE_GROWTH_G20(1.1),Quarterly real GDP growth - G20 countries,I,Q,Quarterly,Y,Calendar and seasonally adjusted,BRA,Brazil,S1,Total economy,S1,Total economy,B1GQ,Gross domestic product,_Z,Not applicable,_Z,Not applicable,_Z,Not applicable,PC,Percentage change,L,Chain linked volume,G1,"Growth rate, period on period",T0102,Table 0102 - GDP identity from the expenditure side,2011-Q3,,-0.166677555,,,,,,F,Free (free for publication),1,One,A,Normal value,0,Units,_Z,Not applicable
DATAFLOW,OECD.SDD.NAD:DSD_NAMAIN1@DF_QNA_EXPENDITURE_GROWTH_G20(1.1),Quarterly real GDP growth - G20 countries,I,Q,Quarterly,Y,Calendar and seasonally adjusted,BRA,Brazil,S1,Total economy,S1,Total economy,B1GQ,Gross domestic product,_Z,Not applicable,_Z,Not applicable,_Z,Not applicable,PC,Percentage change,L,Chain linked volume,G1,"Growth rate, period on period",T0102,Table 0102 - GDP identity from the expenditure side,2011-Q4,,0.944372055,,,,,,F,Free (free for publication),1,One,A,Normal value,0,Units,_Z,Not applicable
DATAFLOW,OECD.SDD.NAD:DSD_NAMAIN1@DF_QNA_EXPENDITURE_GROWTH_G20(1.1),Quarterly real GDP growth - G20 countries,I,Q,Quarterly,Y,Calendar and seasonally adjusted,BRA,Brazil,S1,Total economy,S1,Total economy,B1GQ,Gross domestic product,_Z,Not applicable,_Z,Not applicable,_Z,Not applicable,PC,Percentage change,L,Chain linked volume,G1,"Growth rate, period on period",T0102,Table 0102 - GDP identity from the expenditure side,2012-Q1,,-1.423751347,,,,,,F,Free (free for publication),1,One,A,Normal value,0,Units,_Z,Not applicable
DATAFLOW,OECD.SDD.NAD:DSD_NAMAIN1@DF_QNA_EXPENDITURE_GROWTH_G20(1.1),Quarterly real GDP growth - G20 countries,I,Q,Quarterly,Y,Calendar and seasonally adjusted,BRA,Brazil,S1,Total economy,S1,Total economy,B1GQ,Gross domestic product,_Z,Not applicable,_Z,Not applicable,_Z,Not applicable,PC,Percentage change,L,Chain linked volume,G1,"Growth rate, period on period",T0102,Table 0102 - GDP identity from the expenditure side,2012-Q2,,1.743835979,,,,,,F,Free (free for publication),1,One,A,Normal value,0,Units,_Z,Not applicable
DATAFLOW,OECD.SDD.NAD:DSD_NAMAIN1@DF_QNA_EXPENDITURE_GROWTH_G20(1.1),Quarterly real GDP growth - G20 countries,I,Q,Quarterly,Y,Calendar and seasonally adjusted,BRA,Brazil,S1,Total economy,S1,Total economy,B1GQ,Gross domestic product,_Z,Not applicable,_Z,Not applicable,_Z,Not applicable,PC,Percentage change,L,Chain linked volume,G1,"Growth rate, period on period",T0102,Table 0102 - GDP identity from the expenditure side,2012-Q3,,1.706992333,,,,,,F,Free (free for publication),1,One,A,Normal value,0,Units,_Z,Not applicable
DATAFLOW,OECD.SDD.NAD:DSD_NAMAIN1@DF_QNA_EXPENDITURE_GROWTH_G20(1.1),Quarterly real GDP growth - G20 countries,I,Q,Quarterly,Y,Calendar and seasonally adjusted,BRA,Brazil,S1,Total economy,S1,Total economy,B1GQ,Gross domestic product,_Z,Not applicable,_Z,Not applicable,_Z,Not applicable,PC,Percentage change,L,Chain linked volume,G1,"Growth rate, period on period",T0102,Table 0102 - GDP identity from the expenditure side,2012-Q4,,0.12768121,,,,,,F,Free (free for publication),1,One,A,Normal value,0,Units,_Z,Not applicable
DATAFLOW,OECD.SDD.NAD:DSD_NAMAIN1@DF_QNA_EXPENDITURE_GROWTH_G20(1.1),Quarterly real GDP growth - G20 countries,I,Q,Quarterly,Y,Calendar and seasonally adjusted,BRA,Brazil,S1,Total economy,S1,Total economy,B1GQ,Gross domestic product,_Z,Not applicable,_Z,Not applicable,_Z,Not applicable,PC,Percentage change,L,Chain linked volume,G1,"Growth rate, period on period",T0102,Table 0102 - GDP identity from the expenditure side,2013-Q1,,0.444271379,,,,,,F,Free (free for publication),1,One,A,Normal value,0,Units,_Z,Not applicable
DATAFLOW,OECD.SDD.NAD:DSD_NAMAIN1@DF_QNA_EXPENDITURE_GROWTH_G20(1.1),Quarterly real GDP growth - G20 countries,I,Q,Quarterly,Y,Calendar and seasonally adjusted,BRA,Brazil,S1,Total economy,S1,Total economy,B1GQ,Gross domestic product,_Z,Not applicable,_Z,Not applicable,_Z,Not applicable,PC,Percentage change,L,Chain linked volume,G1,"Growth rate, period on period",T0102,Table 0102 - GDP identity from the expenditure side,2013-Q2,,1.435685215,,,,,,F,Free (free for publication),1,One,A,Normal value,0,Units,_Z,Not applicable
DATAFLOW,OECD.SDD.NAD:DSD_NAMAIN1@DF_QNA_EXPENDITURE_GROWTH_G20(1.1),Quarterly real GDP growth - G20 countries,I,Q,Quarterly,Y,Calendar and seasonally adjusted,BRA,Brazil,S1,Total economy,S1,Total economy,B1GQ,Gross domestic product,_Z,Not applicable,_Z,Not applicable,_Z,Not applicable,PC,Percentage change,L,Chain linked volume,G1,"Growth rate, period on period",T0102,Table 0102 - GDP identity from the expenditure side,2013-Q3,,0.440557717,,,,,,F,Free (free for publication),1,One,A,Normal value,0,Units,_Z,Not applicable
DATAFLOW,OECD.SDD.NAD:DSD_NAMAIN1@DF_QNA_EXPENDITURE_GROWTH_G20(1.1),Quarterly real GDP growth - G20 countries,I,Q,Quarterly,Y,Calendar and seasonally adjusted,BRA,Brazil,S1,Total economy,S1,Total economy,B1GQ,Gross domestic product,_Z,Not applicable,_Z,Not applicable,_Z,Not applicable,PC,Percentage change,L,Chain linked volume,G1,"Growth rate, period on period",T0102,Table 0102 - GDP identity from the expenditure side,2013-Q4,,0.19613271,,,,,,F,Free (free for publication),1,One,A,Normal value,0,Units,_Z,Not applicable
DATAFLOW,OECD.SDD.NAD:DSD_NAMAIN1@DF_QNA_EXPENDITURE_GROWTH_G20(1.1),Quarterly real GDP growth - G20 countries,I,Q,Quarterly,Y,Calendar and seasonally adjusted,BRA,Brazil,S1,Total economy,S1,Total economy,B1GQ,Gross domestic product,_Z,Not applicable,_Z,Not applicable,_Z,Not applicable,PC,Percentage change,L,Chain linked volume,G1,"Growth rate, period on period",T0102,Table 0102 - GDP identity from the expenditure side,2014-Q1,,0.700828471,,,,,,F,Free (free for publication),1,One,A,Normal value,0,Units,_Z,Not applicable
DATAFLOW,OECD.SDD.NAD:DSD_NAMAIN1@DF_QNA_EXPENDITURE_GROWTH_G20(1.1),Quarterly real GDP growth - G20 countries,I,Q,Quarterly,Y,Calendar and seasonally adjusted,BRA,Brazil,S1,Total economy,S1,Total economy,B1GQ,Gross domestic product,_Z,Not applicable,_Z,Not applicable,_Z,Not applicable,PC,Percentage change,L,Chain linked volume,G1,"Growth rate, period on period",T0102,Table 0102 - GDP identity from the expenditure side,2014-Q2,,-1.281128311,,,,,,F,Free (free for publication),1,One,A,Normal value,0,Units,_Z,Not applicable
DATAFLOW,OECD.SDD.NAD:DSD_NAMAIN1@DF_QNA_EXPENDITURE_GROWTH_G20(1.1),Quarterly real GDP growth - G20 countries,I,Q,Quarterly,Y,Calendar and seasonally adjusted,BRA,Brazil,S1,Total economy,S1,Total economy,B1GQ,Gross domestic product,_Z,Not applicable,_Z,Not applicable,_Z,Not applicable,PC,Percentage change,L,Chain linked volume,G1,"Growth rate, period on period",T0102,Table 0102 - GDP identity from the expenditure side,2014-Q3,,-0.093806167,,,,,,F,Free (free for publication),1,One,A,Normal value,0,Units,_Z,Not applicable
DATAFLOW,OECD.SDD.NAD:DSD_NAMAIN1@DF_QNA_EXPENDITURE_GROWTH_G20(1.1),Quarterly real GDP growth - G20 countries,I,Q,Quarterly,Y,Calendar and seasonally adjusted,BRA,Brazil,S1,Total economy,S1,Total economy,B1GQ,Gross domestic product,_Z,Not applicable,_Z,Not applicable,_Z,Not applicable,PC,Percentage change,L,Chain linked volume,G1,"Growth rate, period on period",T0102,Table 0102 - GDP identity from the expenditure side,2014-Q4,,0.435806505,,,,,,F,Free (free for publication),1,One,A,Normal value,0,Units,_Z,Not applicable
DATAFLOW,OECD.SDD.NAD:DSD_NAMAIN1@DF_QNA_EXPENDITURE_GROWTH_G20(1.1),Quarterly real GDP growth - G20 countries,I,Q,Quarterly,Y,Calendar and seasonally adjusted,BRA,Brazil,S1,Total economy,S1,Total economy,B1GQ,Gross domestic product,_Z,Not applicable,_Z,Not applicable,_Z,Not applicable,PC,Percentage change,L,Chain linked volume,G1,"Growth rate, period on period",T0102,Table 0102 - GDP identity from the expenditure side,2015-Q1,,-0.83891126,,,,,,F,Free (free for publication),1,One,A,Normal value,0,Units,_Z,Not applicable
DATAFLOW,OECD.SDD.NAD:DSD_NAMAIN1@DF_QNA_EXPENDITURE_GROWTH_G20(1.1),Quarterly real GDP growth - G20 countries,I,Q,Quarterly,Y,Calendar and seasonally adjusted,BRA,Brazil,S1,Total economy,S1,Total economy,B1GQ,Gross domestic product,_Z,Not applicable,_Z,Not applicable,_Z,Not applicable,PC,Percentage change,L,Chain linked volume,G1,"Growth rate, period on period",T0102,Table 0102 - GDP identity from the expenditure side,2015-Q2,,-2.247921704,,,,,,F,Free (free for publication),1,One,A,Normal value,0,Units,_Z,Not applicable
DATAFLOW,OECD.SDD.NAD:DSD_NAMAIN1@DF_QNA_EXPENDITURE_GROWTH_G20(1.1),Quarterly real GDP growth - G20 countries,I,Q,Quarterly,Y,Calendar and seasonally adjusted,BRA,Brazil,S1,Total economy,S1,Total economy,B1GQ,Gross domestic product,_Z,Not applicable,_Z,Not applicable,_Z,Not applicable,PC,Percentage change,L,Chain linked volume,G1,"Growth rate, period on period",T0102,Table 0102 - GDP identity from the expenditure side,2015-Q3,,-1.562342789,,,,,,F,Free (free for publication),1,One,A,Normal value,0,Units,_Z,Not applicable
DATAFLOW,OECD.SDD.NAD:DSD_NAMAIN1@DF_QNA_EXPENDITURE_GROWTH_G20(1.1),Quarterly real GDP growth - G20 countries,I,Q,Quarterly,Y,Calendar and seasonally adjusted,BRA,Brazil,S1,Total economy,S1,Total economy,B1GQ,Gross domestic product,_Z,Not applicable,_Z,Not applicable,_Z,Not applicable,PC,Percentage change,L,Chain linked volume,G1,"Growth rate, period on period",T0102,Table 0102 - GDP identity from the expenditure side,2015-Q4,,-0.959742028,,,,,,F,Free (free for publication),1,One,A,Normal value,0,Units,_Z,Not applicable
DATAFLOW,OECD.SDD.NAD:DSD_NAMAIN1@DF_QNA_EXPENDITURE_GROWTH_G20(1.1),Quarterly real GDP growth - G20 countries,I,Q,Quarterly,Y,Calendar and seasonally adjusted,BRA,Brazil,S1,Total economy,S1,Total economy,B1GQ,Gross domestic product,_Z,Not applicable,_Z,Not applicable,_Z,Not applicable,PC,Percentage change,L,Chain linked volume,G1,"Growth rate, period on period",T0102,Table 0102 - GDP identity from the expenditure side,2016-Q1,,-1.373979091,,,,,,F,Free (free for publication),1,One,A,Normal value,0,Units,_Z,Not applicable
DATAFLOW,OECD.SDD.NAD:DSD_NAMAIN1@DF_QNA_EXPENDITURE_GROWTH_G20(1.1),Quarterly real GDP growth - G20 countries,I,Q,Quarterly,Y,Calendar and seasonally adjusted,BRA,Brazil,S1,Total economy,S1,Total economy,B1GQ,Gross domestic product,_Z,Not applicable,_Z,Not applicable,_Z,Not applicable,PC,Percentage change,L,Chain linked volume,G1,"Growth rate, period on period",T0102,Table 0102 - GDP identity from the expenditure side,2016-Q2,,0.281539727,,,,,,F,Free (free for publication),1,One,A,Normal value,0,Units,_Z,Not applicable
DATAFLOW,OECD.SDD.NAD:DSD_NAMAIN1@DF_QNA_EXPENDITURE_GROWTH_G20(1.1),Quarterly real GDP growth - G20 countries,I,Q,Quarterly,Y,Calendar and seasonally adjusted,BRA,Brazil,S1,Total economy,S1,Total economy,B1GQ,Gross domestic product,_Z,Not applicable,_Z,Not applicable,_Z,Not applicable,PC,Percentage change,L,Chain linked volume,G1,"Growth rate, period on period",T0102,Table 0102 - GDP identity from the expenditure side,2016-Q3,,-0.48830264,,,,,,F,Free (free for publication),1,One,A,Normal value,0,Units,_Z,Not applicable
DATAFLOW,OECD.SDD.NAD:DSD_NAMAIN1@DF_QNA_EXPENDITURE_GROWTH_G20(1.1),Quarterly real GDP growth - G20 countries,I,Q,Quarterly,Y,Calendar and seasonally adjusted,BRA,Brazil,S1,Total economy,S1,Total economy,B1GQ,Gross domestic product,_Z,Not applicable,_Z,Not applicable,_Z,Not applicable,PC,Percentage change,L,Chain linked volume,G1,"Growth rate, period on period",T0102,Table 0102 - GDP identity from the expenditure side,2016-Q4,,-0.116499354,,,,,,F,Free (free for publication),1,One,A,Normal value,0,Units,_Z,Not applicable
DATAFLOW,OECD.SDD.NAD:DSD_NAMAIN1@DF_QNA_EXPENDITURE_GROWTH_G20(1.1),Quarterly real GDP growth - G20 countries,I,Q,Quarterly,Y,Calendar and seasonally adjusted,BRA,Brazil,S1,Total economy,S1,Total economy,B1GQ,Gross domestic product,_Z,Not applicable,_Z,Not applicable,_Z,Not applicable,PC,Percentage change,L,Chain linked volume,G1,"Growth rate, period on period",T0102,Table 0102 - GDP identity from the expenditure side,2017-Q1,,0.990116451,,,,,,F,Free (free for publication),1,One,A,Normal value,0,Units,_Z,Not applicable
DATAFLOW,OECD.SDD.NAD:DSD_NAMAIN1@DF_QNA_EXPENDITURE_GROWTH_G20(1.1),Quarterly real GDP growth - G20 countries,I,Q,Quarterly,Y,Calendar and seasonally adjusted,BRA,Brazil,S1,Total economy,S1,Total economy,B1GQ,Gross domestic product,_Z,Not applicable,_Z,Not applicable,_Z,Not applicable,PC,Percentage change,L,Chain linked volume,G1,"Growth rate, period on period",T0102,Table 0102 - GDP identity from the expenditure side,2017-Q2,,0.794676037,,,,,,F,Free (free for publication),1,One,A,Normal value,0,Units,_Z,Not applicable
DATAFLOW,OECD.SDD.NAD:DSD_NAMAIN1@DF_QNA_EXPENDITURE_GROWTH_G20(1.1),Quarterly real GDP growth - G20 countries,I,Q,Quarterly,Y,Calendar and seasonally adjusted,BRA,Brazil,S1,Total economy,S1,Total economy,B1GQ,Gross domestic product,_Z,Not applicable,_Z,Not applicable,_Z,Not applicable,PC,Percentage change,L,Chain linked volume,G1,"Growth rate, period on period",T0102,Table 0102 - GDP identity from the expenditure side,2017-Q3,,0.284865133,,,,,,F,Free (free for publication),1,One,A,Normal value,0,Units,_Z,Not applicable
DATAFLOW,OECD.SDD.NAD:DSD_NAMAIN1@DF_QNA_EXPENDITURE_GROWTH_G20(1.1),Quarterly real GDP growth - G20 countries,I,Q,Quarterly,Y,Calendar and seasonally adjusted,BRA,Brazil,S1,Total economy,S1,Total economy,B1GQ,Gross domestic product,_Z,Not applicable,_Z,Not applicable,_Z,Not applicable,PC,Percentage change,L,Chain linked volume,G1,"Growth rate, period on period",T0102,Table 0102 - GDP identity from the expenditure side,2017-Q4,,0.603758468,,,,,,F,Free (free for publication),1,One,A,Normal value,0,Units,_Z,Not applicable
DATAFLOW,OECD.SDD.NAD:DSD_NAMAIN1@DF_QNA_EXPENDITURE_GROWTH_G20(1.1),Quarterly real GDP growth - G20 countries,I,Q,Quarterly,Y,Calendar and seasonally adjusted,BRA,Brazil,S1,Total economy,S1,Total economy,B1GQ,Gross domestic product,_Z,Not applicable,_Z,Not applicable,_Z,Not applicable,PC,Percentage change,L,Chain linked volume,G1,"Growth rate, period on period",T0102,Table 0102 - GDP identity from the expenditure side,2018-Q1,,0.509554903,,,,,,F,Free (free for publication),1,One,A,Normal value,0,Units,_Z,Not applicable
DATAFLOW,OECD.SDD.NAD:DSD_NAMAIN1@DF_QNA_EXPENDITURE_GROWTH_G20(1.1),Quarterly real GDP growth - G20 countries,I,Q,Quarterly,Y,Calendar and seasonally adjusted,BRA,Brazil,S1,Total economy,S1,Total economy,B1GQ,Gross domestic product,_Z,Not applicable,_Z,Not applicable,_Z,Not applicable,PC,Percentage change,L,Chain linked volume,G1,"Growth rate, period on period",T0102,Table 0102 - GDP identity from the expenditure side,2018-Q2,,-0.053882366,,,,,,F,Free (free for publication),1,One,A,Normal value,0,Units,_Z,Not applicable
DATAFLOW,OECD.SDD.NAD:DSD_NAMAIN1@DF_QNA_EXPENDITURE_GROWTH_G20(1.1),Quarterly real GDP growth - G20 countries,I,Q,Quarterly,Y,Calendar and seasonally adjusted,BRA,Brazil,S1,Total economy,S1,Total economy,B1GQ,Gross domestic product,_Z,Not applicable,_Z,Not applicable,_Z,Not applicable,PC,Percentage change,L,Chain linked volume,G1,"Growth rate, period on period",T0102,Table 0102 - GDP identity from the expenditure side,2018-Q3,,0.872831638,,,,,,F,Free (free for publication),1,One,A,Normal value,0,Units,_Z,Not applicable
DATAFLOW,OECD.SDD.NAD:DSD_NAMAIN1@DF_QNA_EXPENDITURE_GROWTH_G20(1.1),Quarterly real GDP growth - G20 countries,I,Q,Quarterly,Y,Calendar and seasonally adjusted,BRA,Brazil,S1,Total economy,S1,Total economy,B1GQ,Gross domestic product,_Z,Not applicable,_Z,Not applicable,_Z,Not applicable,PC,Percentage change,L,Chain linked volume,G1,"Growth rate, period on period",T0102,Table 0102 - GDP identity from the expenditure side,2018-Q4,,-0.155927216,,,,,,F,Free (free for publication),1,One,A,Normal value,0,Units,_Z,Not applicable
DATAFLOW,OECD.SDD.NAD:DSD_NAMAIN1@DF_QNA_EXPENDITURE_GROWTH_G20(1.1),Quarterly real GDP growth - G20 countries,I,Q,Quarterly,Y,Calendar and seasonally adjusted,BRA,Brazil,S1,Total economy,S1,Total economy,B1GQ,Gross domestic product,_Z,Not applicable,_Z,Not applicable,_Z,Not applicable,PC,Percentage change,L,Chain linked volume,G1,"Growth rate, period on period",T0102,Table 0102 - GDP identity from the expenditure side,2019-Q1,,0.247845299,,,,,,F,Free (free for publication),1,One,A,Normal value,0,Units,_Z,Not applicable
DATAFLOW,OECD.SDD.NAD:DSD_NAMAIN1@DF_QNA_EXPENDITURE_GROWTH_G20(1.1),Quarterly real GDP growth - G20 countries,I,Q,Quarterly,Y,Calendar and seasonally adjusted,BRA,Brazil,S1,Total economy,S1,Total economy,B1GQ,Gross domestic product,_Z,Not applicable,_Z,Not applicable,_Z,Not applicable,PC,Percentage change,L,Chain linked volume,G1,"Growth rate, period on period",T0102,Table 0102 - GDP identity from the expenditure side,2019-Q2,,0.631440935,,,,,,F,Free (free for publication),1,One,A,Normal value,0,Units,_Z,Not applicable
DATAFLOW,OECD.SDD.NAD:DSD_NAMAIN1@DF_QNA_EXPENDITURE_GROWTH_G20(1.1),Quarterly real GDP growth - G20 countries,I,Q,Quarterly,Y,Calendar and seasonally adjusted,BRA,Brazil,S1,Total economy,S1,Total economy,B1GQ,Gross domestic product,_Z,Not applicable,_Z,Not applicable,_Z,Not applicable,PC,Percentage change,L,Chain linked volume,G1,"Growth rate, period on period",T0102,Table 0102 - GDP identity from the expenditure side,2019-Q3,,-0.043086464,,,,,,F,Free (free for publication),1,One,A,Normal value,0,Units,_Z,Not applicable
DATAFLOW,OECD.SDD.NAD:DSD_NAMAIN1@DF_QNA_EXPENDITURE_GROWTH_G20(1.1),Quarterly real GDP growth - G20 countries,I,Q,Quarterly,Y,Calendar and seasonally adjusted,BRA,Brazil,S1,Total economy,S1,Total economy,B1GQ,Gross domestic product,_Z,Not applicable,_Z,Not applicable,_Z,Not applicable,PC,Percentage change,L,Chain linked volume,G1,"Growth rate, period on period",T0102,Table 0102 - GDP identity from the expenditure side,2019-Q4,,0.824609793,,,,,,F,Free (free for publication),1,One,A,Normal value,0,Units,_Z,Not applicable
DATAFLOW,OECD.SDD.NAD:DSD_NAMAIN1@DF_QNA_EXPENDITURE_GROWTH_G20(1.1),Quarterly real GDP growth - G20 countries,I,Q,Quarterly,Y,Calendar and seasonally adjusted,BRA,Brazil,S1,Total economy,S1,Total economy,B1GQ,Gross domestic product,_Z,Not applicable,_Z,Not applicable,_Z,Not applicable,PC,Percentage change,L,Chain linked volume,G1,"Growth rate, period on period",T0102,Table 0102 - GDP identity from the expenditure side,2020-Q1,,-2.219159728,,,,,,F,Free (free for publication),1,One,A,Normal value,0,Units,_Z,Not applicable
DATAFLOW,OECD.SDD.NAD:DSD_NAMAIN1@DF_QNA_EXPENDITURE_GROWTH_G20(1.1),Quarterly real GDP growth - G20 countries,I,Q,Quarterly,Y,Calendar and seasonally adjusted,BRA,Brazil,S1,Total economy,S1,Total economy,B1GQ,Gross domestic product,_Z,Not applicable,_Z,Not applicable,_Z,Not applicable,PC,Percentage change,L,Chain linked volume,G1,"Growth rate, period on period",T0102,Table 0102 - GDP identity from the expenditure side,2020-Q2,,-8.816256779,,,,,,F,Free (free for publication),1,One,A,Normal value,0,Units,_Z,Not applicable
DATAFLOW,OECD.SDD.NAD:DSD_NAMAIN1@DF_QNA_EXPENDITURE_GROWTH_G20(1.1),Quarterly real GDP growth - G20 countries,I,Q,Quarterly,Y,Calendar and seasonally adjusted,BRA,Brazil,S1,Total economy,S1,Total economy,B1GQ,Gross domestic product,_Z,Not applicable,_Z,Not applicable,_Z,Not applicable,PC,Percentage change,L,Chain linked volume,G1,"Growth rate, period on period",T0102,Table 0102 - GDP identity from the expenditure side,2020-Q3,,7.870531205,,,,,,F,Free (free for publication),1,One,A,Normal value,0,Units,_Z,Not applicable
DATAFLOW,OECD.SDD.NAD:DSD_NAMAIN1@DF_QNA_EXPENDITURE_GROWTH_G20(1.1),Quarterly real GDP growth - G20 countries,I,Q,Quarterly,Y,Calendar and seasonally adjusted,BRA,Brazil,S1,Total economy,S1,Total economy,B1GQ,Gross domestic product,_Z,Not applicable,_Z,Not applicable,_Z,Not applicable,PC,Percentage change,L,Chain linked volume,G1,"Growth rate, period on period",T0102,Table 0102 - GDP identity from the expenditure side,2020-Q4,,3.708408329,,,,,,F,Free (free for publication),1,One,A,Normal value,0,Units,_Z,Not applicable
DATAFLOW,OECD.SDD.NAD:DSD_NAMAIN1@DF_QNA_EXPENDITURE_GROWTH_G20(1.1),Quarterly real GDP growth - G20 countries,I,Q,Quarterly,Y,Calendar and seasonally adjusted,BRA,Brazil,S1,Total economy,S1,Total economy,B1GQ,Gross domestic product,_Z,Not applicable,_Z,Not applicable,_Z,Not applicable,PC,Percentage change,L,Chain linked volume,G1,"Growth rate, period on period",T0102,Table 0102 - GDP identity from the expenditure side,2021-Q1,,0.962760909,,,,,,F,Free (free for publication),1,One,A,Normal value,0,Units,_Z,Not applicable
DATAFLOW,OECD.SDD.NAD:DSD_NAMAIN1@DF_QNA_EXPENDITURE_GROWTH_G20(1.1),Quarterly real GDP growth - G20 countries,I,Q,Quarterly,Y,Calendar and seasonally adjusted,BRA,Brazil,S1,Total economy,S1,Total economy,B1GQ,Gross domestic product,_Z,Not applicable,_Z,Not applicable,_Z,Not applicable,PC,Percentage change,L,Chain linked volume,G1,"Growth rate, period on period",T0102,Table 0102 - GDP identity from the expenditure side,2021-Q2,,-0.610627245,,,,,,F,Free (free for publication),1,One,A,Normal value,0,Units,_Z,Not applicable
DATAFLOW,OECD.SDD.NAD:DSD_NAMAIN1@DF_QNA_EXPENDITURE_GROWTH_G20(1.1),Quarterly real GDP growth - G20 countries,I,Q,Quarterly,Y,Calendar and seasonally adjusted,BRA,Brazil,S1,Total economy,S1,Total economy,B1GQ,Gross domestic product,_Z,Not applicable,_Z,Not applicable,_Z,Not applicable,PC,Percentage change,L,Chain linked volume,G1,"Growth rate, period on period",T0102,Table 0102 - GDP identity from the expenditure side,2021-Q3,,0.122731635,,,,,,F,Free (free for publication),1,One,A,Normal value,0,Units,_Z,Not applicable
DATAFLOW,OECD.SDD.NAD:DSD_NAMAIN1@DF_QNA_EXPENDITURE_GROWTH_G20(1.1),Quarterly real GDP growth - G20 countries,I,Q,Quarterly,Y,Calendar and seasonally adjusted,BRA,Brazil,S1,Total economy,S1,Total economy,B1GQ,Gross domestic product,_Z,Not applicable,_Z,Not applicable,_Z,Not applicable,PC,Percentage change,L,Chain linked volume,G1,"Growth rate, period on period",T0102,Table 0102 - GDP identity from the expenditure side,2021-Q4,,1.178023483,,,,,,F,Free (free for publication),1,One,A,Normal value,0,Units,_Z,Not applicable
DATAFLOW,OECD.SDD.NAD:DSD_NAMAIN1@DF_QNA_EXPENDITURE_GROWTH_G20(1.1),Quarterly real GDP growth - G20 countries,I,Q,Quarterly,Y,Calendar and seasonally adjusted,BRA,Brazil,S1,Total economy,S1,Total economy,B1GQ,Gross domestic product,_Z,Not applicable,_Z,Not applicable,_Z,Not applicable,PC,Percentage change,L,Chain linked volume,G1,"Growth rate, period on period",T0102,Table 0102 - GDP identity from the expenditure side,2022-Q1,,0.81013607,,,,,,F,Free (free for publication),1,One,A,Normal value,0,Units,_Z,Not applicable
DATAFLOW,OECD.SDD.NAD:DSD_NAMAIN1@DF_QNA_EXPENDITURE_GROWTH_G20(1.1),Quarterly real GDP growth - G20 countries,I,Q,Quarterly,Y,Calendar and seasonally adjusted,BRA,Brazil,S1,Total economy,S1,Total economy,B1GQ,Gross domestic product,_Z,Not applicable,_Z,Not applicable,_Z,Not applicable,PC,Percentage change,L,Chain linked volume,G1,"Growth rate, period on period",T0102,Table 0102 - GDP identity from the expenditure side,2022-Q2,,1.19199154,,,,,,F,Free (free for publication),1,One,A,Normal value,0,Units,_Z,Not applicable
DATAFLOW,OECD.SDD.NAD:DSD_NAMAIN1@DF_QNA_EXPENDITURE_GROWTH_G20(1.1),Quarterly real GDP growth - G20 countries,I,Q,Quarterly,Y,Calendar and seasonally adjusted,BRA,Brazil,S1,Total economy,S1,Total economy,B1GQ,Gross domestic product,_Z,Not applicable,_Z,Not applicable,_Z,Not applicable,PC,Percentage change,L,Chain linked volume,G1,"Growth rate, period on period",T0102,Table 0102 - GDP identity from the expenditure side,2022-Q3,,0.970304922,,,,,,F,Free (free for publication),1,One,A,Normal value,0,Units,_Z,Not applicable
DATAFLOW,OECD.SDD.NAD:DSD_NAMAIN1@DF_QNA_EXPENDITURE_GROWTH_G20(1.1),Quarterly real GDP growth - G20 countries,I,Q,Quarterly,Y,Calendar and seasonally adjusted,BRA,Brazil,S1,Total economy,S1,Total economy,B1GQ,Gross domestic product,_Z,Not applicable,_Z,Not applicable,_Z,Not applicable,PC,Percentage change,L,Chain linked volume,G1,"Growth rate, period on period",T0102,Table 0102 - GDP identity from the expenditure side,2022-Q4,,0.442366244,,,,,,F,Free (free for publication),1,One,A,Normal value,0,Units,_Z,Not applicable
DATAFLOW,OECD.SDD.NAD:DSD_NAMAIN1@DF_QNA_EXPENDITURE_GROWTH_G20(1.1),Quarterly real GDP growth - G20 countries,I,Q,Quarterly,Y,Calendar and seasonally adjusted,BRA,Brazil,S1,Total economy,S1,Total economy,B1GQ,Gross domestic product,_Z,Not applicable,_Z,Not applicable,_Z,Not applicable,PC,Percentage change,L,Chain linked volume,G1,"Growth rate, period on period",T0102,Table 0102 - GDP identity from the expenditure side,2023-Q1,,1.33617188,,,,,,F,Free (free for publication),1,One,A,Normal value,0,Units,_Z,Not applicable
DATAFLOW,OECD.SDD.NAD:DSD_NAMAIN1@DF_QNA_EXPENDITURE_GROWTH_G20(1.1),Quarterly real GDP growth - G20 countries,I,Q,Quarterly,Y,Calendar and seasonally adjusted,BRA,Brazil,S1,Total economy,S1,Total economy,B1GQ,Gross domestic product,_Z,Not applicable,_Z,Not applicable,_Z,Not applicable,PC,Percentage change,L,Chain linked volume,G1,"Growth rate, period on period",T0102,Table 0102 - GDP identity from the expenditure side,2023-Q2,,0.842814837,,,,,,F,Free (free for publication),1,One,A,Normal value,0,Units,_Z,Not applicable
DATAFLOW,OECD.SDD.NAD:DSD_NAMAIN1@DF_QNA_EXPENDITURE_GROWTH_G20(1.1),Quarterly real GDP growth - G20 countries,I,Q,Quarterly,Y,Calendar and seasonally adjusted,BRA,Brazil,S1,Total economy,S1,Total economy,B1GQ,Gross domestic product,_Z,Not applicable,_Z,Not applicable,_Z,Not applicable,PC,Percentage change,L,Chain linked volume,G1,"Growth rate, period on period",T0102,Table 0102 - GDP identity from the expenditure side,2023-Q3,,0.088125651,,,,,,F,Free (free for publication),1,One,A,Normal value,0,Units,_Z,Not applicable
DATAFLOW,OECD.SDD.NAD:DSD_NAMAIN1@DF_QNA_EXPENDITURE_GROWTH_G20(1.1),Quarterly real GDP growth - G20 countries,I,Q,Quarterly,Y,Calendar and seasonally adjusted,BRA,Brazil,S1,Total economy,S1,Total economy,B1GQ,Gross domestic product,_Z,Not applicable,_Z,Not applicable,_Z,Not applicable,PC,Percentage change,L,Chain linked volume,G1,"Growth rate, period on period",T0102,Table 0102 - GDP identity from the expenditure side,2023-Q4,,0.317653206,,,,,,F,Free (free for publication),1,One,A,Normal value,0,Units,_Z,Not applicable
DATAFLOW,OECD.SDD.NAD:DSD_NAMAIN1@DF_QNA_EXPENDITURE_GROWTH_G20(1.1),Quarterly real GDP growth - G20 countries,I,Q,Quarterly,Y,Calendar and seasonally adjusted,BRA,Brazil,S1,Total economy,S1,Total economy,B1GQ,Gross domestic product,_Z,Not applicable,_Z,Not applicable,_Z,Not applicable,PC,Percentage change,L,Chain linked volume,G1,"Growth rate, period on period",T0102,Table 0102 - GDP identity from the expenditure side,2024-Q1,,0.875343406,,,,,,F,Free (free for publication),1,One,A,Normal value,0,Units,_Z,Not applicable
DATAFLOW,OECD.SDD.NAD:DSD_NAMAIN1@DF_QNA_EXPENDITURE_GROWTH_G20(1.1),Quarterly real GDP growth - G20 countries,I,Q,Quarterly,Y,Calendar and seasonally adjusted,BRA,Brazil,S1,Total economy,S1,Total economy,B1GQ,Gross domestic product,_Z,Not applicable,_Z,Not applicable,_Z,Not applicable,PC,Percentage change,L,Chain linked volume,G1,"Growth rate, period on period",T0102,Table 0102 - GDP identity from the expenditure side,2024-Q2,,1.52484922,,,,,,F,Free (free for publication),1,One,A,Normal value,0,Units,_Z,Not applicable
DATAFLOW,OECD.SDD.NAD:DSD_NAMAIN1@DF_QNA_EXPENDITURE_GROWTH_G20(1.1),Quarterly real GDP growth - G20 countries,I,Q,Quarterly,Y,Calendar and seasonally adjusted,BRA,Brazil,S1,Total economy,S1,Total economy,B1GQ,Gross domestic product,_Z,Not applicable,_Z,Not applicable,_Z,Not applicable,PC,Percentage change,L,Chain linked volume,G1,"Growth rate, period on period",T0102,Table 0102 - GDP identity from the expenditure side,2024-Q3,,0.789632938,,,,,,F,Free (free for publication),1,One,A,Normal value,0,Units,_Z,Not applicable
DATAFLOW,OECD.SDD.NAD:DSD_NAMAIN1@DF_QNA_EXPENDITURE_GROWTH_G20(1.1),Quarterly real GDP growth - G20 countries,I,Q,Quarterly,Y,Calendar and seasonally adjusted,BRA,Brazil,S1,Total economy,S1,Total economy,B1GQ,Gross domestic product,_Z,Not applicable,_Z,Not applicable,_Z,Not applicable,PC,Percentage change,L,Chain linked volume,G1,"Growth rate, period on period",T0102,Table 0102 - GDP identity from the expenditure side,2024-Q4,,0.064402841,,,,,,F,Free (free for publication),1,One,A,Normal value,0,Units,_Z,Not applicable
DATAFLOW,OECD.SDD.NAD:DSD_NAMAIN1@DF_QNA_EXPENDITURE_GROWTH_G20(1.1),Quarterly real GDP growth - G20 countries,I,Q,Quarterly,Y,Calendar and seasonally adjusted,BRA,Brazil,S1,Total economy,S1,Total economy,B1GQ,Gross domestic product,_Z,Not applicable,_Z,Not applicable,_Z,Not applicable,PC,Percentage change,L,Chain linked volume,G1,"Growth rate, period on period",T0102,Table 0102 - GDP identity from the expenditure side,2025-Q1,,1.307392265,,,,,,F,Free (free for publication),1,One,A,Normal value,0,Units,_Z,Not applicable
DATAFLOW,OECD.SDD.NAD:DSD_NAMAIN1@DF_QNA_EXPENDITURE_GROWTH_G20(1.1),Quarterly real GDP growth - G20 countries,I,Q,Quarterly,Y,Calendar and seasonally adjusted,BRA,Brazil,S1,Total economy,S1,Total economy,B1GQ,Gross domestic product,_Z,Not applicable,_Z,Not applicable,_Z,Not applicable,PC,Percentage change,L,Chain linked volume,G1,"Growth rate, period on period",T0102,Table 0102 - GDP identity from the expenditure side,2025-Q2,,0.373009293,,,,,,F,Free (free for publication),1,One,A,Normal value,0,Units,_Z,Not applicable
DATAFLOW,OECD.SDD.NAD:DSD_NAMAIN1@DF_QNA_EXPENDITURE_GROWTH_G20(1.1),Quarterly real GDP growth - G20 countries,I,Q,Quarterly,Y,Calendar and seasonally adjusted,MEX,Mexico,S1,Total economy,S1,Total economy,B1GQ,Gross domestic product,_Z,Not applicable,_Z,Not applicable,_Z,Not applicable,PC,Percentage change,L,Chain linked volume,G1,"Growth rate, period on period",T0102,Table 0102 - GDP identity from the expenditure side,2010-Q1,,0.425873584,,,,,,F,Free (free for publication),1,One,A,Normal value,0,Units,_Z,Not applicable
DATAFLOW,OECD.SDD.NAD:DSD_NAMAIN1@DF_QNA_EXPENDITURE_GROWTH_G20(1.1),Quarterly real GDP growth - G20 countries,I,Q,Quarterly,Y,Calendar and seasonally adjusted,MEX,Mexico,S1,Total economy,S1,Total economy,B1GQ,Gross domestic product,_Z,Not applicable,_Z,Not applicable,_Z,Not applicable,PC,Percentage change,L,Chain linked volume,G1,"Growth rate, period on period",T0102,Table 0102 - GDP identity from the expenditure side,2010-Q2,,1.076593585,,,,,,F,Free (free for publication),1,One,A,Normal value,0,Units,_Z,Not applicable
DATAFLOW,OECD.SDD.NAD:DSD_NAMAIN1@DF_QNA_EXPENDITURE_GROWTH_G20(1.1),Quarterly real GDP growth - G20 countries,I,Q,Quarterly,Y,Calendar and seasonally adjusted,MEX,Mexico,S1,Total economy,S1,Total economy,B1GQ,Gross domestic product,_Z,Not applicable,_Z,Not applicable,_Z,Not applicable,PC,Percentage change,L,Chain linked volume,G1,"Growth rate, period on period",T0102,Table 0102 - GDP identity from the expenditure side,2010-Q3,,0.954783124,,,,,,F,Free (free for publication),1,One,A,Normal value,0,Units,_Z,Not applicable
DATAFLOW,OECD.SDD.NAD:DSD_NAMAIN1@DF_QNA_EXPENDITURE_GROWTH_G20(1.1),Quarterly real GDP growth - G20 countries,I,Q,Quarterly,Y,Calendar and seasonally adjusted,MEX,Mexico,S1,Total economy,S1,Total economy,B1GQ,Gross domestic product,_Z,Not applicable,_Z,Not applicable,_Z,Not applicable,PC,Percentage change,L,Chain linked volume,G1,"Growth rate, period on period",T0102,Table 0102 - GDP identity from the expenditure side,2010-Q4,,0.823438566,,,,,,F,Free (free for publication),1,One,A,Normal value,0,Units,_Z,Not applicable
DATAFLOW,OECD.SDD.NAD:DSD_NAMAIN1@DF_QNA_EXPENDITURE_GROWTH_G20(1.1),Quarterly real GDP growth - G20 countries,I,Q,Quarterly,Y,Calendar and seasonally adjusted,MEX,Mexico,S1,Total economy,S1,Total economy,B1GQ,Gross domestic product,_Z,Not applicable,_Z,Not applicable,_Z,Not applicable,PC,Percentage change,L,Chain linked volume,G1,"Growth rate, period on period",T0102,Table 0102 - GDP identity from the expenditure side,2011-Q1,,0.702686785,,,,,,F,Free (free for publication),1,One,A,Normal value,0,Units,_Z,Not applicable
DATAFLOW,OECD.SDD.NAD:DSD_NAMAIN1@DF_QNA_EXPENDITURE_GROWTH_G20(1.1),Quarterly real GDP growth - G20 countries,I,Q,Quarterly,Y,Calendar and seasonally adjusted,MEX,Mexico,S1,Total economy,S1,Total economy,B1GQ,Gross domestic product,_Z,Not applicable,_Z,Not applicable,_Z,Not applicable,PC,Percentage change,L,Chain linked volume,G1,"Growth rate, period on period",T0102,Table 0102 - GDP identity from the expenditure side,2011-Q2,,0.297061588,,,,,,F,Free (free for publication),1,One,A,Normal value,0,Units,_Z,Not applicable
DATAFLOW,OECD.SDD.NAD:DSD_NAMAIN1@DF_QNA_EXPENDITURE_GROWTH_G20(1.1),Quarterly real GDP growth - G20 countries,I,Q,Quarterly,Y,Calendar and seasonally adjusted,MEX,Mexico,S1,Total economy,S1,Total economy,B1GQ,Gross domestic product,_Z,Not applicable,_Z,Not applicable,_Z,Not applicable,PC,Percentage change,L,Chain linked volume,G1,"Growth rate, period on period",T0102,Table 0102 - GDP identity from the expenditure side,2011-Q3,,1.880074121,,,,,,F,Free (free for publication),1,One,A,Normal value,0,Units,_Z,Not applicable
DATAFLOW,OECD.SDD.NAD:DSD_NAMAIN1@DF_QNA_EXPENDITURE_GROWTH_G20(1.1),Quarterly real GDP growth - G20 countries,I,Q,Quarterly,Y,Calendar and seasonally adjusted,MEX,Mexico,S1,Total economy,S1,Total economy,B1GQ,Gross domestic product,_Z,Not applicable,_Z,Not applicable,_Z,Not applicable,PC,Percentage change,L,Chain linked volume,G1,"Growth rate, period on period",T0102,Table 0102 - GDP identity from the expenditure side,2011-Q4,,0.72289236,,,,,,F,Free (free for publication),1,One,A,Normal value,0,Units,_Z,Not applicable
DATAFLOW,OECD.SDD.NAD:DSD_NAMAIN1@DF_QNA_EXPENDITURE_GROWTH_G20(1.1),Quarterly real GDP growth - G20 countries,I,Q,Quarterly,Y,Calendar and seasonally adjusted,MEX,Mexico,S1,Total economy,S1,Total economy,B1GQ,Gross domestic product,_Z,Not applicable,_Z,Not applicable,_Z,Not applicable,PC,Percentage change,L,Chain linked volume,G1,"Growth rate, period on period",T0102,Table 0102 - GDP identity from the expenditure side,2012-Q1,,0.952732392,,,,,,F,Free (free for publication),1,One,A,Normal value,0,Units,_Z,Not applicable
DATAFLOW,OECD.SDD.NAD:DSD_NAMAIN1@DF_QNA_EXPENDITURE_GROWTH_G20(1.1),Quarterly real GDP growth - G20 countries,I,Q,Quarterly,Y,Calendar and seasonally adjusted,MEX,Mexico,S1,Total economy,S1,Total economy,B1GQ,Gross domestic product,_Z,Not applicable,_Z,Not applicable,_Z,Not applicable,PC,Percentage change,L,Chain linked volume,G1,"Growth rate, period on period",T0102,Table 0102 - GDP identity from the expenditure side,2012-Q2,,0.613013558,,,,,,F,Free (free for publication),1,One,A,Normal value,0,Units,_Z,Not applicable
DATAFLOW,OECD.SDD.NAD:DSD_NAMAIN1@DF_QNA_EXPENDITURE_GROWTH_G20(1.1),Quarterly real GDP growth - G20 countries,I,Q,Quarterly,Y,Calendar and seasonally adjusted,MEX,Mexico,S1,Total economy,S1,Total economy,B1GQ,Gross domestic product,_Z,Not applicable,_Z,Not applicable,_Z,Not applicable,PC,Percentage change,L,Chain linked volume,G1,"Growth rate, period on period",T0102,Table 0102 - GDP identity from the expenditure side,2012-Q3,,0.260907083,,,,,,F,Free (free for publication),1,One,A,Normal value,0,Units,_Z,Not applicable
DATAFLOW,OECD.SDD.NAD:DSD_NAMAIN1@DF_QNA_EXPENDITURE_GROWTH_G20(1.1),Quarterly real GDP growth - G20 countries,I,Q,Quarterly,Y,Calendar and seasonally adjusted,MEX,Mexico,S1,Total economy,S1,Total economy,B1GQ,Gross domestic product,_Z,Not applicable,_Z,Not applicable,_Z,Not applicable,PC,Percentage change,L,Chain linked volume,G1,"Growth rate, period on period",T0102,Table 0102 - GDP identity from the expenditure side,2012-Q4,,0.777289133,,,,,,F,Free (free for publication),1,One,A,Normal value,0,Units,_Z,Not applicable
DATAFLOW,OECD.SDD.NAD:DSD_NAMAIN1@DF_QNA_EXPENDITURE_GROWTH_G20(1.1),Quarterly real GDP growth - G20 countries,I,Q,Quarterly,Y,Calendar and seasonally adjusted,MEX,Mexico,S1,Total economy,S1,Total economy,B1GQ,Gross domestic product,_Z,Not applicable,_Z,Not applicable,_Z,Not applicable,PC,Percentage change,L,Chain linked volume,G1,"Growth rate, period on period",T0102,Table 0102 - GDP identity from the expenditure side,2013-Q1,,0.088103266,,,,,,F,Free (free for publication),1,One,A,Normal value,0,Units,_Z,Not applicable
DATAFLOW,OECD.SDD.NAD:DSD_NAMAIN1@DF_QNA_EXPENDITURE_GROWTH_G20(1.1),Quarterly real GDP growth - G20 countries,I,Q,Quarterly,Y,Calendar and seasonally adjusted,MEX,Mexico,S1,Total economy,S1,Total economy,B1GQ,Gross domestic product,_Z,Not applicable,_Z,Not applicable,_Z,Not applicable,PC,Percentage change,L,Chain linked volume,G1,"Growth rate, period on period",T0102,Table 0102 - GDP identity from the expenditure side,2013-Q2,,-0.410323314,,,,,,F,Free (free for publication),1,One,A,Normal value,0,Units,_Z,Not applicable
DATAFLOW,OECD.SDD.NAD:DSD_NAMAIN1@DF_QNA_EXPENDITURE_GROWTH_G20(1.1),Quarterly real GDP growth - G20 countries,I,Q,Quarterly,Y,Calendar and seasonally adjusted,MEX,Mexico,S1,Total economy,S1,Total economy,B1GQ,Gross domestic product,_Z,Not applicable,_Z,Not applicable,_Z,Not applicable,PC,Percentage change,L,Chain linked volume,G1,"Growth rate, period on period",T0102,Table 0102 - GDP identity from the expenditure side,2013-Q3,,0.629450929,,,,,,F,Free (free for publication),1,One,A,Normal value,0,Units,_Z,Not applicable
DATAFLOW,OECD.SDD.NAD:DSD_NAMAIN1@DF_QNA_EXPENDITURE_GROWTH_G20(1.1),Quarterly real GDP growth - G20 countries,I,Q,Quarterly,Y,Calendar and seasonally adjusted,MEX,Mexico,S1,Total economy,S1,Total economy,B1GQ,Gross domestic product,_Z,Not applicable,_Z,Not applicable,_Z,Not applicable,PC,Percentage change,L,Chain linked volume,G1,"Growth rate, period on period",T0102,Table 0102 - GDP identity from the expenditure side,2013-Q4,,0.491526218,,,,,,F,Free (free for publication),1,One,A,Normal value,0,Units,_Z,Not applicable
DATAFLOW,OECD.SDD.NAD:DSD_NAMAIN1@DF_QNA_EXPENDITURE_GROWTH_G20(1.1),Quarterly real GDP growth - G20 countries,I,Q,Quarterly,Y,Calendar and seasonally adjusted,MEX,Mexico,S1,Total economy,S1,Total economy,B1GQ,Gross domestic product,_Z,Not applicable,_Z,Not applicable,_Z,Not applicable,PC,Percentage change,L,Chain linked volume,G1,"Growth rate, period on period",T0102,Table 0102 - GDP identity from the expenditure side,2014-Q1,,0.65977309,,,,,,F,Free (free for publication),1,One,A,Normal value,0,Units,_Z,Not applicable
DATAFLOW,OECD.SDD.NAD:DSD_NAMAIN1@DF_QNA_EXPENDITURE_GROWTH_G20(1.1),Quarterly real GDP growth - G20 countries,I,Q,Quarterly,Y,Calendar and seasonally adjusted,MEX,Mexico,S1,Total economy,S1,Total economy,B1GQ,Gross domestic product,_Z,Not applicable,_Z,Not applicable,_Z,Not applicable,PC,Percentage change,L,Chain linked volume,G1,"Growth rate, period on period",T0102,Table 0102 - GDP identity from the expenditure side,2014-Q2,,1.271923131,,,,,,F,Free (free for publication),1,One,A,Normal value,0,Units,_Z,Not applicable
DATAFLOW,OECD.SDD.NAD:DSD_NAMAIN1@DF_QNA_EXPENDITURE_GROWTH_G20(1.1),Quarterly real GDP growth - G20 countries,I,Q,Quarterly,Y,Calendar and seasonally adjusted,MEX,Mexico,S1,Total economy,S1,Total economy,B1GQ,Gross domestic product,_Z,Not applicable,_Z,Not applicable,_Z,Not applicable,PC,Percentage change,L,Chain linked volume,G1,"Growth rate, period on period",T0102,Table 0102 - GDP identity from the expenditure side,2014-Q3,,0.169137007,,,,,,F,Free (free for publication),1,One,A,Normal value,0,Units,_Z,Not applicable
DATAFLOW,OECD.SDD.NAD:DSD_NAMAIN1@DF_QNA_EXPENDITURE_GROWTH_G20(1.1),Quarterly real GDP growth - G20 countries,I,Q,Quarterly,Y,Calendar and seasonally adjusted,MEX,Mexico,S1,Total economy,S1,Total economy,B1GQ,Gross domestic product,_Z,Not applicable,_Z,Not applicable,_Z,Not applicable,PC,Percentage change,L,Chain linked volume,G1,"Growth rate, period on period",T0102,Table 0102 - GDP identity from the expenditure side,2014-Q4,,0.849353525,,,,,,F,Free (free for publication),1,One,A,Normal value,0,Units,_Z,Not applicable
DATAFLOW,OECD.SDD.NAD:DSD_NAMAIN1@DF_QNA_EXPENDITURE_GROWTH_G20(1.1),Quarterly real GDP growth - G20 countries,I,Q,Quarterly,Y,Calendar and seasonally adjusted,MEX,Mexico,S1,Total economy,S1,Total economy,B1GQ,Gross domestic product,_Z,Not applicable,_Z,Not applicable,_Z,Not applicable,PC,Percentage change,L,Chain linked volume,G1,"Growth rate, period on period",T0102,Table 0102 - GDP identity from the expenditure side,2015-Q1,,0.48812513,,,,,,F,Free (free for publication),1,One,A,Normal value,0,Units,_Z,Not applicable
DATAFLOW,OECD.SDD.NAD:DSD_NAMAIN1@DF_QNA_EXPENDITURE_GROWTH_G20(1.1),Quarterly real GDP growth - G20 countries,I,Q,Quarterly,Y,Calendar and seasonally adjusted,MEX,Mexico,S1,Total economy,S1,Total economy,B1GQ,Gross domestic product,_Z,Not applicable,_Z,Not applicable,_Z,Not applicable,PC,Percentage change,L,Chain linked volume,G1,"Growth rate, period on period",T0102,Table 0102 - GDP identity from the expenditure side,2015-Q2,,0.875935326,,,,,,F,Free (free for publication),1,One,A,Normal value,0,Units,_Z,Not applicable
DATAFLOW,OECD.SDD.NAD:DSD_NAMAIN1@DF_QNA_EXPENDITURE_GROWTH_G20(1.1),Quarterly real GDP growth - G20 countries,I,Q,Quarterly,Y,Calendar and seasonally adjusted,MEX,Mexico,S1,Total economy,S1,Total economy,B1GQ,Gross domestic product,_Z,Not applicable,_Z,Not applicable,_Z,Not applicable,PC,Percentage change,L,Chain linked volume,G1,"Growth rate, period on period",T0102,Table 0102 - GDP identity from the expenditure side,2015-Q3,,1.177902995,,,,,,F,Free (free for publication),1,One,A,Normal value,0,Units,_Z,Not applicable
DATAFLOW,OECD.SDD.NAD:DSD_NAMAIN1@DF_QNA_EXPENDITURE_GROWTH_G20(1.1),Quarterly real GDP growth - G20 countries,I,Q,Quarterly,Y,Calendar and seasonally adjusted,MEX,Mexico,S1,Total economy,S1,Total economy,B1GQ,Gross domestic product,_Z,Not applicable,_Z,Not applicable,_Z,Not applicable,PC,Percentage change,L,Chain linked volume,G1,"Growth rate, period on period",T0102,Table 0102 - GDP identity from the expenditure side,2015-Q4,,-0.294075693,,,,,,F,Free (free for publication),1,One,A,Normal value,0,Units,_Z,Not applicable
DATAFLOW,OECD.SDD.NAD:DSD_NAMAIN1@DF_QNA_EXPENDITURE_GROWTH_G20(1.1),Quarterly real GDP growth - G20 countries,I,Q,Quarterly,Y,Calendar and seasonally adjusted,MEX,Mexico,S1,Total economy,S1,Total economy,B1GQ,Gross domestic product,_Z,Not applicable,_Z,Not applicable,_Z,Not applicable,PC,Percentage change,L,Chain linked volume,G1,"Growth rate, period on period",T0102,Table 0102 - GDP identity from the expenditure side,2016-Q1,,-0.112258469,,,,,,F,Free (free for publication),1,One,A,Normal value,0,Units,_Z,Not applicable
DATAFLOW,OECD.SDD.NAD:DSD_NAMAIN1@DF_QNA_EXPENDITURE_GROWTH_G20(1.1),Quarterly real GDP growth - G20 countries,I,Q,Quarterly,Y,Calendar and seasonally adjusted,MEX,Mexico,S1,Total economy,S1,Total economy,B1GQ,Gross domestic product,_Z,Not applicable,_Z,Not applicable,_Z,Not applicable,PC,Percentage change,L,Chain linked volume,G1,"Growth rate, period on period",T0102,Table 0102 - GDP identity from the expenditure side,2016-Q2,,0.447762646,,,,,,F,Free (free for publication),1,One,A,Normal value,0,Units,_Z,Not applicable
DATAFLOW,OECD.SDD.NAD:DSD_NAMAIN1@DF_QNA_EXPENDITURE_GROWTH_G20(1.1),Quarterly real GDP growth - G20 countries,I,Q,Quarterly,Y,Calendar and seasonally adjusted,MEX,Mexico,S1,Total economy,S1,Total economy,B1GQ,Gross domestic product,_Z,Not applicable,_Z,Not applicable,_Z,Not applicable,PC,Percentage change,L,Chain linked volume,G1,"Growth rate, period on period",T0102,Table 0102 - GDP identity from the expenditure side,2016-Q3,,0.873892262,,,,,,F,Free (free for publication),1,One,A,Normal value,0,Units,_Z,Not applicable
DATAFLOW,OECD.SDD.NAD:DSD_NAMAIN1@DF_QNA_EXPENDITURE_GROWTH_G20(1.1),Quarterly real GDP growth - G20 countries,I,Q,Quarterly,Y,Calendar and seasonally adjusted,MEX,Mexico,S1,Total economy,S1,Total economy,B1GQ,Gross domestic product,_Z,Not applicable,_Z,Not applicable,_Z,Not applicable,PC,Percentage change,L,Chain linked volume,G1,"Growth rate, period on period",T0102,Table 0102 - GDP identity from the expenditure side,2016-Q4,,1.116767621,,,,,,F,Free (free for publication),1,One,A,Normal value,0,Units,_Z,Not applicable
DATAFLOW,OECD.SDD.NAD:DSD_NAMAIN1@DF_QNA_EXPENDITURE_GROWTH_G20(1.1),Quarterly real GDP growth - G20 countries,I,Q,Quarterly,Y,Calendar and seasonally adjusted,MEX,Mexico,S1,Total economy,S1,Total economy,B1GQ,Gross domestic product,_Z,Not applicable,_Z,Not applicable,_Z,Not applicable,PC,Percentage change,L,Chain linked volume,G1,"Growth rate, period on period",T0102,Table 0102 - GDP identity from the expenditure side,2017-Q1,,0.581659366,,,,,,F,Free (free for publication),1,One,A,Normal value,0,Units,_Z,Not applicable
DATAFLOW,OECD.SDD.NAD:DSD_NAMAIN1@DF_QNA_EXPENDITURE_GROWTH_G20(1.1),Quarterly real GDP growth - G20 countries,I,Q,Quarterly,Y,Calendar and seasonally adjusted,MEX,Mexico,S1,Total economy,S1,Total economy,B1GQ,Gross domestic product,_Z,Not applicable,_Z,Not applicable,_Z,Not applicable,PC,Percentage change,L,Chain linked volume,G1,"Growth rate, period on period",T0102,Table 0102 - GDP identity from the expenditure side,2017-Q2,,0.110384867,,,,,,F,Free (free for publication),1,One,A,Normal value,0,Units,_Z,Not applicable
DATAFLOW,OECD.SDD.NAD:DSD_NAMAIN1@DF_QNA_EXPENDITURE_GROWTH_G20(1.1),Quarterly real GDP growth - G20 countries,I,Q,Quarterly,Y,Calendar and seasonally adjusted,MEX,Mexico,S1,Total economy,S1,Total economy,B1GQ,Gross domestic product,_Z,Not applicable,_Z,Not applicable,_Z,Not applicable,PC,Percentage change,L,Chain linked volume,G1,"Growth rate, period on period",T0102,Table 0102 - GDP identity from the expenditure side,2017-Q3,,-0.591311801,,,,,,F,Free (free for publication),1,One,A,Normal value,0,Units,_Z,Not applicable
DATAFLOW,OECD.SDD.NAD:DSD_NAMAIN1@DF_QNA_EXPENDITURE_GROWTH_G20(1.1),Quarterly real GDP growth - G20 countries,I,Q,Quarterly,Y,Calendar and seasonally adjusted,MEX,Mexico,S1,Total economy,S1,Total economy,B1GQ,Gross domestic product,_Z,Not applicable,_Z,Not applicable,_Z,Not applicable,PC,Percentage change,L,Chain linked volume,G1,"Growth rate, period on period",T0102,Table 0102 - GDP identity from the expenditure side,2017-Q4,,1.395883098,,,,,,F,Free (free for publication),1,One,A,Normal value,0,Units,_Z,Not applicable
DATAFLOW,OECD.SDD.NAD:DSD_NAMAIN1@DF_QNA_EXPENDITURE_GROWTH_G20(1.1),Quarterly real GDP growth - G20 countries,I,Q,Quarterly,Y,Calendar and seasonally adjusted,MEX,Mexico,S1,Total economy,S1,Total economy,B1GQ,Gross domestic product,_Z,Not applicable,_Z,Not applicable,_Z,Not applicable,PC,Percentage change,L,Chain linked volume,G1,"Growth rate, period on period",T0102,Table 0102 - GDP identity from the expenditure side,2018-Q1,,1.250588119,,,,,,F,Free (free for publication),1,One,A,Normal value,0,Units,_Z,Not applicable
DATAFLOW,OECD.SDD.NAD:DSD_NAMAIN1@DF_QNA_EXPENDITURE_GROWTH_G20(1.1),Quarterly real GDP growth - G20 countries,I,Q,Quarterly,Y,Calendar and seasonally adjusted,MEX,Mexico,S1,Total economy,S1,Total economy,B1GQ,Gross domestic product,_Z,Not applicable,_Z,Not applicable,_Z,Not applicable,PC,Percentage change,L,Chain linked volume,G1,"Growth rate, period on period",T0102,Table 0102 - GDP identity from the expenditure side,2018-Q2,,-0.306777102,,,,,,F,Free (free for publication),1,One,A,Normal value,0,Units,_Z,Not applicable
DATAFLOW,OECD.SDD.NAD:DSD_NAMAIN1@DF_QNA_EXPENDITURE_GROWTH_G20(1.1),Quarterly real GDP growth - G20 countries,I,Q,Quarterly,Y,Calendar and seasonally adjusted,MEX,Mexico,S1,Total economy,S1,Total economy,B1GQ,Gross domestic product,_Z,Not applicable,_Z,Not applicable,_Z,Not applicable,PC,Percentage change,L,Chain linked volume,G1,"Growth rate, period on period",T0102,Table 0102 - GDP identity from the expenditure side,2018-Q3,,0.409883405,,,,,,F,Free (free for publication),1,One,A,Normal value,0,Units,_Z,Not applicable
DATAFLOW,OECD.SDD.NAD:DSD_NAMAIN1@DF_QNA_EXPENDITURE_GROWTH_G20(1.1),Quarterly real GDP growth - G20 countries,I,Q,Quarterly,Y,Calendar and seasonally adjusted,MEX,Mexico,S1,Total economy,S1,Total economy,B1GQ,Gross domestic product,_Z,Not applicable,_Z,Not applicable,_Z,Not applicable,PC,Percentage change,L,Chain linked volume,G1,"Growth rate, period on period",T0102,Table 0102 - GDP identity from the expenditure side,2018-Q4,,-0.188560207,,,,,,F,Free (free for publication),1,One,A,Normal value,0,Units,_Z,Not applicable
DATAFLOW,OECD.SDD.NAD:DSD_NAMAIN1@DF_QNA_EXPENDITURE_GROWTH_G20(1.1),Quarterly real GDP growth - G20 countries,I,Q,Quarterly,Y,Calendar and seasonally adjusted,MEX,Mexico,S1,Total economy,S1,Total economy,B1GQ,Gross domestic product,_Z,Not applicable,_Z,Not applicable,_Z,Not applicable,PC,Percentage change,L,Chain linked volume,G1,"Growth rate, period on period",T0102,Table 0102 - GDP identity from the expenditure side,2019-Q1,,0.01266026,,,,,,F,Free (free for publication),1,One,A,Normal value,0,Units,_Z,Not applicable
DATAFLOW,OECD.SDD.NAD:DSD_NAMAIN1@DF_QNA_EXPENDITURE_GROWTH_G20(1.1),Quarterly real GDP growth - G20 countries,I,Q,Quarterly,Y,Calendar and seasonally adjusted,MEX,Mexico,S1,Total economy,S1,Total economy,B1GQ,Gross domestic product,_Z,Not applicable,_Z,Not applicable,_Z,Not applicable,PC,Percentage change,L,Chain linked volume,G1,"Growth rate, period on period",T0102,Table 0102 - GDP identity from the expenditure side,2019-Q2,,-0.285335186,,,,,,F,Free (free for publication),1,One,A,Normal value,0,Units,_Z,Not applicable
DATAFLOW,OECD.SDD.NAD:DSD_NAMAIN1@DF_QNA_EXPENDITURE_GROWTH_G20(1.1),Quarterly real GDP growth - G20 countries,I,Q,Quarterly,Y,Calendar and seasonally adjusted,MEX,Mexico,S1,Total economy,S1,Total economy,B1GQ,Gross domestic product,_Z,Not applicable,_Z,Not applicable,_Z,Not applicable,PC,Percentage change,L,Chain linked volume,G1,"Growth rate, period on period",T0102,Table 0102 - GDP identity from the expenditure side,2019-Q3,,0.022232844,,,,,,F,Free (free for publication),1,One,A,Normal value,0,Units,_Z,Not applicable
DATAFLOW,OECD.SDD.NAD:DSD_NAMAIN1@DF_QNA_EXPENDITURE_GROWTH_G20(1.1),Quarterly real GDP growth - G20 countries,I,Q,Quarterly,Y,Calendar and seasonally adjusted,MEX,Mexico,S1,Total economy,S1,Total economy,B1GQ,Gross domestic product,_Z,Not applicable,_Z,Not applicable,_Z,Not applicable,PC,Percentage change,L,Chain linked volume,G1,"Growth rate, period on period",T0102,Table 0102 - GDP identity from the expenditure side,2019-Q4,,-0.741307923,,,,,,F,Free (free for publication),1,One,A,Normal value,0,Units,_Z,Not applicable
DATAFLOW,OECD.SDD.NAD:DSD_NAMAIN1@DF_QNA_EXPENDITURE_GROWTH_G20(1.1),Quarterly real GDP growth - G20 countries,I,Q,Quarterly,Y,Calendar and seasonally adjusted,MEX,Mexico,S1,Total economy,S1,Total economy,B1GQ,Gross domestic product,_Z,Not applicable,_Z,Not applicable,_Z,Not applicable,PC,Percentage change,L,Chain linked volume,G1,"Growth rate, period on period",T0102,Table 0102 - GDP identity from the expenditure side,2020-Q1,,-1.195273723,,,,,,F,Free (free for publication),1,One,A,Normal value,0,Units,_Z,Not applicable
DATAFLOW,OECD.SDD.NAD:DSD_NAMAIN1@DF_QNA_EXPENDITURE_GROWTH_G20(1.1),Quarterly real GDP growth - G20 countries,I,Q,Quarterly,Y,Calendar and seasonally adjusted,MEX,Mexico,S1,Total economy,S1,Total economy,B1GQ,Gross domestic product,_Z,Not applicable,_Z,Not applicable,_Z,Not applicable,PC,Percentage change,L,Chain linked volume,G1,"Growth rate, period on period",T0102,Table 0102 - GDP identity from the expenditure side,2020-Q2,,-18.924295356,,,,,,F,Free (free for publication),1,One,A,Normal value,0,Units,_Z,Not applicable
DATAFLOW,OECD.SDD.NAD:DSD_NAMAIN1@DF_QNA_EXPENDITURE_GROWTH_G20(1.1),Quarterly real GDP growth - G20 countries,I,Q,Quarterly,Y,Calendar and seasonally adjusted,MEX,Mexico,S1,Total economy,S1,Total economy,B1GQ,Gross domestic product,_Z,Not applicable,_Z,Not applicable,_Z,Not applicable,PC,Percentage change,L,Chain linked volume,G1,"Growth rate, period on period",T0102,Table 0102 - GDP identity from the expenditure side,2020-Q3,,15.561355482,,,,,,F,Free (free for publication),1,One,A,Normal value,0,Units,_Z,Not applicable
DATAFLOW,OECD.SDD.NAD:DSD_NAMAIN1@DF_QNA_EXPENDITURE_GROWTH_G20(1.1),Quarterly real GDP growth - G20 countries,I,Q,Quarterly,Y,Calendar and seasonally adjusted,MEX,Mexico,S1,Total economy,S1,Total economy,B1GQ,Gross domestic product,_Z,Not applicable,_Z,Not applicable,_Z,Not applicable,PC,Percentage change,L,Chain linked volume,G1,"Growth rate, period on period",T0102,Table 0102 - GDP identity from the expenditure side,2020-Q4,,4.298541385,,,,,,F,Free (free for publication),1,One,A,Normal value,0,Units,_Z,Not applicable
DATAFLOW,OECD.SDD.NAD:DSD_NAMAIN1@DF_QNA_EXPENDITURE_GROWTH_G20(1.1),Quarterly real GDP growth - G20 countries,I,Q,Quarterly,Y,Calendar and seasonally adjusted,MEX,Mexico,S1,Total economy,S1,Total economy,B1GQ,Gross domestic product,_Z,Not applicable,_Z,Not applicable,_Z,Not applicable,PC,Percentage change,L,Chain linked volume,G1,"Growth rate, period on period",T0102,Table 0102 - GDP identity from the expenditure side,2021-Q1,,0.743610699,,,,,,F,Free (free for publication),1,One,A,Normal value,0,Units,_Z,Not applicable
DATAFLOW,OECD.SDD.NAD:DSD_NAMAIN1@DF_QNA_EXPENDITURE_GROWTH_G20(1.1),Quarterly real GDP growth - G20 countries,I,Q,Quarterly,Y,Calendar and seasonally adjusted,MEX,Mexico,S1,Total economy,S1,Total economy,B1GQ,Gross domestic product,_Z,Not applicable,_Z,Not applicable,_Z,Not applicable,PC,Percentage change,L,Chain linked volume,G1,"Growth rate, period on period",T0102,Table 0102 - GDP identity from the expenditure side,2021-Q2,,0.898890334,,,,,,F,Free (free for publication),1,One,A,Normal value,0,Units,_Z,Not applicable
DATAFLOW,OECD.SDD.NAD:DSD_NAMAIN1@DF_QNA_EXPENDITURE_GROWTH_G20(1.1),Quarterly real GDP growth - G20 countries,I,Q,Quarterly,Y,Calendar and seasonally adjusted,MEX,Mexico,S1,Total economy,S1,Total economy,B1GQ,Gross domestic product,_Z,Not applicable,_Z,Not applicable,_Z,Not applicable,PC,Percentage change,L,Chain linked volume,G1,"Growth rate, period on period",T0102,Table 0102 - GDP identity from the expenditure side,2021-Q3,,-0.860945308,,,,,,F,Free (free for publication),1,One,A,Normal value,0,Units,_Z,Not applicable
DATAFLOW,OECD.SDD.NAD:DSD_NAMAIN1@DF_QNA_EXPENDITURE_GROWTH_G20(1.1),Quarterly real GDP growth - G20 countries,I,Q,Quarterly,Y,Calendar and seasonally adjusted,MEX,Mexico,S1,Total economy,S1,Total economy,B1GQ,Gross domestic product,_Z,Not applicable,_Z,Not applicable,_Z,Not applicable,PC,Percentage change,L,Chain linked volume,G1,"Growth rate, period on period",T0102,Table 0102 - GDP identity from the expenditure side,2021-Q4,,1.167334415,,,,,,F,Free (free for publication),1,One,A,Normal value,0,Units,_Z,Not applicable
DATAFLOW,OECD.SDD.NAD:DSD_NAMAIN1@DF_QNA_EXPENDITURE_GROWTH_G20(1.1),Quarterly real GDP growth - G20 countries,I,Q,Quarterly,Y,Calendar and seasonally adjusted,G20,G20,S1,Total economy,S1,Total economy,B1GQ,Gross domestic product,_Z,Not applicable,_Z,Not applicable,_Z,Not applicable,PC,Percentage change,L,Chain linked volume,G1,"Growth rate, period on period",T0102,Table 0102 - GDP identity from the expenditure side,2013-Q3,,1.04296,,,,,,F,Free (free for publication),1,One,A,Normal value,0,Units,_Z,Not applicable
DATAFLOW,OECD.SDD.NAD:DSD_NAMAIN1@DF_QNA_EXPENDITURE_GROWTH_G20(1.1),Quarterly real GDP growth - G20 countries,I,Q,Quarterly,Y,Calendar and seasonally adjusted,G20,G20,S1,Total economy,S1,Total economy,B1GQ,Gross domestic product,_Z,Not applicable,_Z,Not applicable,_Z,Not applicable,PC,Percentage change,L,Chain linked volume,G1,"Growth rate, period on period",T0102,Table 0102 - GDP identity from the expenditure side,2025-Q2,,0.9,,,,,,F,Free (free for publication),1,One,A,Normal value,0,Units,_Z,Not applicable
DATAFLOW,OECD.SDD.NAD:DSD_NAMAIN1@DF_QNA_EXPENDITURE_GROWTH_G20(1.1),Quarterly real GDP growth - G20 countries,I,Q,Quarterly,Y,Calendar and seasonally adjusted,G20,G20,S1,Total economy,S1,Total economy,B1GQ,Gross domestic product,_Z,Not applicable,_Z,Not applicable,_Z,Not applicable,PC,Percentage change,L,Chain linked volume,G1,"Growth rate, period on period",T0102,Table 0102 - GDP identity from the expenditure side,2010-Q1,,1.25424,,,,,,F,Free (free for publication),1,One,A,Normal value,0,Units,_Z,Not applicable
DATAFLOW,OECD.SDD.NAD:DSD_NAMAIN1@DF_QNA_EXPENDITURE_GROWTH_G20(1.1),Quarterly real GDP growth - G20 countries,I,Q,Quarterly,Y,Calendar and seasonally adjusted,G20,G20,S1,Total economy,S1,Total economy,B1GQ,Gross domestic product,_Z,Not applicable,_Z,Not applicable,_Z,Not applicable,PC,Percentage change,L,Chain linked volume,G1,"Growth rate, period on period",T0102,Table 0102 - GDP identity from the expenditure side,2010-Q2,,1.44323,,,,,,F,Free (free for publication),1,One,A,Normal value,0,Units,_Z,Not applicable
DATAFLOW,OECD.SDD.NAD:DSD_NAMAIN1@DF_QNA_EXPENDITURE_GROWTH_G20(1.1),Quarterly real GDP growth - G20 countries,I,Q,Quarterly,Y,Calendar and seasonally adjusted,G20,G20,S1,Total economy,S1,Total economy,B1GQ,Gross domestic product,_Z,Not applicable,_Z,Not applicable,_Z,Not applicable,PC,Percentage change,L,Chain linked volume,G1,"Growth rate, period on period",T0102,Table 0102 - GDP identity from the expenditure side,2010-Q3,,1.26293,,,,,,F,Free (free for publication),1,One,A,Normal value,0,Units,_Z,Not applicable
DATAFLOW,OECD.SDD.NAD:DSD_NAMAIN1@DF_QNA_EXPENDITURE_GROWTH_G20(1.1),Quarterly real GDP growth - G20 countries,I,Q,Quarterly,Y,Calendar and seasonally adjusted,G20,G20,S1,Total economy,S1,Total economy,B1GQ,Gross domestic product,_Z,Not applicable,_Z,Not applicable,_Z,Not applicable,PC,Percentage change,L,Chain linked volume,G1,"Growth rate, period on period",T0102,Table 0102 - GDP identity from the expenditure side,2010-Q4,,1.12407,,,,,,F,Free (free for publication),1,One,A,Normal value,0,Units,_Z,Not applicable
DATAFLOW,OECD.SDD.NAD:DSD_NAMAIN1@DF_QNA_EXPENDITURE_GROWTH_G20(1.1),Quarterly real GDP growth - G20 countries,I,Q,Quarterly,Y,Calendar and seasonally adjusted,G20,G20,S1,Total economy,S1,Total economy,B1GQ,Gross domestic product,_Z,Not applicable,_Z,Not applicable,_Z,Not applicable,PC,Percentage change,L,Chain linked volume,G1,"Growth rate, period on period",T0102,Table 0102 - GDP identity from the expenditure side,2011-Q1,,0.89837,,,,,,F,Free (free for publication),1,One,A,Normal value,0,Units,_Z,Not applicable
DATAFLOW,OECD.SDD.NAD:DSD_NAMAIN1@DF_QNA_EXPENDITURE_GROWTH_G20(1.1),Quarterly real GDP growth - G20 countries,I,Q,Quarterly,Y,Calendar and seasonally adjusted,G20,G20,S1,Total economy,S1,Total economy,B1GQ,Gross domestic product,_Z,Not applicable,_Z,Not applicable,_Z,Not applicable,PC,Percentage change,L,Chain linked volume,G1,"Growth rate, period on period",T0102,Table 0102 - GDP identity from the expenditure side,2011-Q2,,0.86397,,,,,,F,Free (free for publication),1,One,A,Normal value,0,Units,_Z,Not applicable
DATAFLOW,OECD.SDD.NAD:DSD_NAMAIN1@DF_QNA_EXPENDITURE_GROWTH_G20(1.1),Quarterly real GDP growth - G20 countries,I,Q,Quarterly,Y,Calendar and seasonally adjusted,G20,G20,S1,Total economy,S1,Total economy,B1GQ,Gross domestic product,_Z,Not applicable,_Z,Not applicable,_Z,Not applicable,PC,Percentage change,L,Chain linked volume,G1,"Growth rate, period on period",T0102,Table 0102 - GDP identity from the expenditure side,2011-Q3,,0.83329,,,,,,F,Free (free for publication),1,One,A,Normal value,0,Units,_Z,Not applicable
DATAFLOW,OECD.SDD.NAD:DSD_NAMAIN1@DF_QNA_EXPENDITURE_GROWTH_G20(1.1),Quarterly real GDP growth - G20 countries,I,Q,Quarterly,Y,Calendar and seasonally adjusted,G20,G20,S1,Total economy,S1,Total economy,B1GQ,Gross domestic product,_Z,Not applicable,_Z,Not applicable,_Z,Not applicable,PC,Percentage change,L,Chain linked volume,G1,"Growth rate, period on period",T0102,Table 0102 - GDP identity from the expenditure side,2011-Q4,,0.85625,,,,,,F,Free (free for publication),1,One,A,Normal value,0,Units,_Z,Not applicable
DATAFLOW,OECD.SDD.NAD:DSD_NAMAIN1@DF_QNA_EXPENDITURE_GROWTH_G20(1.1),Quarterly real GDP growth - G20 countries,I,Q,Quarterly,Y,Calendar and seasonally adjusted,G20,G20,S1,Total economy,S1,Total economy,B1GQ,Gross domestic product,_Z,Not applicable,_Z,Not applicable,_Z,Not applicable,PC,Percentage change,L,Chain linked volume,G1,"Growth rate, period on period",T0102,Table 0102 - GDP identity from the expenditure side,2012-Q1,,0.73393,,,,,,F,Free (free for publication),1,One,A,Normal value,0,Units,_Z,Not applicable
DATAFLOW,OECD.SDD.NAD:DSD_NAMAIN1@DF_QNA_EXPENDITURE_GROWTH_G20(1.1),Quarterly real GDP growth - G20 countries,I,Q,Quarterly,Y,Calendar and seasonally adjusted,G20,G20,S1,Total economy,S1,Total economy,B1GQ,Gross domestic product,_Z,Not applicable,_Z,Not applicable,_Z,Not applicable,PC,Percentage change,L,Chain linked volume,G1,"Growth rate, period on period",T0102,Table 0102 - GDP identity from the expenditure side,2012-Q2,,0.59051,,,,,,F,Free (free for publication),1,One,A,Normal value,0,Units,_Z,Not applicable
DATAFLOW,OECD.SDD.NAD:DSD_NAMAIN1@DF_QNA_EXPENDITURE_GROWTH_G20(1.1),Quarterly real GDP growth - G20 countries,I,Q,Quarterly,Y,Calendar and seasonally adjusted,G20,G20,S1,Total economy,S1,Total economy,B1GQ,Gross domestic product,_Z,Not applicable,_Z,Not applicable,_Z,Not applicable,PC,Percentage change,L,Chain linked volume,G1,"Growth rate, period on period",T0102,Table 0102 - GDP identity from the expenditure side,2012-Q3,,0.68882,,,,,,F,Free (free for publication),1,One,A,Normal value,0,Units,_Z,Not applicable
DATAFLOW,OECD.SDD.NAD:DSD_NAMAIN1@DF_QNA_EXPENDITURE_GROWTH_G20(1.1),Quarterly real GDP growth - G20 countries,I,Q,Quarterly,Y,Calendar and seasonally adjusted,G20,G20,S1,Total economy,S1,Total economy,B1GQ,Gross domestic product,_Z,Not applicable,_Z,Not applicable,_Z,Not applicable,PC,Percentage change,L,Chain linked volume,G1,"Growth rate, period on period",T0102,Table 0102 - GDP identity from the expenditure side,2012-Q4,,0.56248,,,,,,F,Free (free for publication),1,One,A,Normal value,0,Units,_Z,Not applicable
DATAFLOW,OECD.SDD.NAD:DSD_NAMAIN1@DF_QNA_EXPENDITURE_GROWTH_G20(1.1),Quarterly real GDP growth - G20 countries,I,Q,Quarterly,Y,Calendar and seasonally adjusted,G20,G20,S1,Total economy,S1,Total economy,B1GQ,Gross domestic product,_Z,Not applicable,_Z,Not applicable,_Z,Not applicable,PC,Percentage change,L,Chain linked volume,G1,"Growth rate, period on period",T0102,Table 0102 - GDP identity from the expenditure side,2013-Q1,,0.93669,,,,,,F,Free (free for publication),1,One,A,Normal value,0,Units,_Z,Not applicable
DATAFLOW,OECD.SDD.NAD:DSD_NAMAIN1@DF_QNA_EXPENDITURE_GROWTH_G20(1.1),Quarterly real GDP growth - G20 countries,I,Q,Quarterly,Y,Calendar and seasonally adjusted,G20,G20,S1,Total economy,S1,Total economy,B1GQ,Gross domestic product,_Z,Not applicable,_Z,Not applicable,_Z,Not applicable,PC,Percentage change,L,Chain linked volume,G1,"Growth rate, period on period",T0102,Table 0102 - GDP identity from the expenditure side,2013-Q2,,0.96727,,,,,,F,Free (free for publication),1,One,A,Normal value,0,Units,_Z,Not applicable
DATAFLOW,OECD.SDD.NAD:DSD_NAMAIN1@DF_QNA_EXPENDITURE_GROWTH_G20(1.1),Quarterly real GDP growth - G20 countries,I,Q,Quarterly,Y,Calendar and seasonally adjusted,G20,G20,S1,Total economy,S1,Total economy,B1GQ,Gross domestic product,_Z,Not applicable,_Z,Not applicable,_Z,Not applicable,PC,Percentage change,L,Chain linked volume,G1,"Growth rate, period on period",T0102,Table 0102 - GDP identity from the expenditure side,2013-Q4,,0.88741,,,,,,F,Free (free for publication),1,One,A,Normal value,0,Units,_Z,Not applicable
DATAFLOW,OECD.SDD.NAD:DSD_NAMAIN1@DF_QNA_EXPENDITURE_GROWTH_G20(1.1),Quarterly real GDP growth - G20 countries,I,Q,Quarterly,Y,Calendar and seasonally adjusted,G20,G20,S1,Total economy,S1,Total economy,B1GQ,Gross domestic product,_Z,Not applicable,_Z,Not applicable,_Z,Not applicable,PC,Percentage change,L,Chain linked volume,G1,"Growth rate, period on period",T0102,Table 0102 - GDP identity from the expenditure side,2014-Q1,,0.7314,,,,,,F,Free (free for publication),1,One,A,Normal value,0,Units,_Z,Not applicable
DATAFLOW,OECD.SDD.NAD:DSD_NAMAIN1@DF_QNA_EXPENDITURE_GROWTH_G20(1.1),Quarterly real GDP growth - G20 countries,I,Q,Quarterly,Y,Calendar and seasonally adjusted,G20,G20,S1,Total economy,S1,Total economy,B1GQ,Gross domestic product,_Z,Not applicable,_Z,Not applicable,_Z,Not applicable,PC,Percentage change,L,Chain linked volume,G1,"Growth rate, period on period",T0102,Table 0102 - GDP identity from the expenditure side,2014-Q2,,0.82663,,,,,,F,Free (free for publication),1,One,A,Normal value,0,Units,_Z,Not applicable
DATAFLOW,OECD.SDD.NAD:DSD_NAMAIN1@DF_QNA_EXPENDITURE_GROWTH_G20(1.1),Quarterly real GDP growth - G20 countries,I,Q,Quarterly,Y,Calendar and seasonally adjusted,G20,G20,S1,Total economy,S1,Total economy,B1GQ,Gross domestic product,_Z,Not applicable,_Z,Not applicable,_Z,Not applicable,PC,Percentage change,L,Chain linked volume,G1,"Growth rate, period on period",T0102,Table 0102 - GDP identity from the expenditure side,2014-Q3,,0.97146,,,,,,F,Free (free for publication),1,One,A,Normal value,0,Units,_Z,Not applicable
DATAFLOW,OECD.SDD.NAD:DSD_NAMAIN1@DF_QNA_EXPENDITURE_GROWTH_G20(1.1),Quarterly real GDP growth - G20 countries,I,Q,Quarterly,Y,Calendar and seasonally adjusted,G20,G20,S1,Total economy,S1,Total economy,B1GQ,Gross domestic product,_Z,Not applicable,_Z,Not applicable,_Z,Not applicable,PC,Percentage change,L,Chain linked volume,G1,"Growth rate, period on period",T0102,Table 0102 - GDP identity from the expenditure side,2014-Q4,,0.82315,,,,,,F,Free (free for publication),1,One,A,Normal value,0,Units,_Z,Not applicable
DATAFLOW,OECD.SDD.NAD:DSD_NAMAIN1@DF_QNA_EXPENDITURE_GROWTH_G20(1.1),Quarterly real GDP growth - G20 countries,I,Q,Quarterly,Y,Calendar and seasonally adjusted,G20,G20,S1,Total economy,S1,Total economy,B1GQ,Gross domestic product,_Z,Not applicable,_Z,Not applicable,_Z,Not applicable,PC,Percentage change,L,Chain linked volume,G1,"Growth rate, period on period",T0102,Table 0102 - GDP identity from the expenditure side,2015-Q1,,1.00308,,,,,,F,Free (free for publication),1,One,A,Normal value,0,Units,_Z,Not applicable
DATAFLOW,OECD.SDD.NAD:DSD_NAMAIN1@DF_QNA_EXPENDITURE_GROWTH_G20(1.1),Quarterly real GDP growth - G20 countries,I,Q,Quarterly,Y,Calendar and seasonally adjusted,G20,G20,S1,Total economy,S1,Total economy,B1GQ,Gross domestic product,_Z,Not applicable,_Z,Not applicable,_Z,Not applicable,PC,Percentage change,L,Chain linked volume,G1,"Growth rate, period on period",T0102,Table 0102 - GDP identity from the expenditure side,2015-Q2,,0.82244,,,,,,F,Free (free for publication),1,One,A,Normal value,0,Units,_Z,Not applicable
DATAFLOW,OECD.SDD.NAD:DSD_NAMAIN1@DF_QNA_EXPENDITURE_GROWTH_G20(1.1),Quarterly real GDP growth - G20 countries,I,Q,Quarterly,Y,Calendar and seasonally adjusted,G20,G20,S1,Total economy,S1,Total economy,B1GQ,Gross domestic product,_Z,Not applicable,_Z,Not applicable,_Z,Not applicable,PC,Percentage change,L,Chain linked volume,G1,"Growth rate, period on period",T0102,Table 0102 - GDP identity from the expenditure side,2015-Q3,,0.75218,,,,,,F,Free (free for publication),1,One,A,Normal value,0,Units,_Z,Not applicable
DATAFLOW,OECD.SDD.NAD:DSD_NAMAIN1@DF_QNA_EXPENDITURE_GROWTH_G20(1.1),Quarterly real GDP growth - G20 countries,I,Q,Quarterly,Y,Calendar and seasonally adjusted,G20,G20,S1,Total economy,S1,Total economy,B1GQ,Gross domestic product,_Z,Not applicable,_Z,Not applicable,_Z,Not applicable,PC,Percentage change,L,Chain linked volume,G1,"Growth rate, period on period",T0102,Table 0102 - GDP identity from the expenditure side,2015-Q4,,0.71027,,,,,,F,Free (free for publication),1,One,A,Normal value,0,Units,_Z,Not applicable
DATAFLOW,OECD.SDD.NAD:DSD_NAMAIN1@DF_QNA_EXPENDITURE_GROWTH_G20(1.1),Quarterly real GDP growth - G20 countries,I,Q,Quarterly,Y,Calendar and seasonally adjusted,G20,G20,S1,Total economy,S1,Total economy,B1GQ,Gross domestic product,_Z,Not applicable,_Z,Not applicable,_Z,Not applicable,PC,Percentage change,L,Chain linked volume,G1,"Growth rate, period on period",T0102,Table 0102 - GDP identity from the expenditure side,2016-Q1,,0.84881,,,,,,F,Free (free for publication),1,One,A,Normal value,0,Units,_Z,Not applicable
DATAFLOW,OECD.SDD.NAD:DSD_NAMAIN1@DF_QNA_EXPENDITURE_GROWTH_G20(1.1),Quarterly real GDP growth - G20 countries,I,Q,Quarterly,Y,Calendar and seasonally adjusted,G20,G20,S1,Total economy,S1,Total economy,B1GQ,Gross domestic product,_Z,Not applicable,_Z,Not applicable,_Z,Not applicable,PC,Percentage change,L,Chain linked volume,G1,"Growth rate, period on period",T0102,Table 0102 - GDP identity from the expenditure side,2016-Q2,,0.73009,,,,,,F,Free (free for publication),1,One,A,Normal value,0,Units,_Z,Not applicable
DATAFLOW,OECD.SDD.NAD:DSD_NAMAIN1@DF_QNA_EXPENDITURE_GROWTH_G20(1.1),Quarterly real GDP growth - G20 countries,I,Q,Quarterly,Y,Calendar and seasonally adjusted,G20,G20,S1,Total economy,S1,Total economy,B1GQ,Gross domestic product,_Z,Not applicable,_Z,Not applicable,_Z,Not applicable,PC,Percentage change,L,Chain linked volume,G1,"Growth rate, period on period",T0102,Table 0102 - GDP identity from the expenditure side,2016-Q3,,0.82505,,,,,,F,Free (free for publication),1,One,A,Normal value,0,Units,_Z,Not applicable
DATAFLOW,OECD.SDD.NAD:DSD_NAMAIN1@DF_QNA_EXPENDITURE_GROWTH_G20(1.1),Quarterly real GDP growth - G20 countries,I,Q,Quarterly,Y,Calendar and seasonally adjusted,G20,G20,S1,Total economy,S1,Total economy,B1GQ,Gross domestic product,_Z,Not applicable,_Z,Not applicable,_Z,Not applicable,PC,Percentage change,L,Chain linked volume,G1,"Growth rate, period on period",T0102,Table 0102 - GDP identity from the expenditure side,2016-Q4,,1.0193,,,,,,F,Free (free for publication),1,One,A,Normal value,0,Units,_Z,Not applicable
DATAFLOW,OECD.SDD.NAD:DSD_NAMAIN1@DF_QNA_EXPENDITURE_GROWTH_G20(1.1),Quarterly real GDP growth - G20 countries,I,Q,Quarterly,Y,Calendar and seasonally adjusted,G20,G20,S1,Total economy,S1,Total economy,B1GQ,Gross domestic product,_Z,Not applicable,_Z,Not applicable,_Z,Not applicable,PC,Percentage change,L,Chain linked volume,G1,"Growth rate, period on period",T0102,Table 0102 - GDP identity from the expenditure side,2017-Q1,,0.92424,,,,,,F,Free (free for publication),1,One,A,Normal value,0,Units,_Z,Not applicable
DATAFLOW,OECD.SDD.NAD:DSD_NAMAIN1@DF_QNA_EXPENDITURE_GROWTH_G20(1.1),Quarterly real GDP growth - G20 countries,I,Q,Quarterly,Y,Calendar and seasonally adjusted,G20,G20,S1,Total economy,S1,Total economy,B1GQ,Gross domestic product,_Z,Not applicable,_Z,Not applicable,_Z,Not applicable,PC,Percentage change,L,Chain linked volume,G1,"Growth rate, period on period",T0102,Table 0102 - GDP identity from the expenditure side,2017-Q2,,1.02875,,,,,,F,Free (free for publication),1,One,A,Normal value,0,Units,_Z,Not applicable
DATAFLOW,OECD.SDD.NAD:DSD_NAMAIN1@DF_QNA_EXPENDITURE_GROWTH_G20(1.1),Quarterly real GDP growth - G20 countries,I,Q,Quarterly,Y,Calendar and seasonally adjusted,G20,G20,S1,Total economy,S1,Total economy,B1GQ,Gross domestic product,_Z,Not applicable,_Z,Not applicable,_Z,Not applicable,PC,Percentage change,L,Chain linked volume,G1,"Growth rate, period on period",T0102,Table 0102 - GDP identity from the expenditure side,2017-Q3,,1.04843,,,,,,F,Free (free for publication),1,One,A,Normal value,0,Units,_Z,Not applicable
DATAFLOW,OECD.SDD.NAD:DSD_NAMAIN1@DF_QNA_EXPENDITURE_GROWTH_G20(1.1),Quarterly real GDP growth - G20 countries,I,Q,Quarterly,Y,Calendar and seasonally adjusted,G20,G20,S1,Total economy,S1,Total economy,B1GQ,Gross domestic product,_Z,Not applicable,_Z,Not applicable,_Z,Not applicable,PC,Percentage change,L,Chain linked volume,G1,"Growth rate, period on period",T0102,Table 0102 - GDP identity from the expenditure side,2017-Q4,,1.07872,,,,,,F,Free (free for publication),1,One,A,Normal value,0,Units,_Z,Not applicable
DATAFLOW,OECD.SDD.NAD:DSD_NAMAIN1@DF_QNA_EXPENDITURE_GROWTH_G20(1.1),Quarterly real GDP growth - G20 countries,I,Q,Quarterly,Y,Calendar and seasonally adjusted,G20,G20,S1,Total economy,S1,Total economy,B1GQ,Gross domestic product,_Z,Not applicable,_Z,Not applicable,_Z,Not applicable,PC,Percentage change,L,Chain linked volume,G1,"Growth rate, period on period",T0102,Table 0102 - GDP identity from the expenditure side,2018-Q1,,0.98277,,,,,,F,Free (free for publication),1,One,A,Normal value,0,Units,_Z,Not applicable
DATAFLOW,OECD.SDD.NAD:DSD_NAMAIN1@DF_QNA_EXPENDITURE_GROWTH_G20(1.1),Quarterly real GDP growth - G20 countries,I,Q,Quarterly,Y,Calendar and seasonally adjusted,G20,G20,S1,Total economy,S1,Total economy,B1GQ,Gross domestic product,_Z,Not applicable,_Z,Not applicable,_Z,Not applicable,PC,Percentage change,L,Chain linked volume,G1,"Growth rate, period on period",T0102,Table 0102 - GDP identity from the expenditure side,2018-Q2,,0.77657,,,,,,F,Free (free for publication),1,One,A,Normal value,0,Units,_Z,Not applicable
DATAFLOW,OECD.SDD.NAD:DSD_NAMAIN1@DF_QNA_EXPENDITURE_GROWTH_G20(1.1),Quarterly real GDP growth - G20 countries,I,Q,Quarterly,Y,Calendar and seasonally adjusted,G20,G20,S1,Total economy,S1,Total economy,B1GQ,Gross domestic product,_Z,Not applicable,_Z,Not applicable,_Z,Not applicable,PC,Percentage change,L,Chain linked volume,G1,"Growth rate, period on period",T0102,Table 0102 - GDP identity from the expenditure side,2018-Q3,,0.69604,,,,,,F,Free (free for publication),1,One,A,Normal value,0,Units,_Z,Not applicable
DATAFLOW,OECD.SDD.NAD:DSD_NAMAIN1@DF_QNA_EXPENDITURE_GROWTH_G20(1.1),Quarterly real GDP growth - G20 countries,I,Q,Quarterly,Y,Calendar and seasonally adjusted,G20,G20,S1,Total economy,S1,Total economy,B1GQ,Gross domestic product,_Z,Not applicable,_Z,Not applicable,_Z,Not applicable,PC,Percentage change,L,Chain linked volume,G1,"Growth rate, period on period",T0102,Table 0102 - GDP identity from the expenditure side,2018-Q4,,0.60023,,,,,,F,Free (free for publication),1,One,A,Normal value,0,Units,_Z,Not applicable
DATAFLOW,OECD.SDD.NAD:DSD_NAMAIN1@DF_QNA_EXPENDITURE_GROWTH_G20(1.1),Quarterly real GDP growth - G20 countries,I,Q,Quarterly,Y,Calendar and seasonally adjusted,G20,G20,S1,Total economy,S1,Total economy,B1GQ,Gross domestic product,_Z,Not applicable,_Z,Not applicable,_Z,Not applicable,PC,Percentage change,L,Chain linked volume,G1,"Growth rate, period on period",T0102,Table 0102 - GDP identity from the expenditure side,2019-Q1,,0.84253,,,,,,F,Free (free for publication),1,One,A,Normal value,0,Units,_Z,Not applicable
DATAFLOW,OECD.SDD.NAD:DSD_NAMAIN1@DF_QNA_EXPENDITURE_GROWTH_G20(1.1),Quarterly real GDP growth - G20 countries,I,Q,Quarterly,Y,Calendar and seasonally adjusted,G20,G20,S1,Total economy,S1,Total economy,B1GQ,Gross domestic product,_Z,Not applicable,_Z,Not applicable,_Z,Not applicable,PC,Percentage change,L,Chain linked volume,G1,"Growth rate, period on period",T0102,Table 0102 - GDP identity from the expenditure side,2019-Q2,,1.01106,,,,,,F,Free (free for publication),1,One,A,Normal value,0,Units,_Z,Not applicable
DATAFLOW,OECD.SDD.NAD:DSD_NAMAIN1@DF_QNA_EXPENDITURE_GROWTH_G20(1.1),Quarterly real GDP growth - G20 countries,I,Q,Quarterly,Y,Calendar and seasonally adjusted,G20,G20,S1,Total economy,S1,Total economy,B1GQ,Gross domestic product,_Z,Not applicable,_Z,Not applicable,_Z,Not applicable,PC,Percentage change,L,Chain linked volume,G1,"Growth rate, period on period",T0102,Table 0102 - GDP identity from the expenditure side,2019-Q3,,0.55367,,,,,,F,Free (free for publication),1,One,A,Normal value,0,Units,_Z,Not applicable
DATAFLOW,OECD.SDD.NAD:DSD_NAMAIN1@DF_QNA_EXPENDITURE_GROWTH_G20(1.1),Quarterly real GDP growth - G20 countries,I,Q,Quarterly,Y,Calendar and seasonally adjusted,G20,G20,S1,Total economy,S1,Total economy,B1GQ,Gross domestic product,_Z,Not applicable,_Z,Not applicable,_Z,Not applicable,PC,Percentage change,L,Chain linked volume,G1,"Growth rate, period on period",T0102,Table 0102 - GDP identity from the expenditure side,2019-Q4,,0.35459,,,,,,F,Free (free for publication),1,One,A,Normal value,0,Units,_Z,Not applicable
DATAFLOW,OECD.SDD.NAD:DSD_NAMAIN1@DF_QNA_EXPENDITURE_GROWTH_G20(1.1),Quarterly real GDP growth - G20 countries,I,Q,Quarterly,Y,Calendar and seasonally adjusted,G20,G20,S1,Total economy,S1,Total economy,B1GQ,Gross domestic product,_Z,Not applicable,_Z,Not applicable,_Z,Not applicable,PC,Percentage change,L,Chain linked volume,G1,"Growth rate, period on period",T0102,Table 0102 - GDP identity from the expenditure side,2020-Q1,,-3.30244,,,,,,F,Free (free for publication),1,One,A,Normal value,0,Units,_Z,Not applicable
DATAFLOW,OECD.SDD.NAD:DSD_NAMAIN1@DF_QNA_EXPENDITURE_GROWTH_G20(1.1),Quarterly real GDP growth - G20 countries,I,Q,Quarterly,Y,Calendar and seasonally adjusted,G20,G20,S1,Total economy,S1,Total economy,B1GQ,Gross domestic product,_Z,Not applicable,_Z,Not applicable,_Z,Not applicable,PC,Percentage change,L,Chain linked volume,G1,"Growth rate, period on period",T0102,Table 0102 - GDP identity from the expenditure side,2020-Q2,,-5.81642,,,,,,F,Free (free for publication),1,One,A,Normal value,0,Units,_Z,Not applicable
DATAFLOW,OECD.SDD.NAD:DSD_NAMAIN1@DF_QNA_EXPENDITURE_GROWTH_G20(1.1),Quarterly real GDP growth - G20 countries,I,Q,Quarterly,Y,Calendar and seasonally adjusted,G20,G20,S1,Total economy,S1,Total economy,B1GQ,Gross domestic product,_Z,Not applicable,_Z,Not applicable,_Z,Not applicable,PC,Percentage change,L,Chain linked volume,G1,"Growth rate, period on period",T0102,Table 0102 - GDP identity from the expenditure side,2020-Q3,,7.76048,,,,,,F,Free (free for publication),1,One,A,Normal value,0,Units,_Z,Not applicable
DATAFLOW,OECD.SDD.NAD:DSD_NAMAIN1@DF_QNA_EXPENDITURE_GROWTH_G20(1.1),Quarterly real GDP growth - G20 countries,I,Q,Quarterly,Y,Calendar and seasonally adjusted,G20,G20,S1,Total economy,S1,Total economy,B1GQ,Gross domestic product,_Z,Not applicable,_Z,Not applicable,_Z,Not applicable,PC,Percentage change,L,Chain linked volume,G1,"Growth rate, period on period",T0102,Table 0102 - GDP identity from the expenditure side,2020-Q4,,1.89335,,,,,,F,Free (free for publication),1,One,A,Normal value,0,Units,_Z,Not applicable
DATAFLOW,OECD.SDD.NAD:DSD_NAMAIN1@DF_QNA_EXPENDITURE_GROWTH_G20(1.1),Quarterly real GDP growth - G20 countries,I,Q,Quarterly,Y,Calendar and seasonally adjusted,G20,G20,S1,Total economy,S1,Total economy,B1GQ,Gross domestic product,_Z,Not applicable,_Z,Not applicable,_Z,Not applicable,PC,Percentage change,L,Chain linked volume,G1,"Growth rate, period on period",T0102,Table 0102 - GDP identity from the expenditure side,2021-Q1,,1.01088,,,,,,F,Free (free for publication),1,One,A,Normal value,0,Units,_Z,Not applicable
DATAFLOW,OECD.SDD.NAD:DSD_NAMAIN1@DF_QNA_EXPENDITURE_GROWTH_G20(1.1),Quarterly real GDP growth - G20 countries,I,Q,Quarterly,Y,Calendar and seasonally adjusted,G20,G20,S1,Total economy,S1,Total economy,B1GQ,Gross domestic product,_Z,Not applicable,_Z,Not applicable,_Z,Not applicable,PC,Percentage change,L,Chain linked volume,G1,"Growth rate, period on period",T0102,Table 0102 - GDP identity from the expenditure side,2021-Q2,,1.61267,,,,,,F,Free (free for publication),1,One,A,Normal value,0,Units,_Z,Not applicable
DATAFLOW,OECD.SDD.NAD:DSD_NAMAIN1@DF_QNA_EXPENDITURE_GROWTH_G20(1.1),Quarterly real GDP growth - G20 countries,I,Q,Quarterly,Y,Calendar and seasonally adjusted,G20,G20,S1,Total economy,S1,Total economy,B1GQ,Gross domestic product,_Z,Not applicable,_Z,Not applicable,_Z,Not applicable,PC,Percentage change,L,Chain linked volume,G1,"Growth rate, period on period",T0102,Table 0102 - GDP identity from the expenditure side,2021-Q3,,0.90472,,,,,,F,Free (free for publication),1,One,A,Normal value,0,Units,_Z,Not applicable
DATAFLOW,OECD.SDD.NAD:DSD_NAMAIN1@DF_QNA_EXPENDITURE_GROWTH_G20(1.1),Quarterly real GDP growth - G20 countries,I,Q,Quarterly,Y,Calendar and seasonally adjusted,G20,G20,S1,Total economy,S1,Total economy,B1GQ,Gross domestic product,_Z,Not applicable,_Z,Not applicable,_Z,Not applicable,PC,Percentage change,L,Chain linked volume,G1,"Growth rate, period on period",T0102,Table 0102 - GDP identity from the expenditure side,2021-Q4,,1.45621,,,,,,F,Free (free for publication),1,One,A,Normal value,0,Units,_Z,Not applicable
DATAFLOW,OECD.SDD.NAD:DSD_NAMAIN1@DF_QNA_EXPENDITURE_GROWTH_G20(1.1),Quarterly real GDP growth - G20 countries,I,Q,Quarterly,Y,Calendar and seasonally adjusted,G20,G20,S1,Total economy,S1,Total economy,B1GQ,Gross domestic product,_Z,Not applicable,_Z,Not applicable,_Z,Not applicable,PC,Percentage change,L,Chain linked volume,G1,"Growth rate, period on period",T0102,Table 0102 - GDP identity from the expenditure side,2022-Q1,,0.40486,,,,,,F,Free (free for publication),1,One,A,Normal value,0,Units,_Z,Not applicable
DATAFLOW,OECD.SDD.NAD:DSD_NAMAIN1@DF_QNA_EXPENDITURE_GROWTH_G20(1.1),Quarterly real GDP growth - G20 countries,I,Q,Quarterly,Y,Calendar and seasonally adjusted,G20,G20,S1,Total economy,S1,Total economy,B1GQ,Gross domestic product,_Z,Not applicable,_Z,Not applicable,_Z,Not applicable,PC,Percentage change,L,Chain linked volume,G1,"Growth rate, period on period",T0102,Table 0102 - GDP identity from the expenditure side,2022-Q2,,0.3896,,,,,,F,Free (free for publication),1,One,A,Normal value,0,Units,_Z,Not applicable
DATAFLOW,OECD.SDD.NAD:DSD_NAMAIN1@DF_QNA_EXPENDITURE_GROWTH_G20(1.1),Quarterly real GDP growth - G20 countries,I,Q,Quarterly,Y,Calendar and seasonally adjusted,G20,G20,S1,Total economy,S1,Total economy,B1GQ,Gross domestic product,_Z,Not applicable,_Z,Not applicable,_Z,Not applicable,PC,Percentage change,L,Chain linked volume,G1,"Growth rate, period on period",T0102,Table 0102 - GDP identity from the expenditure side,2022-Q3,,1.35724,,,,,,F,Free (free for publication),1,One,A,Normal value,0,Units,_Z,Not applicable
DATAFLOW,OECD.SDD.NAD:DSD_NAMAIN1@DF_QNA_EXPENDITURE_GROWTH_G20(1.1),Quarterly real GDP growth - G20 countries,I,Q,Quarterly,Y,Calendar and seasonally adjusted,G20,G20,S1,Total economy,S1,Total economy,B1GQ,Gross domestic product,_Z,Not applicable,_Z,Not applicable,_Z,Not applicable,PC,Percentage change,L,Chain linked volume,G1,"Growth rate, period on period",T0102,Table 0102 - GDP identity from the expenditure side,2022-Q4,,0.46591,,,,,,F,Free (free for publication),1,One,A,Normal value,0,Units,_Z,Not applicable
DATAFLOW,OECD.SDD.NAD:DSD_NAMAIN1@DF_QNA_EXPENDITURE_GROWTH_G20(1.1),Quarterly real GDP growth - G20 countries,I,Q,Quarterly,Y,Calendar and seasonally adjusted,G20,G20,S1,Total economy,S1,Total economy,B1GQ,Gross domestic product,_Z,Not applicable,_Z,Not applicable,_Z,Not applicable,PC,Percentage change,L,Chain linked volume,G1,"Growth rate, period on period",T0102,Table 0102 - GDP identity from the expenditure side,2023-Q1,,0.99677,,,,,,F,Free (free for publication),1,One,A,Normal value,0,Units,_Z,Not applicable
DATAFLOW,OECD.SDD.NAD:DSD_NAMAIN1@DF_QNA_EXPENDITURE_GROWTH_G20(1.1),Quarterly real GDP growth - G20 countries,I,Q,Quarterly,Y,Calendar and seasonally adjusted,G20,G20,S1,Total economy,S1,Total economy,B1GQ,Gross domestic product,_Z,Not applicable,_Z,Not applicable,_Z,Not applicable,PC,Percentage change,L,Chain linked volume,G1,"Growth rate, period on period",T0102,Table 0102 - GDP identity from the expenditure side,2023-Q2,,0.93942,,,,,,F,Free (free for publication),1,One,A,Normal value,0,Units,_Z,Not applicable
DATAFLOW,OECD.SDD.NAD:DSD_NAMAIN1@DF_QNA_EXPENDITURE_GROWTH_G20(1.1),Quarterly real GDP growth - G20 countries,I,Q,Quarterly,Y,Calendar and seasonally adjusted,G20,G20,S1,Total economy,S1,Total economy,B1GQ,Gross domestic product,_Z,Not applicable,_Z,Not applicable,_Z,Not applicable,PC,Percentage change,L,Chain linked volume,G1,"Growth rate, period on period",T0102,Table 0102 - GDP identity from the expenditure side,2023-Q3,,0.85871,,,,,,F,Free (free for publication),1,One,A,Normal value,0,Units,_Z,Not applicable
DATAFLOW,OECD.SDD.NAD:DSD_NAMAIN1@DF_QNA_EXPENDITURE_GROWTH_G20(1.1),Quarterly real GDP growth - G20 countries,I,Q,Quarterly,Y,Calendar and seasonally adjusted,G20,G20,S1,Total economy,S1,Total economy,B1GQ,Gross domestic product,_Z,Not applicable,_Z,Not applicable,_Z,Not applicable,PC,Percentage change,L,Chain linked volume,G1,"Growth rate, period on period",T0102,Table 0102 - GDP identity from the expenditure side,2023-Q4,,0.62961,,,,,,F,Free (free for publication),1,One,A,Normal value,0,Units,_Z,Not applicable
DATAFLOW,OECD.SDD.NAD:DSD_NAMAIN1@DF_QNA_EXPENDITURE_GROWTH_G20(1.1),Quarterly real GDP growth - G20 countries,I,Q,Quarterly,Y,Calendar and seasonally adjusted,G20,G20,S1,Total economy,S1,Total economy,B1GQ,Gross domestic product,_Z,Not applicable,_Z,Not applicable,_Z,Not applicable,PC,Percentage change,L,Chain linked volume,G1,"Growth rate, period on period",T0102,Table 0102 - GDP identity from the expenditure side,2024-Q1,,0.71369,,,,,,F,Free (free for publication),1,One,A,Normal value,0,Units,_Z,Not applicable
DATAFLOW,OECD.SDD.NAD:DSD_NAMAIN1@DF_QNA_EXPENDITURE_GROWTH_G20(1.1),Quarterly real GDP growth - G20 countries,I,Q,Quarterly,Y,Calendar and seasonally adjusted,G20,G20,S1,Total economy,S1,Total economy,B1GQ,Gross domestic product,_Z,Not applicable,_Z,Not applicable,_Z,Not applicable,PC,Percentage change,L,Chain linked volume,G1,"Growth rate, period on period",T0102,Table 0102 - GDP identity from the expenditure side,2024-Q2,,0.7482,,,,,,F,Free (free for publication),1,One,A,Normal value,0,Units,_Z,Not applicable
DATAFLOW,OECD.SDD.NAD:DSD_NAMAIN1@DF_QNA_EXPENDITURE_GROWTH_G20(1.1),Quarterly real GDP growth - G20 countries,I,Q,Quarterly,Y,Calendar and seasonally adjusted,G20,G20,S1,Total economy,S1,Total economy,B1GQ,Gross domestic product,_Z,Not applicable,_Z,Not applicable,_Z,Not applicable,PC,Percentage change,L,Chain linked volume,G1,"Growth rate, period on period",T0102,Table 0102 - GDP identity from the expenditure side,2024-Q3,,0.94995,,,,,,F,Free (free for publication),1,One,A,Normal value,0,Units,_Z,Not applicable
DATAFLOW,OECD.SDD.NAD:DSD_NAMAIN1@DF_QNA_EXPENDITURE_GROWTH_G20(1.1),Quarterly real GDP growth - G20 countries,I,Q,Quarterly,Y,Calendar and seasonally adjusted,G20,G20,S1,Total economy,S1,Total economy,B1GQ,Gross domestic product,_Z,Not applicable,_Z,Not applicable,_Z,Not applicable,PC,Percentage change,L,Chain linked volume,G1,"Growth rate, period on period",T0102,Table 0102 - GDP identity from the expenditure side,2024-Q4,,0.90926,,,,,,F,Free (free for publication),1,One,A,Normal value,0,Units,_Z,Not applicable
DATAFLOW,OECD.SDD.NAD:DSD_NAMAIN1@DF_QNA_EXPENDITURE_GROWTH_G20(1.1),Quarterly real GDP growth - G20 countries,I,Q,Quarterly,Y,Calendar and seasonally adjusted,G20,G20,S1,Total economy,S1,Total economy,B1GQ,Gross domestic product,_Z,Not applicable,_Z,Not applicable,_Z,Not applicable,PC,Percentage change,L,Chain linked volume,G1,"Growth rate, period on period",T0102,Table 0102 - GDP identity from the expenditure side,2025-Q1,,0.74454,,,,,,F,Free (free for publication),1,One,A,Normal value,0,Units,_Z,Not applicable
DATAFLOW,OECD.SDD.NAD:DSD_NAMAIN1@DF_QNA_EXPENDITURE_GROWTH_G20(1.1),Quarterly real GDP growth - G20 countries,I,Q,Quarterly,Y,Calendar and seasonally adjusted,IND,India,S1,Total economy,S1,Total economy,B1GQ,Gross domestic product,_Z,Not applicable,_Z,Not applicable,_Z,Not applicable,PC,Percentage change,L,Chain linked volume,G1,"Growth rate, period on period",T0102,Table 0102 - GDP identity from the expenditure side,2010-Q1,,2.60018,,,,,,F,Free (free for publication),1,One,A,Normal value,0,Units,_Z,Not applicable
DATAFLOW,OECD.SDD.NAD:DSD_NAMAIN1@DF_QNA_EXPENDITURE_GROWTH_G20(1.1),Quarterly real GDP growth - G20 countries,I,Q,Quarterly,Y,Calendar and seasonally adjusted,IND,India,S1,Total economy,S1,Total economy,B1GQ,Gross domestic product,_Z,Not applicable,_Z,Not applicable,_Z,Not applicable,PC,Percentage change,L,Chain linked volume,G1,"Growth rate, period on period",T0102,Table 0102 - GDP identity from the expenditure side,2010-Q2,,2.40256,,,,,,F,Free (free for publication),1,One,A,Normal value,0,Units,_Z,Not applicable
DATAFLOW,OECD.SDD.NAD:DSD_NAMAIN1@DF_QNA_EXPENDITURE_GROWTH_G20(1.1),Quarterly real GDP growth - G20 countries,I,Q,Quarterly,Y,Calendar and seasonally adjusted,IND,India,S1,Total economy,S1,Total economy,B1GQ,Gross domestic product,_Z,Not applicable,_Z,Not applicable,_Z,Not applicable,PC,Percentage change,L,Chain linked volume,G1,"Growth rate, period on period",T0102,Table 0102 - GDP identity from the expenditure side,2010-Q3,,2.95598,,,,,,F,Free (free for publication),1,One,A,Normal value,0,Units,_Z,Not applicable
DATAFLOW,OECD.SDD.NAD:DSD_NAMAIN1@DF_QNA_EXPENDITURE_GROWTH_G20(1.1),Quarterly real GDP growth - G20 countries,I,Q,Quarterly,Y,Calendar and seasonally adjusted,IND,India,S1,Total economy,S1,Total economy,B1GQ,Gross domestic product,_Z,Not applicable,_Z,Not applicable,_Z,Not applicable,PC,Percentage change,L,Chain linked volume,G1,"Growth rate, period on period",T0102,Table 0102 - GDP identity from the expenditure side,2010-Q4,,2.32107,,,,,,F,Free (free for publication),1,One,A,Normal value,0,Units,_Z,Not applicable
DATAFLOW,OECD.SDD.NAD:DSD_NAMAIN1@DF_QNA_EXPENDITURE_GROWTH_G20(1.1),Quarterly real GDP growth - G20 countries,I,Q,Quarterly,Y,Calendar and seasonally adjusted,IND,India,S1,Total economy,S1,Total economy,B1GQ,Gross domestic product,_Z,Not applicable,_Z,Not applicable,_Z,Not applicable,PC,Percentage change,L,Chain linked volume,G1,"Growth rate, period on period",T0102,Table 0102 - GDP identity from the expenditure side,2011-Q1,,1.83064,,,,,,F,Free (free for publication),1,One,A,Normal value,0,Units,_Z,Not applicable
DATAFLOW,OECD.SDD.NAD:DSD_NAMAIN1@DF_QNA_EXPENDITURE_GROWTH_G20(1.1),Quarterly real GDP growth - G20 countries,I,Q,Quarterly,Y,Calendar and seasonally adjusted,IND,India,S1,Total economy,S1,Total economy,B1GQ,Gross domestic product,_Z,Not applicable,_Z,Not applicable,_Z,Not applicable,PC,Percentage change,L,Chain linked volume,G1,"Growth rate, period on period",T0102,Table 0102 - GDP identity from the expenditure side,2011-Q2,,1.21165,,,,,,F,Free (free for publication),1,One,A,Normal value,0,Units,_Z,Not applicable
DATAFLOW,OECD.SDD.NAD:DSD_NAMAIN1@DF_QNA_EXPENDITURE_GROWTH_G20(1.1),Quarterly real GDP growth - G20 countries,I,Q,Quarterly,Y,Calendar and seasonally adjusted,IND,India,S1,Total economy,S1,Total economy,B1GQ,Gross domestic product,_Z,Not applicable,_Z,Not applicable,_Z,Not applicable,PC,Percentage change,L,Chain linked volume,G1,"Growth rate, period on period",T0102,Table 0102 - GDP identity from the expenditure side,2011-Q3,,-0.00385,,,,,,F,Free (free for publication),1,One,A,Normal value,0,Units,_Z,Not applicable
DATAFLOW,OECD.SDD.NAD:DSD_NAMAIN1@DF_QNA_EXPENDITURE_GROWTH_G20(1.1),Quarterly real GDP growth - G20 countries,I,Q,Quarterly,Y,Calendar and seasonally adjusted,IND,India,S1,Total economy,S1,Total economy,B1GQ,Gross domestic product,_Z,Not applicable,_Z,Not applicable,_Z,Not applicable,PC,Percentage change,L,Chain linked volume,G1,"Growth rate, period on period",T0102,Table 0102 - GDP identity from the expenditure side,2011-Q4,,1.62889,,,,,,F,Free (free for publication),1,One,A,Normal value,0,Units,_Z,Not applicable
DATAFLOW,OECD.SDD.NAD:DSD_NAMAIN1@DF_QNA_EXPENDITURE_GROWTH_G20(1.1),Quarterly real GDP growth - G20 countries,I,Q,Quarterly,Y,Calendar and seasonally adjusted,IND,India,S1,Total economy,S1,Total economy,B1GQ,Gross domestic product,_Z,Not applicable,_Z,Not applicable,_Z,Not applicable,PC,Percentage change,L,Chain linked volume,G1,"Growth rate, period on period",T0102,Table 0102 - GDP identity from the expenditure side,2012-Q1,,1.38078,,,,,,F,Free (free for publication),1,One,A,Normal value,0,Units,_Z,Not applicable
DATAFLOW,OECD.SDD.NAD:DSD_NAMAIN1@DF_QNA_EXPENDITURE_GROWTH_G20(1.1),Quarterly real GDP growth - G20 countries,I,Q,Quarterly,Y,Calendar and seasonally adjusted,IND,India,S1,Total economy,S1,Total economy,B1GQ,Gross domestic product,_Z,Not applicable,_Z,Not applicable,_Z,Not applicable,PC,Percentage change,L,Chain linked volume,G1,"Growth rate, period on period",T0102,Table 0102 - GDP identity from the expenditure side,2012-Q2,,1.15795,,,,,,F,Free (free for publication),1,One,A,Normal value,0,Units,_Z,Not applicable
DATAFLOW,OECD.SDD.NAD:DSD_NAMAIN1@DF_QNA_EXPENDITURE_GROWTH_G20(1.1),Quarterly real GDP growth - G20 countries,I,Q,Quarterly,Y,Calendar and seasonally adjusted,IND,India,S1,Total economy,S1,Total economy,B1GQ,Gross domestic product,_Z,Not applicable,_Z,Not applicable,_Z,Not applicable,PC,Percentage change,L,Chain linked volume,G1,"Growth rate, period on period",T0102,Table 0102 - GDP identity from the expenditure side,2012-Q3,,1.794,,,,,,F,Free (free for publication),1,One,A,Normal value,0,Units,_Z,Not applicable
DATAFLOW,OECD.SDD.NAD:DSD_NAMAIN1@DF_QNA_EXPENDITURE_GROWTH_G20(1.1),Quarterly real GDP growth - G20 countries,I,Q,Quarterly,Y,Calendar and seasonally adjusted,IND,India,S1,Total economy,S1,Total economy,B1GQ,Gross domestic product,_Z,Not applicable,_Z,Not applicable,_Z,Not applicable,PC,Percentage change,L,Chain linked volume,G1,"Growth rate, period on period",T0102,Table 0102 - GDP identity from the expenditure side,2012-Q4,,1.18687,,,,,,F,Free (free for publication),1,One,A,Normal value,0,Units,_Z,Not applicable
DATAFLOW,OECD.SDD.NAD:DSD_NAMAIN1@DF_QNA_EXPENDITURE_GROWTH_G20(1.1),Quarterly real GDP growth - G20 countries,I,Q,Quarterly,Y,Calendar and seasonally adjusted,IND,India,S1,Total economy,S1,Total economy,B1GQ,Gross domestic product,_Z,Not applicable,_Z,Not applicable,_Z,Not applicable,PC,Percentage change,L,Chain linked volume,G1,"Growth rate, period on period",T0102,Table 0102 - GDP identity from the expenditure side,2013-Q1,,1.59873,,,,,,F,Free (free for publication),1,One,A,Normal value,0,Units,_Z,Not applicable
DATAFLOW,OECD.SDD.NAD:DSD_NAMAIN1@DF_QNA_EXPENDITURE_GROWTH_G20(1.1),Quarterly real GDP growth - G20 countries,I,Q,Quarterly,Y,Calendar and seasonally adjusted,IND,India,S1,Total economy,S1,Total economy,B1GQ,Gross domestic product,_Z,Not applicable,_Z,Not applicable,_Z,Not applicable,PC,Percentage change,L,Chain linked volume,G1,"Growth rate, period on period",T0102,Table 0102 - GDP identity from the expenditure side,2013-Q2,,1.40382,,,,,,F,Free (free for publication),1,One,A,Normal value,0,Units,_Z,Not applicable
DATAFLOW,OECD.SDD.NAD:DSD_NAMAIN1@DF_QNA_EXPENDITURE_GROWTH_G20(1.1),Quarterly real GDP growth - G20 countries,I,Q,Quarterly,Y,Calendar and seasonally adjusted,IND,India,S1,Total economy,S1,Total economy,B1GQ,Gross domestic product,_Z,Not applicable,_Z,Not applicable,_Z,Not applicable,PC,Percentage change,L,Chain linked volume,G1,"Growth rate, period on period",T0102,Table 0102 - GDP identity from the expenditure side,2013-Q3,,1.60112,,,,,,F,Free (free for publication),1,One,A,Normal value,0,Units,_Z,Not applicable
DATAFLOW,OECD.SDD.NAD:DSD_NAMAIN1@DF_QNA_EXPENDITURE_GROWTH_G20(1.1),Quarterly real GDP growth - G20 countries,I,Q,Quarterly,Y,Calendar and seasonally adjusted,IND,India,S1,Total economy,S1,Total economy,B1GQ,Gross domestic product,_Z,Not applicable,_Z,Not applicable,_Z,Not applicable,PC,Percentage change,L,Chain linked volume,G1,"Growth rate, period on period",T0102,Table 0102 - GDP identity from the expenditure side,2013-Q4,,2.20112,,,,,,F,Free (free for publication),1,One,A,Normal value,0,Units,_Z,Not applicable
DATAFLOW,OECD.SDD.NAD:DSD_NAMAIN1@DF_QNA_EXPENDITURE_GROWTH_G20(1.1),Quarterly real GDP growth - G20 countries,I,Q,Quarterly,Y,Calendar and seasonally adjusted,IND,India,S1,Total economy,S1,Total economy,B1GQ,Gross domestic product,_Z,Not applicable,_Z,Not applicable,_Z,Not applicable,PC,Percentage change,L,Chain linked volume,G1,"Growth rate, period on period",T0102,Table 0102 - GDP identity from the expenditure side,2014-Q1,,1.15901,,,,,,F,Free (free for publication),1,One,A,Normal value,0,Units,_Z,Not applicable
DATAFLOW,OECD.SDD.NAD:DSD_NAMAIN1@DF_QNA_EXPENDITURE_GROWTH_G20(1.1),Quarterly real GDP growth - G20 countries,I,Q,Quarterly,Y,Calendar and seasonally adjusted,IND,India,S1,Total economy,S1,Total economy,B1GQ,Gross domestic product,_Z,Not applicable,_Z,Not applicable,_Z,Not applicable,PC,Percentage change,L,Chain linked volume,G1,"Growth rate, period on period",T0102,Table 0102 - GDP identity from the expenditure side,2014-Q2,,2.28966,,,,,,F,Free (free for publication),1,One,A,Normal value,0,Units,_Z,Not applicable
DATAFLOW,OECD.SDD.NAD:DSD_NAMAIN1@DF_QNA_EXPENDITURE_GROWTH_G20(1.1),Quarterly real GDP growth - G20 countries,I,Q,Quarterly,Y,Calendar and seasonally adjusted,IND,India,S1,Total economy,S1,Total economy,B1GQ,Gross domestic product,_Z,Not applicable,_Z,Not applicable,_Z,Not applicable,PC,Percentage change,L,Chain linked volume,G1,"Growth rate, period on period",T0102,Table 0102 - GDP identity from the expenditure side,2014-Q3,,1.8258,,,,,,F,Free (free for publication),1,One,A,Normal value,0,Units,_Z,Not applicable
DATAFLOW,OECD.SDD.NAD:DSD_NAMAIN1@DF_QNA_EXPENDITURE_GROWTH_G20(1.1),Quarterly real GDP growth - G20 countries,I,Q,Quarterly,Y,Calendar and seasonally adjusted,IND,India,S1,Total economy,S1,Total economy,B1GQ,Gross domestic product,_Z,Not applicable,_Z,Not applicable,_Z,Not applicable,PC,Percentage change,L,Chain linked volume,G1,"Growth rate, period on period",T0102,Table 0102 - GDP identity from the expenditure side,2014-Q4,,1.53395,,,,,,F,Free (free for publication),1,One,A,Normal value,0,Units,_Z,Not applicable
DATAFLOW,OECD.SDD.NAD:DSD_NAMAIN1@DF_QNA_EXPENDITURE_GROWTH_G20(1.1),Quarterly real GDP growth - G20 countries,I,Q,Quarterly,Y,Calendar and seasonally adjusted,IND,India,S1,Total economy,S1,Total economy,B1GQ,Gross domestic product,_Z,Not applicable,_Z,Not applicable,_Z,Not applicable,PC,Percentage change,L,Chain linked volume,G1,"Growth rate, period on period",T0102,Table 0102 - GDP identity from the expenditure side,2015-Q1,,1.68428,,,,,,F,Free (free for publication),1,One,A,Normal value,0,Units,_Z,Not applicable
DATAFLOW,OECD.SDD.NAD:DSD_NAMAIN1@DF_QNA_EXPENDITURE_GROWTH_G20(1.1),Quarterly real GDP growth - G20 countries,I,Q,Quarterly,Y,Calendar and seasonally adjusted,IND,India,S1,Total economy,S1,Total economy,B1GQ,Gross domestic product,_Z,Not applicable,_Z,Not applicable,_Z,Not applicable,PC,Percentage change,L,Chain linked volume,G1,"Growth rate, period on period",T0102,Table 0102 - GDP identity from the expenditure side,2015-Q2,,2.14174,,,,,,F,Free (free for publication),1,One,A,Normal value,0,Units,_Z,Not applicable
DATAFLOW,OECD.SDD.NAD:DSD_NAMAIN1@DF_QNA_EXPENDITURE_GROWTH_G20(1.1),Quarterly real GDP growth - G20 countries,I,Q,Quarterly,Y,Calendar and seasonally adjusted,IND,India,S1,Total economy,S1,Total economy,B1GQ,Gross domestic product,_Z,Not applicable,_Z,Not applicable,_Z,Not applicable,PC,Percentage change,L,Chain linked volume,G1,"Growth rate, period on period",T0102,Table 0102 - GDP identity from the expenditure side,2015-Q3,,1.84623,,,,,,F,Free (free for publication),1,One,A,Normal value,0,Units,_Z,Not applicable
DATAFLOW,OECD.SDD.NAD:DSD_NAMAIN1@DF_QNA_EXPENDITURE_GROWTH_G20(1.1),Quarterly real GDP growth - G20 countries,I,Q,Quarterly,Y,Calendar and seasonally adjusted,IND,India,S1,Total economy,S1,Total economy,B1GQ,Gross domestic product,_Z,Not applicable,_Z,Not applicable,_Z,Not applicable,PC,Percentage change,L,Chain linked volume,G1,"Growth rate, period on period",T0102,Table 0102 - GDP identity from the expenditure side,2015-Q4,,2.03254,,,,,,F,Free (free for publication),1,One,A,Normal value,0,Units,_Z,Not applicable
DATAFLOW,OECD.SDD.NAD:DSD_NAMAIN1@DF_QNA_EXPENDITURE_GROWTH_G20(1.1),Quarterly real GDP growth - G20 countries,I,Q,Quarterly,Y,Calendar and seasonally adjusted,IND,India,S1,Total economy,S1,Total economy,B1GQ,Gross domestic product,_Z,Not applicable,_Z,Not applicable,_Z,Not applicable,PC,Percentage change,L,Chain linked volume,G1,"Growth rate, period on period",T0102,Table 0102 - GDP identity from the expenditure side,2016-Q1,,2.90244,,,,,,F,Free (free for publication),1,One,A,Normal value,0,Units,_Z,Not applicable
DATAFLOW,OECD.SDD.NAD:DSD_NAMAIN1@DF_QNA_EXPENDITURE_GROWTH_G20(1.1),Quarterly real GDP growth - G20 countries,I,Q,Quarterly,Y,Calendar and seasonally adjusted,IND,India,S1,Total economy,S1,Total economy,B1GQ,Gross domestic product,_Z,Not applicable,_Z,Not applicable,_Z,Not applicable,PC,Percentage change,L,Chain linked volume,G1,"Growth rate, period on period",T0102,Table 0102 - GDP identity from the expenditure side,2016-Q2,,1.78095,,,,,,F,Free (free for publication),1,One,A,Normal value,0,Units,_Z,Not applicable
DATAFLOW,OECD.SDD.NAD:DSD_NAMAIN1@DF_QNA_EXPENDITURE_GROWTH_G20(1.1),Quarterly real GDP growth - G20 countries,I,Q,Quarterly,Y,Calendar and seasonally adjusted,IND,India,S1,Total economy,S1,Total economy,B1GQ,Gross domestic product,_Z,Not applicable,_Z,Not applicable,_Z,Not applicable,PC,Percentage change,L,Chain linked volume,G1,"Growth rate, period on period",T0102,Table 0102 - GDP identity from the expenditure side,2016-Q3,,2.29156,,,,,,F,Free (free for publication),1,One,A,Normal value,0,Units,_Z,Not applicable
DATAFLOW,OECD.SDD.NAD:DSD_NAMAIN1@DF_QNA_EXPENDITURE_GROWTH_G20(1.1),Quarterly real GDP growth - G20 countries,I,Q,Quarterly,Y,Calendar and seasonally adjusted,IND,India,S1,Total economy,S1,Total economy,B1GQ,Gross domestic product,_Z,Not applicable,_Z,Not applicable,_Z,Not applicable,PC,Percentage change,L,Chain linked volume,G1,"Growth rate, period on period",T0102,Table 0102 - GDP identity from the expenditure side,2016-Q4,,1.36379,,,,,,F,Free (free for publication),1,One,A,Normal value,0,Units,_Z,Not applicable
DATAFLOW,OECD.SDD.NAD:DSD_NAMAIN1@DF_QNA_EXPENDITURE_GROWTH_G20(1.1),Quarterly real GDP growth - G20 countries,I,Q,Quarterly,Y,Calendar and seasonally adjusted,IND,India,S1,Total economy,S1,Total economy,B1GQ,Gross domestic product,_Z,Not applicable,_Z,Not applicable,_Z,Not applicable,PC,Percentage change,L,Chain linked volume,G1,"Growth rate, period on period",T0102,Table 0102 - GDP identity from the expenditure side,2017-Q1,,0.79959,,,,,,F,Free (free for publication),1,One,A,Normal value,0,Units,_Z,Not applicable
DATAFLOW,OECD.SDD.NAD:DSD_NAMAIN1@DF_QNA_EXPENDITURE_GROWTH_G20(1.1),Quarterly real GDP growth - G20 countries,I,Q,Quarterly,Y,Calendar and seasonally adjusted,IND,India,S1,Total economy,S1,Total economy,B1GQ,Gross domestic product,_Z,Not applicable,_Z,Not applicable,_Z,Not applicable,PC,Percentage change,L,Chain linked volume,G1,"Growth rate, period on period",T0102,Table 0102 - GDP identity from the expenditure side,2017-Q2,,2.05853,,,,,,F,Free (free for publication),1,One,A,Normal value,0,Units,_Z,Not applicable
DATAFLOW,OECD.SDD.NAD:DSD_NAMAIN1@DF_QNA_EXPENDITURE_GROWTH_G20(1.1),Quarterly real GDP growth - G20 countries,I,Q,Quarterly,Y,Calendar and seasonally adjusted,IND,India,S1,Total economy,S1,Total economy,B1GQ,Gross domestic product,_Z,Not applicable,_Z,Not applicable,_Z,Not applicable,PC,Percentage change,L,Chain linked volume,G1,"Growth rate, period on period",T0102,Table 0102 - GDP identity from the expenditure side,2017-Q3,,1.6482,,,,,,F,Free (free for publication),1,One,A,Normal value,0,Units,_Z,Not applicable
DATAFLOW,OECD.SDD.NAD:DSD_NAMAIN1@DF_QNA_EXPENDITURE_GROWTH_G20(1.1),Quarterly real GDP growth - G20 countries,I,Q,Quarterly,Y,Calendar and seasonally adjusted,IND,India,S1,Total economy,S1,Total economy,B1GQ,Gross domestic product,_Z,Not applicable,_Z,Not applicable,_Z,Not applicable,PC,Percentage change,L,Chain linked volume,G1,"Growth rate, period on period",T0102,Table 0102 - GDP identity from the expenditure side,2017-Q4,,1.87871,,,,,,F,Free (free for publication),1,One,A,Normal value,0,Units,_Z,Not applicable
DATAFLOW,OECD.SDD.NAD:DSD_NAMAIN1@DF_QNA_EXPENDITURE_GROWTH_G20(1.1),Quarterly real GDP growth - G20 countries,I,Q,Quarterly,Y,Calendar and seasonally adjusted,IND,India,S1,Total economy,S1,Total economy,B1GQ,Gross domestic product,_Z,Not applicable,_Z,Not applicable,_Z,Not applicable,PC,Percentage change,L,Chain linked volume,G1,"Growth rate, period on period",T0102,Table 0102 - GDP identity from the expenditure side,2018-Q1,,2.14694,,,,,,F,Free (free for publication),1,One,A,Normal value,0,Units,_Z,Not applicable
DATAFLOW,OECD.SDD.NAD:DSD_NAMAIN1@DF_QNA_EXPENDITURE_GROWTH_G20(1.1),Quarterly real GDP growth - G20 countries,I,Q,Quarterly,Y,Calendar and seasonally adjusted,IND,India,S1,Total economy,S1,Total economy,B1GQ,Gross domestic product,_Z,Not applicable,_Z,Not applicable,_Z,Not applicable,PC,Percentage change,L,Chain linked volume,G1,"Growth rate, period on period",T0102,Table 0102 - GDP identity from the expenditure side,2018-Q2,,1.30975,,,,,,F,Free (free for publication),1,One,A,Normal value,0,Units,_Z,Not applicable
DATAFLOW,OECD.SDD.NAD:DSD_NAMAIN1@DF_QNA_EXPENDITURE_GROWTH_G20(1.1),Quarterly real GDP growth - G20 countries,I,Q,Quarterly,Y,Calendar and seasonally adjusted,IND,India,S1,Total economy,S1,Total economy,B1GQ,Gross domestic product,_Z,Not applicable,_Z,Not applicable,_Z,Not applicable,PC,Percentage change,L,Chain linked volume,G1,"Growth rate, period on period",T0102,Table 0102 - GDP identity from the expenditure side,2018-Q3,,1.39663,,,,,,F,Free (free for publication),1,One,A,Normal value,0,Units,_Z,Not applicable
DATAFLOW,OECD.SDD.NAD:DSD_NAMAIN1@DF_QNA_EXPENDITURE_GROWTH_G20(1.1),Quarterly real GDP growth - G20 countries,I,Q,Quarterly,Y,Calendar and seasonally adjusted,IND,India,S1,Total economy,S1,Total economy,B1GQ,Gross domestic product,_Z,Not applicable,_Z,Not applicable,_Z,Not applicable,PC,Percentage change,L,Chain linked volume,G1,"Growth rate, period on period",T0102,Table 0102 - GDP identity from the expenditure side,2018-Q4,,1.47276,,,,,,F,Free (free for publication),1,One,A,Normal value,0,Units,_Z,Not applicable
DATAFLOW,OECD.SDD.NAD:DSD_NAMAIN1@DF_QNA_EXPENDITURE_GROWTH_G20(1.1),Quarterly real GDP growth - G20 countries,I,Q,Quarterly,Y,Calendar and seasonally adjusted,IND,India,S1,Total economy,S1,Total economy,B1GQ,Gross domestic product,_Z,Not applicable,_Z,Not applicable,_Z,Not applicable,PC,Percentage change,L,Chain linked volume,G1,"Growth rate, period on period",T0102,Table 0102 - GDP identity from the expenditure side,2019-Q1,,1.0469,,,,,,F,Free (free for publication),1,One,A,Normal value,0,Units,_Z,Not applicable
DATAFLOW,OECD.SDD.NAD:DSD_NAMAIN1@DF_QNA_EXPENDITURE_GROWTH_G20(1.1),Quarterly real GDP growth - G20 countries,I,Q,Quarterly,Y,Calendar and seasonally adjusted,IND,India,S1,Total economy,S1,Total economy,B1GQ,Gross domestic product,_Z,Not applicable,_Z,Not applicable,_Z,Not applicable,PC,Percentage change,L,Chain linked volume,G1,"Growth rate, period on period",T0102,Table 0102 - GDP identity from the expenditure side,2019-Q2,,1.33481,,,,,,F,Free (free for publication),1,One,A,Normal value,0,Units,_Z,Not applicable
DATAFLOW,OECD.SDD.NAD:DSD_NAMAIN1@DF_QNA_EXPENDITURE_GROWTH_G20(1.1),Quarterly real GDP growth - G20 countries,I,Q,Quarterly,Y,Calendar and seasonally adjusted,IND,India,S1,Total economy,S1,Total economy,B1GQ,Gross domestic product,_Z,Not applicable,_Z,Not applicable,_Z,Not applicable,PC,Percentage change,L,Chain linked volume,G1,"Growth rate, period on period",T0102,Table 0102 - GDP identity from the expenditure side,2019-Q3,,0.64889,,,,,,F,Free (free for publication),1,One,A,Normal value,0,Units,_Z,Not applicable
DATAFLOW,OECD.SDD.NAD:DSD_NAMAIN1@DF_QNA_EXPENDITURE_GROWTH_G20(1.1),Quarterly real GDP growth - G20 countries,I,Q,Quarterly,Y,Calendar and seasonally adjusted,IND,India,S1,Total economy,S1,Total economy,B1GQ,Gross domestic product,_Z,Not applicable,_Z,Not applicable,_Z,Not applicable,PC,Percentage change,L,Chain linked volume,G1,"Growth rate, period on period",T0102,Table 0102 - GDP identity from the expenditure side,2019-Q4,,0.17606,,,,,,F,Free (free for publication),1,One,A,Normal value,0,Units,_Z,Not applicable
DATAFLOW,OECD.SDD.NAD:DSD_NAMAIN1@DF_QNA_EXPENDITURE_GROWTH_G20(1.1),Quarterly real GDP growth - G20 countries,I,Q,Quarterly,Y,Calendar and seasonally adjusted,IND,India,S1,Total economy,S1,Total economy,B1GQ,Gross domestic product,_Z,Not applicable,_Z,Not applicable,_Z,Not applicable,PC,Percentage change,L,Chain linked volume,G1,"Growth rate, period on period",T0102,Table 0102 - GDP identity from the expenditure side,2020-Q1,,0.20253,,,,,,F,Free (free for publication),1,One,A,Normal value,0,Units,_Z,Not applicable
DATAFLOW,OECD.SDD.NAD:DSD_NAMAIN1@DF_QNA_EXPENDITURE_GROWTH_G20(1.1),Quarterly real GDP growth - G20 countries,I,Q,Quarterly,Y,Calendar and seasonally adjusted,IND,India,S1,Total economy,S1,Total economy,B1GQ,Gross domestic product,_Z,Not applicable,_Z,Not applicable,_Z,Not applicable,PC,Percentage change,L,Chain linked volume,G1,"Growth rate, period on period",T0102,Table 0102 - GDP identity from the expenditure side,2020-Q3,,22.57279,,,,,,F,Free (free for publication),1,One,A,Normal value,0,Units,_Z,Not applicable
DATAFLOW,OECD.SDD.NAD:DSD_NAMAIN1@DF_QNA_EXPENDITURE_GROWTH_G20(1.1),Quarterly real GDP growth - G20 countries,I,Q,Quarterly,Y,Calendar and seasonally adjusted,IND,India,S1,Total economy,S1,Total economy,B1GQ,Gross domestic product,_Z,Not applicable,_Z,Not applicable,_Z,Not applicable,PC,Percentage change,L,Chain linked volume,G1,"Growth rate, period on period",T0102,Table 0102 - GDP identity from the expenditure side,2020-Q4,,6.78155,,,,,,F,Free (free for publication),1,One,A,Normal value,0,Units,_Z,Not applicable
DATAFLOW,OECD.SDD.NAD:DSD_NAMAIN1@DF_QNA_EXPENDITURE_GROWTH_G20(1.1),Quarterly real GDP growth - G20 countries,I,Q,Quarterly,Y,Calendar and seasonally adjusted,IND,India,S1,Total economy,S1,Total economy,B1GQ,Gross domestic product,_Z,Not applicable,_Z,Not applicable,_Z,Not applicable,PC,Percentage change,L,Chain linked volume,G1,"Growth rate, period on period",T0102,Table 0102 - GDP identity from the expenditure side,2021-Q1,,1.36062,,,,,,F,Free (free for publication),1,One,A,Normal value,0,Units,_Z,Not applicable
DATAFLOW,OECD.SDD.NAD:DSD_NAMAIN1@DF_QNA_EXPENDITURE_GROWTH_G20(1.1),Quarterly real GDP growth - G20 countries,I,Q,Quarterly,Y,Calendar and seasonally adjusted,IDN,Indonesia,S1,Total economy,S1,Total economy,B1GQ,Gross domestic product,_Z,Not applicable,_Z,Not applicable,_Z,Not applicable,PC,Percentage change,L,Chain linked volume,G1,"Growth rate, period on period",T0102,Table 0102 - GDP identity from the expenditure side,2010-Q1,,1.61576554,,,,,,F,Free (free for publication),1,One,A,Normal value,0,Units,_Z,Not applicable
DATAFLOW,OECD.SDD.NAD:DSD_NAMAIN1@DF_QNA_EXPENDITURE_GROWTH_G20(1.1),Quarterly real GDP growth - G20 countries,I,Q,Quarterly,Y,Calendar and seasonally adjusted,IDN,Indonesia,S1,Total economy,S1,Total economy,B1GQ,Gross domestic product,_Z,Not applicable,_Z,Not applicable,_Z,Not applicable,PC,Percentage change,L,Chain linked volume,G1,"Growth rate, period on period",T0102,Table 0102 - GDP identity from the expenditure side,2010-Q2,,1.68474535,,,,,,F,Free (free for publication),1,One,A,Normal value,0,Units,_Z,Not applicable
DATAFLOW,OECD.SDD.NAD:DSD_NAMAIN1@DF_QNA_EXPENDITURE_GROWTH_G20(1.1),Quarterly real GDP growth - G20 countries,I,Q,Quarterly,Y,Calendar and seasonally adjusted,IDN,Indonesia,S1,Total economy,S1,Total economy,B1GQ,Gross domestic product,_Z,Not applicable,_Z,Not applicable,_Z,Not applicable,PC,Percentage change,L,Chain linked volume,G1,"Growth rate, period on period",T0102,Table 0102 - GDP identity from the expenditure side,2010-Q3,,1.496636008,,,,,,F,Free (free for publication),1,One,A,Normal value,0,Units,_Z,Not applicable
DATAFLOW,OECD.SDD.NAD:DSD_NAMAIN1@DF_QNA_EXPENDITURE_GROWTH_G20(1.1),Quarterly real GDP growth - G20 countries,I,Q,Quarterly,Y,Calendar and seasonally adjusted,IDN,Indonesia,S1,Total economy,S1,Total economy,B1GQ,Gross domestic product,_Z,Not applicable,_Z,Not applicable,_Z,Not applicable,PC,Percentage change,L,Chain linked volume,G1,"Growth rate, period on period",T0102,Table 0102 - GDP identity from the expenditure side,2010-Q4,,1.602340913,,,,,,F,Free (free for publication),1,One,A,Normal value,0,Units,_Z,Not applicable
DATAFLOW,OECD.SDD.NAD:DSD_NAMAIN1@DF_QNA_EXPENDITURE_GROWTH_G20(1.1),Quarterly real GDP growth - G20 countries,I,Q,Quarterly,Y,Calendar and seasonally adjusted,IDN,Indonesia,S1,Total economy,S1,Total economy,B1GQ,Gross domestic product,_Z,Not applicable,_Z,Not applicable,_Z,Not applicable,PC,Percentage change,L,Chain linked volume,G1,"Growth rate, period on period",T0102,Table 0102 - GDP identity from the expenditure side,2011-Q1,,1.455050475,,,,,,F,Free (free for publication),1,One,A,Normal value,0,Units,_Z,Not applicable
DATAFLOW,OECD.SDD.NAD:DSD_NAMAIN1@DF_QNA_EXPENDITURE_GROWTH_G20(1.1),Quarterly real GDP growth - G20 countries,I,Q,Quarterly,Y,Calendar and seasonally adjusted,IDN,Indonesia,S1,Total economy,S1,Total economy,B1GQ,Gross domestic product,_Z,Not applicable,_Z,Not applicable,_Z,Not applicable,PC,Percentage change,L,Chain linked volume,G1,"Growth rate, period on period",T0102,Table 0102 - GDP identity from the expenditure side,2011-Q2,,1.447666247,,,,,,F,Free (free for publication),1,One,A,Normal value,0,Units,_Z,Not applicable
DATAFLOW,OECD.SDD.NAD:DSD_NAMAIN1@DF_QNA_EXPENDITURE_GROWTH_G20(1.1),Quarterly real GDP growth - G20 countries,I,Q,Quarterly,Y,Calendar and seasonally adjusted,IDN,Indonesia,S1,Total economy,S1,Total economy,B1GQ,Gross domestic product,_Z,Not applicable,_Z,Not applicable,_Z,Not applicable,PC,Percentage change,L,Chain linked volume,G1,"Growth rate, period on period",T0102,Table 0102 - GDP identity from the expenditure side,2011-Q3,,1.517362386,,,,,,F,Free (free for publication),1,One,A,Normal value,0,Units,_Z,Not applicable
DATAFLOW,OECD.SDD.NAD:DSD_NAMAIN1@DF_QNA_EXPENDITURE_GROWTH_G20(1.1),Quarterly real GDP growth - G20 countries,I,Q,Quarterly,Y,Calendar and seasonally adjusted,IDN,Indonesia,S1,Total economy,S1,Total economy,B1GQ,Gross domestic product,_Z,Not applicable,_Z,Not applicable,_Z,Not applicable,PC,Percentage change,L,Chain linked volume,G1,"Growth rate, period on period",T0102,Table 0102 - GDP identity from the expenditure side,2011-Q4,,1.453481744,,,,,,F,Free (free for publication),1,One,A,Normal value,0,Units,_Z,Not applicable
DATAFLOW,OECD.SDD.NAD:DSD_NAMAIN1@DF_QNA_EXPENDITURE_GROWTH_G20(1.1),Quarterly real GDP growth - G20 countries,I,Q,Quarterly,Y,Calendar and seasonally adjusted,IDN,Indonesia,S1,Total economy,S1,Total economy,B1GQ,Gross domestic product,_Z,Not applicable,_Z,Not applicable,_Z,Not applicable,PC,Percentage change,L,Chain linked volume,G1,"Growth rate, period on period",T0102,Table 0102 - GDP identity from the expenditure side,2012-Q1,,1.516179381,,,,,,F,Free (free for publication),1,One,A,Normal value,0,Units,_Z,Not applicable
DATAFLOW,OECD.SDD.NAD:DSD_NAMAIN1@DF_QNA_EXPENDITURE_GROWTH_G20(1.1),Quarterly real GDP growth - G20 countries,I,Q,Quarterly,Y,Calendar and seasonally adjusted,IDN,Indonesia,S1,Total economy,S1,Total economy,B1GQ,Gross domestic product,_Z,Not applicable,_Z,Not applicable,_Z,Not applicable,PC,Percentage change,L,Chain linked volume,G1,"Growth rate, period on period",T0102,Table 0102 - GDP identity from the expenditure side,2012-Q2,,1.482432725,,,,,,F,Free (free for publication),1,One,A,Normal value,0,Units,_Z,Not applicable
DATAFLOW,OECD.SDD.NAD:DSD_NAMAIN1@DF_QNA_EXPENDITURE_GROWTH_G20(1.1),Quarterly real GDP growth - G20 countries,I,Q,Quarterly,Y,Calendar and seasonally adjusted,IDN,Indonesia,S1,Total economy,S1,Total economy,B1GQ,Gross domestic product,_Z,Not applicable,_Z,Not applicable,_Z,Not applicable,PC,Percentage change,L,Chain linked volume,G1,"Growth rate, period on period",T0102,Table 0102 - GDP identity from the expenditure side,2012-Q3,,1.422761512,,,,,,F,Free (free for publication),1,One,A,Normal value,0,Units,_Z,Not applicable
DATAFLOW,OECD.SDD.NAD:DSD_NAMAIN1@DF_QNA_EXPENDITURE_GROWTH_G20(1.1),Quarterly real GDP growth - G20 countries,I,Q,Quarterly,Y,Calendar and seasonally adjusted,IDN,Indonesia,S1,Total economy,S1,Total economy,B1GQ,Gross domestic product,_Z,Not applicable,_Z,Not applicable,_Z,Not applicable,PC,Percentage change,L,Chain linked volume,G1,"Growth rate, period on period",T0102,Table 0102 - GDP identity from the expenditure side,2012-Q4,,1.396175524,,,,,,F,Free (free for publication),1,One,A,Normal value,0,Units,_Z,Not applicable
DATAFLOW,OECD.SDD.NAD:DSD_NAMAIN1@DF_QNA_EXPENDITURE_GROWTH_G20(1.1),Quarterly real GDP growth - G20 countries,I,Q,Quarterly,Y,Calendar and seasonally adjusted,IDN,Indonesia,S1,Total economy,S1,Total economy,B1GQ,Gross domestic product,_Z,Not applicable,_Z,Not applicable,_Z,Not applicable,PC,Percentage change,L,Chain linked volume,G1,"Growth rate, period on period",T0102,Table 0102 - GDP identity from the expenditure side,2013-Q1,,1.373630565,,,,,,F,Free (free for publication),1,One,A,Normal value,0,Units,_Z,Not applicable
DATAFLOW,OECD.SDD.NAD:DSD_NAMAIN1@DF_QNA_EXPENDITURE_GROWTH_G20(1.1),Quarterly real GDP growth - G20 countries,I,Q,Quarterly,Y,Calendar and seasonally adjusted,IDN,Indonesia,S1,Total economy,S1,Total economy,B1GQ,Gross domestic product,_Z,Not applicable,_Z,Not applicable,_Z,Not applicable,PC,Percentage change,L,Chain linked volume,G1,"Growth rate, period on period",T0102,Table 0102 - GDP identity from the expenditure side,2013-Q2,,1.304108682,,,,,,F,Free (free for publication),1,One,A,Normal value,0,Units,_Z,Not applicable
DATAFLOW,OECD.SDD.NAD:DSD_NAMAIN1@DF_QNA_EXPENDITURE_GROWTH_G20(1.1),Quarterly real GDP growth - G20 countries,I,Q,Quarterly,Y,Calendar and seasonally adjusted,IDN,Indonesia,S1,Total economy,S1,Total economy,B1GQ,Gross domestic product,_Z,Not applicable,_Z,Not applicable,_Z,Not applicable,PC,Percentage change,L,Chain linked volume,G1,"Growth rate, period on period",T0102,Table 0102 - GDP identity from the expenditure side,2013-Q3,,1.296202475,,,,,,F,Free (free for publication),1,One,A,Normal value,0,Units,_Z,Not applicable
DATAFLOW,OECD.SDD.NAD:DSD_NAMAIN1@DF_QNA_EXPENDITURE_GROWTH_G20(1.1),Quarterly real GDP growth - G20 countries,I,Q,Quarterly,Y,Calendar and seasonally adjusted,IDN,Indonesia,S1,Total economy,S1,Total economy,B1GQ,Gross domestic product,_Z,Not applicable,_Z,Not applicable,_Z,Not applicable,PC,Percentage change,L,Chain linked volume,G1,"Growth rate, period on period",T0102,Table 0102 - GDP identity from the expenditure side,2013-Q4,,1.274314938,,,,,,F,Free (free for publication),1,One,A,Normal value,0,Units,_Z,Not applicable
DATAFLOW,OECD.SDD.NAD:DSD_NAMAIN1@DF_QNA_EXPENDITURE_GROWTH_G20(1.1),Quarterly real GDP growth - G20 countries,I,Q,Quarterly,Y,Calendar and seasonally adjusted,IDN,Indonesia,S1,Total economy,S1,Total economy,B1GQ,Gross domestic product,_Z,Not applicable,_Z,Not applicable,_Z,Not applicable,PC,Percentage change,L,Chain linked volume,G1,"Growth rate, period on period",T0102,Table 0102 - GDP identity from the expenditure side,2014-Q1,,1.194701353,,,,,,F,Free (free for publication),1,One,A,Normal value,0,Units,_Z,Not applicable
DATAFLOW,OECD.SDD.NAD:DSD_NAMAIN1@DF_QNA_EXPENDITURE_GROWTH_G20(1.1),Quarterly real GDP growth - G20 countries,I,Q,Quarterly,Y,Calendar and seasonally adjusted,IDN,Indonesia,S1,Total economy,S1,Total economy,B1GQ,Gross domestic product,_Z,Not applicable,_Z,Not applicable,_Z,Not applicable,PC,Percentage change,L,Chain linked volume,G1,"Growth rate, period on period",T0102,Table 0102 - GDP identity from the expenditure side,2014-Q2,,1.226064295,,,,,,F,Free (free for publication),1,One,A,Normal value,0,Units,_Z,Not applicable
DATAFLOW,OECD.SDD.NAD:DSD_NAMAIN1@DF_QNA_EXPENDITURE_GROWTH_G20(1.1),Quarterly real GDP growth - G20 countries,I,Q,Quarterly,Y,Calendar and seasonally adjusted,IDN,Indonesia,S1,Total economy,S1,Total economy,B1GQ,Gross domestic product,_Z,Not applicable,_Z,Not applicable,_Z,Not applicable,PC,Percentage change,L,Chain linked volume,G1,"Growth rate, period on period",T0102,Table 0102 - GDP identity from the expenditure side,2014-Q3,,1.17465872,,,,,,F,Free (free for publication),1,One,A,Normal value,0,Units,_Z,Not applicable
DATAFLOW,OECD.SDD.NAD:DSD_NAMAIN1@DF_QNA_EXPENDITURE_GROWTH_G20(1.1),Quarterly real GDP growth - G20 countries,I,Q,Quarterly,Y,Calendar and seasonally adjusted,IDN,Indonesia,S1,Total economy,S1,Total economy,B1GQ,Gross domestic product,_Z,Not applicable,_Z,Not applicable,_Z,Not applicable,PC,Percentage change,L,Chain linked volume,G1,"Growth rate, period on period",T0102,Table 0102 - GDP identity from the expenditure side,2014-Q4,,1.142556376,,,,,,F,Free (free for publication),1,One,A,Normal value,0,Units,_Z,Not applicable
DATAFLOW,OECD.SDD.NAD:DSD_NAMAIN1@DF_QNA_EXPENDITURE_GROWTH_G20(1.1),Quarterly real GDP growth - G20 countries,I,Q,Quarterly,Y,Calendar and seasonally adjusted,IDN,Indonesia,S1,Total economy,S1,Total economy,B1GQ,Gross domestic product,_Z,Not applicable,_Z,Not applicable,_Z,Not applicable,PC,Percentage change,L,Chain linked volume,G1,"Growth rate, period on period",T0102,Table 0102 - GDP identity from the expenditure side,2015-Q1,,1.230301724,,,,,,F,Free (free for publication),1,One,A,Normal value,0,Units,_Z,Not applicable
DATAFLOW,OECD.SDD.NAD:DSD_NAMAIN1@DF_QNA_EXPENDITURE_GROWTH_G20(1.1),Quarterly real GDP growth - G20 countries,I,Q,Quarterly,Y,Calendar and seasonally adjusted,IDN,Indonesia,S1,Total economy,S1,Total economy,B1GQ,Gross domestic product,_Z,Not applicable,_Z,Not applicable,_Z,Not applicable,PC,Percentage change,L,Chain linked volume,G1,"Growth rate, period on period",T0102,Table 0102 - GDP identity from the expenditure side,2015-Q2,,1.158832261,,,,,,F,Free (free for publication),1,One,A,Normal value,0,Units,_Z,Not applicable
DATAFLOW,OECD.SDD.NAD:DSD_NAMAIN1@DF_QNA_EXPENDITURE_GROWTH_G20(1.1),Quarterly real GDP growth - G20 countries,I,Q,Quarterly,Y,Calendar and seasonally adjusted,IDN,Indonesia,S1,Total economy,S1,Total economy,B1GQ,Gross domestic product,_Z,Not applicable,_Z,Not applicable,_Z,Not applicable,PC,Percentage change,L,Chain linked volume,G1,"Growth rate, period on period",T0102,Table 0102 - GDP identity from the expenditure side,2015-Q3,,1.236883553,,,,,,F,Free (free for publication),1,One,A,Normal value,0,Units,_Z,Not applicable
DATAFLOW,OECD.SDD.NAD:DSD_NAMAIN1@DF_QNA_EXPENDITURE_GROWTH_G20(1.1),Quarterly real GDP growth - G20 countries,I,Q,Quarterly,Y,Calendar and seasonally adjusted,IDN,Indonesia,S1,Total economy,S1,Total economy,B1GQ,Gross domestic product,_Z,Not applicable,_Z,Not applicable,_Z,Not applicable,PC,Percentage change,L,Chain linked volume,G1,"Growth rate, period on period",T0102,Table 0102 - GDP identity from the expenditure side,2015-Q4,,1.281258909,,,,,,F,Free (free for publication),1,One,A,Normal value,0,Units,_Z,Not applicable
DATAFLOW,OECD.SDD.NAD:DSD_NAMAIN1@DF_QNA_EXPENDITURE_GROWTH_G20(1.1),Quarterly real GDP growth - G20 countries,I,Q,Quarterly,Y,Calendar and seasonally adjusted,IDN,Indonesia,S1,Total economy,S1,Total economy,B1GQ,Gross domestic product,_Z,Not applicable,_Z,Not applicable,_Z,Not applicable,PC,Percentage change,L,Chain linked volume,G1,"Growth rate, period on period",T0102,Table 0102 - GDP identity from the expenditure side,2016-Q1,,1.194325397,,,,,,F,Free (free for publication),1,One,A,Normal value,0,Units,_Z,Not applicable
DATAFLOW,OECD.SDD.NAD:DSD_NAMAIN1@DF_QNA_EXPENDITURE_GROWTH_G20(1.1),Quarterly real GDP growth - G20 countries,I,Q,Quarterly,Y,Calendar and seasonally adjusted,IDN,Indonesia,S1,Total economy,S1,Total economy,B1GQ,Gross domestic product,_Z,Not applicable,_Z,Not applicable,_Z,Not applicable,PC,Percentage change,L,Chain linked volume,G1,"Growth rate, period on period",T0102,Table 0102 - GDP identity from the expenditure side,2016-Q2,,1.286051856,,,,,,F,Free (free for publication),1,One,A,Normal value,0,Units,_Z,Not applicable
DATAFLOW,OECD.SDD.NAD:DSD_NAMAIN1@DF_QNA_EXPENDITURE_GROWTH_G20(1.1),Quarterly real GDP growth - G20 countries,I,Q,Quarterly,Y,Calendar and seasonally adjusted,IDN,Indonesia,S1,Total economy,S1,Total economy,B1GQ,Gross domestic product,_Z,Not applicable,_Z,Not applicable,_Z,Not applicable,PC,Percentage change,L,Chain linked volume,G1,"Growth rate, period on period",T0102,Table 0102 - GDP identity from the expenditure side,2016-Q3,,1.221161959,,,,,,F,Free (free for publication),1,One,A,Normal value,0,Units,_Z,Not applicable
DATAFLOW,OECD.SDD.NAD:DSD_NAMAIN1@DF_QNA_EXPENDITURE_GROWTH_G20(1.1),Quarterly real GDP growth - G20 countries,I,Q,Quarterly,Y,Calendar and seasonally adjusted,IDN,Indonesia,S1,Total economy,S1,Total economy,B1GQ,Gross domestic product,_Z,Not applicable,_Z,Not applicable,_Z,Not applicable,PC,Percentage change,L,Chain linked volume,G1,"Growth rate, period on period",T0102,Table 0102 - GDP identity from the expenditure side,2016-Q4,,1.208474363,,,,,,F,Free (free for publication),1,One,A,Normal value,0,Units,_Z,Not applicable
DATAFLOW,OECD.SDD.NAD:DSD_NAMAIN1@DF_QNA_EXPENDITURE_GROWTH_G20(1.1),Quarterly real GDP growth - G20 countries,I,Q,Quarterly,Y,Calendar and seasonally adjusted,IDN,Indonesia,S1,Total economy,S1,Total economy,B1GQ,Gross domestic product,_Z,Not applicable,_Z,Not applicable,_Z,Not applicable,PC,Percentage change,L,Chain linked volume,G1,"Growth rate, period on period",T0102,Table 0102 - GDP identity from the expenditure side,2017-Q1,,1.268089603,,,,,,F,Free (free for publication),1,One,A,Normal value,0,Units,_Z,Not applicable
DATAFLOW,OECD.SDD.NAD:DSD_NAMAIN1@DF_QNA_EXPENDITURE_GROWTH_G20(1.1),Quarterly real GDP growth - G20 countries,I,Q,Quarterly,Y,Calendar and seasonally adjusted,IDN,Indonesia,S1,Total economy,S1,Total economy,B1GQ,Gross domestic product,_Z,Not applicable,_Z,Not applicable,_Z,Not applicable,PC,Percentage change,L,Chain linked volume,G1,"Growth rate, period on period",T0102,Table 0102 - GDP identity from the expenditure side,2017-Q2,,1.220884101,,,,,,F,Free (free for publication),1,One,A,Normal value,0,Units,_Z,Not applicable
DATAFLOW,OECD.SDD.NAD:DSD_NAMAIN1@DF_QNA_EXPENDITURE_GROWTH_G20(1.1),Quarterly real GDP growth - G20 countries,I,Q,Quarterly,Y,Calendar and seasonally adjusted,IDN,Indonesia,S1,Total economy,S1,Total economy,B1GQ,Gross domestic product,_Z,Not applicable,_Z,Not applicable,_Z,Not applicable,PC,Percentage change,L,Chain linked volume,G1,"Growth rate, period on period",T0102,Table 0102 - GDP identity from the expenditure side,2017-Q3,,1.269682147,,,,,,F,Free (free for publication),1,One,A,Normal value,0,Units,_Z,Not applicable
DATAFLOW,OECD.SDD.NAD:DSD_NAMAIN1@DF_QNA_EXPENDITURE_GROWTH_G20(1.1),Quarterly real GDP growth - G20 countries,I,Q,Quarterly,Y,Calendar and seasonally adjusted,IDN,Indonesia,S1,Total economy,S1,Total economy,B1GQ,Gross domestic product,_Z,Not applicable,_Z,Not applicable,_Z,Not applicable,PC,Percentage change,L,Chain linked volume,G1,"Growth rate, period on period",T0102,Table 0102 - GDP identity from the expenditure side,2017-Q4,,1.275272242,,,,,,F,Free (free for publication),1,One,A,Normal value,0,Units,_Z,Not applicable
DATAFLOW,OECD.SDD.NAD:DSD_NAMAIN1@DF_QNA_EXPENDITURE_GROWTH_G20(1.1),Quarterly real GDP growth - G20 countries,I,Q,Quarterly,Y,Calendar and seasonally adjusted,IDN,Indonesia,S1,Total economy,S1,Total economy,B1GQ,Gross domestic product,_Z,Not applicable,_Z,Not applicable,_Z,Not applicable,PC,Percentage change,L,Chain linked volume,G1,"Growth rate, period on period",T0102,Table 0102 - GDP identity from the expenditure side,2018-Q1,,1.265718719,,,,,,F,Free (free for publication),1,One,A,Normal value,0,Units,_Z,Not applicable
DATAFLOW,OECD.SDD.NAD:DSD_NAMAIN1@DF_QNA_EXPENDITURE_GROWTH_G20(1.1),Quarterly real GDP growth - G20 countries,I,Q,Quarterly,Y,Calendar and seasonally adjusted,IDN,Indonesia,S1,Total economy,S1,Total economy,B1GQ,Gross domestic product,_Z,Not applicable,_Z,Not applicable,_Z,Not applicable,PC,Percentage change,L,Chain linked volume,G1,"Growth rate, period on period",T0102,Table 0102 - GDP identity from the expenditure side,2018-Q2,,1.279568115,,,,,,F,Free (free for publication),1,One,A,Normal value,0,Units,_Z,Not applicable
DATAFLOW,OECD.SDD.NAD:DSD_NAMAIN1@DF_QNA_EXPENDITURE_GROWTH_G20(1.1),Quarterly real GDP growth - G20 countries,I,Q,Quarterly,Y,Calendar and seasonally adjusted,IDN,Indonesia,S1,Total economy,S1,Total economy,B1GQ,Gross domestic product,_Z,Not applicable,_Z,Not applicable,_Z,Not applicable,PC,Percentage change,L,Chain linked volume,G1,"Growth rate, period on period",T0102,Table 0102 - GDP identity from the expenditure side,2018-Q3,,1.271814935,,,,,,F,Free (free for publication),1,One,A,Normal value,0,Units,_Z,Not applicable
DATAFLOW,OECD.SDD.NAD:DSD_NAMAIN1@DF_QNA_EXPENDITURE_GROWTH_G20(1.1),Quarterly real GDP growth - G20 countries,I,Q,Quarterly,Y,Calendar and seasonally adjusted,IDN,Indonesia,S1,Total economy,S1,Total economy,B1GQ,Gross domestic product,_Z,Not applicable,_Z,Not applicable,_Z,Not applicable,PC,Percentage change,L,Chain linked volume,G1,"Growth rate, period on period",T0102,Table 0102 - GDP identity from the expenditure side,2018-Q4,,1.274868323,,,,,,F,Free (free for publication),1,One,A,Normal value,0,Units,_Z,Not applicable
DATAFLOW,OECD.SDD.NAD:DSD_NAMAIN1@DF_QNA_EXPENDITURE_GROWTH_G20(1.1),Quarterly real GDP growth - G20 countries,I,Q,Quarterly,Y,Calendar and seasonally adjusted,IDN,Indonesia,S1,Total economy,S1,Total economy,B1GQ,Gross domestic product,_Z,Not applicable,_Z,Not applicable,_Z,Not applicable,PC,Percentage change,L,Chain linked volume,G1,"Growth rate, period on period",T0102,Table 0102 - GDP identity from the expenditure side,2019-Q1,,1.249615509,,,,,,F,Free (free for publication),1,One,A,Normal value,0,Units,_Z,Not applicable
DATAFLOW,OECD.SDD.NAD:DSD_NAMAIN1@DF_QNA_EXPENDITURE_GROWTH_G20(1.1),Quarterly real GDP growth - G20 countries,I,Q,Quarterly,Y,Calendar and seasonally adjusted,IDN,Indonesia,S1,Total economy,S1,Total economy,B1GQ,Gross domestic product,_Z,Not applicable,_Z,Not applicable,_Z,Not applicable,PC,Percentage change,L,Chain linked volume,G1,"Growth rate, period on period",T0102,Table 0102 - GDP identity from the expenditure side,2019-Q2,,1.236929485,,,,,,F,Free (free for publication),1,One,A,Normal value,0,Units,_Z,Not applicable
DATAFLOW,OECD.SDD.NAD:DSD_NAMAIN1@DF_QNA_EXPENDITURE_GROWTH_G20(1.1),Quarterly real GDP growth - G20 countries,I,Q,Quarterly,Y,Calendar and seasonally adjusted,IDN,Indonesia,S1,Total economy,S1,Total economy,B1GQ,Gross domestic product,_Z,Not applicable,_Z,Not applicable,_Z,Not applicable,PC,Percentage change,L,Chain linked volume,G1,"Growth rate, period on period",T0102,Table 0102 - GDP identity from the expenditure side,2019-Q3,,1.153728133,,,,,,F,Free (free for publication),1,One,A,Normal value,0,Units,_Z,Not applicable
DATAFLOW,OECD.SDD.NAD:DSD_NAMAIN1@DF_QNA_EXPENDITURE_GROWTH_G20(1.1),Quarterly real GDP growth - G20 countries,I,Q,Quarterly,Y,Calendar and seasonally adjusted,IDN,Indonesia,S1,Total economy,S1,Total economy,B1GQ,Gross domestic product,_Z,Not applicable,_Z,Not applicable,_Z,Not applicable,PC,Percentage change,L,Chain linked volume,G1,"Growth rate, period on period",T0102,Table 0102 - GDP identity from the expenditure side,2019-Q4,,1.053308494,,,,,,F,Free (free for publication),1,One,A,Normal value,0,Units,_Z,Not applicable
DATAFLOW,OECD.SDD.NAD:DSD_NAMAIN1@DF_QNA_EXPENDITURE_GROWTH_G20(1.1),Quarterly real GDP growth - G20 countries,I,Q,Quarterly,Y,Calendar and seasonally adjusted,IDN,Indonesia,S1,Total economy,S1,Total economy,B1GQ,Gross domestic product,_Z,Not applicable,_Z,Not applicable,_Z,Not applicable,PC,Percentage change,L,Chain linked volume,G1,"Growth rate, period on period",T0102,Table 0102 - GDP identity from the expenditure side,2020-Q1,,-0.61445276,,,,,,F,Free (free for publication),1,One,A,Normal value,0,Units,_Z,Not applicable
DATAFLOW,OECD.SDD.NAD:DSD_NAMAIN1@DF_QNA_EXPENDITURE_GROWTH_G20(1.1),Quarterly real GDP growth - G20 countries,I,Q,Quarterly,Y,Calendar and seasonally adjusted,IDN,Indonesia,S1,Total economy,S1,Total economy,B1GQ,Gross domestic product,_Z,Not applicable,_Z,Not applicable,_Z,Not applicable,PC,Percentage change,L,Chain linked volume,G1,"Growth rate, period on period",T0102,Table 0102 - GDP identity from the expenditure side,2020-Q2,,-6.824796744,,,,,,F,Free (free for publication),1,One,A,Normal value,0,Units,_Z,Not applicable
DATAFLOW,OECD.SDD.NAD:DSD_NAMAIN1@DF_QNA_EXPENDITURE_GROWTH_G20(1.1),Quarterly real GDP growth - G20 countries,I,Q,Quarterly,Y,Calendar and seasonally adjusted,IDN,Indonesia,S1,Total economy,S1,Total economy,B1GQ,Gross domestic product,_Z,Not applicable,_Z,Not applicable,_Z,Not applicable,PC,Percentage change,L,Chain linked volume,G1,"Growth rate, period on period",T0102,Table 0102 - GDP identity from the expenditure side,2020-Q3,,3.231277301,,,,,,F,Free (free for publication),1,One,A,Normal value,0,Units,_Z,Not applicable
DATAFLOW,OECD.SDD.NAD:DSD_NAMAIN1@DF_QNA_EXPENDITURE_GROWTH_G20(1.1),Quarterly real GDP growth - G20 countries,I,Q,Quarterly,Y,Calendar and seasonally adjusted,IDN,Indonesia,S1,Total economy,S1,Total economy,B1GQ,Gross domestic product,_Z,Not applicable,_Z,Not applicable,_Z,Not applicable,PC,Percentage change,L,Chain linked volume,G1,"Growth rate, period on period",T0102,Table 0102 - GDP identity from the expenditure side,2020-Q4,,2.213623663,,,,,,F,Free (free for publication),1,One,A,Normal value,0,Units,_Z,Not applicable
DATAFLOW,OECD.SDD.NAD:DSD_NAMAIN1@DF_QNA_EXPENDITURE_GROWTH_G20(1.1),Quarterly real GDP growth - G20 countries,I,Q,Quarterly,Y,Calendar and seasonally adjusted,IDN,Indonesia,S1,Total economy,S1,Total economy,B1GQ,Gross domestic product,_Z,Not applicable,_Z,Not applicable,_Z,Not applicable,PC,Percentage change,L,Chain linked volume,G1,"Growth rate, period on period",T0102,Table 0102 - GDP identity from the expenditure side,2021-Q1,,1.035792175,,,,,,F,Free (free for publication),1,One,A,Normal value,0,Units,_Z,Not applicable
DATAFLOW,OECD.SDD.NAD:DSD_NAMAIN1@DF_QNA_EXPENDITURE_GROWTH_G20(1.1),Quarterly real GDP growth - G20 countries,I,Q,Quarterly,Y,Calendar and seasonally adjusted,IDN,Indonesia,S1,Total economy,S1,Total economy,B1GQ,Gross domestic product,_Z,Not applicable,_Z,Not applicable,_Z,Not applicable,PC,Percentage change,L,Chain linked volume,G1,"Growth rate, period on period",T0102,Table 0102 - GDP identity from the expenditure side,2021-Q2,,0.51651903,,,,,,F,Free (free for publication),1,One,A,Normal value,0,Units,_Z,Not applicable
DATAFLOW,OECD.SDD.NAD:DSD_NAMAIN1@DF_QNA_EXPENDITURE_GROWTH_G20(1.1),Quarterly real GDP growth - G20 countries,I,Q,Quarterly,Y,Calendar and seasonally adjusted,IDN,Indonesia,S1,Total economy,S1,Total economy,B1GQ,Gross domestic product,_Z,Not applicable,_Z,Not applicable,_Z,Not applicable,PC,Percentage change,L,Chain linked volume,G1,"Growth rate, period on period",T0102,Table 0102 - GDP identity from the expenditure side,2021-Q3,,0.232528029,,,,,,F,Free (free for publication),1,One,A,Normal value,0,Units,_Z,Not applicable
DATAFLOW,OECD.SDD.NAD:DSD_NAMAIN1@DF_QNA_EXPENDITURE_GROWTH_G20(1.1),Quarterly real GDP growth - G20 countries,I,Q,Quarterly,Y,Calendar and seasonally adjusted,IDN,Indonesia,S1,Total economy,S1,Total economy,B1GQ,Gross domestic product,_Z,Not applicable,_Z,Not applicable,_Z,Not applicable,PC,Percentage change,L,Chain linked volume,G1,"Growth rate, period on period",T0102,Table 0102 - GDP identity from the expenditure side,2021-Q4,,2.691869977,,,,,,F,Free (free for publication),1,One,A,Normal value,0,Units,_Z,Not applicable
DATAFLOW,OECD.SDD.NAD:DSD_NAMAIN1@DF_QNA_EXPENDITURE_GROWTH_G20(1.1),Quarterly real GDP growth - G20 countries,I,Q,Quarterly,Y,Calendar and seasonally adjusted,IDN,Indonesia,S1,Total economy,S1,Total economy,B1GQ,Gross domestic product,_Z,Not applicable,_Z,Not applicable,_Z,Not applicable,PC,Percentage change,L,Chain linked volume,G1,"Growth rate, period on period",T0102,Table 0102 - GDP identity from the expenditure side,2022-Q1,,1.177092327,,,,,,F,Free (free for publication),1,One,A,Normal value,0,Units,_Z,Not applicable
DATAFLOW,OECD.SDD.NAD:DSD_NAMAIN1@DF_QNA_EXPENDITURE_GROWTH_G20(1.1),Quarterly real GDP growth - G20 countries,I,Q,Quarterly,Y,Calendar and seasonally adjusted,IDN,Indonesia,S1,Total economy,S1,Total economy,B1GQ,Gross domestic product,_Z,Not applicable,_Z,Not applicable,_Z,Not applicable,PC,Percentage change,L,Chain linked volume,G1,"Growth rate, period on period",T0102,Table 0102 - GDP identity from the expenditure side,2022-Q2,,1.174622153,,,,,,F,Free (free for publication),1,One,A,Normal value,0,Units,_Z,Not applicable
DATAFLOW,OECD.SDD.NAD:DSD_NAMAIN1@DF_QNA_EXPENDITURE_GROWTH_G20(1.1),Quarterly real GDP growth - G20 countries,I,Q,Quarterly,Y,Calendar and seasonally adjusted,IDN,Indonesia,S1,Total economy,S1,Total economy,B1GQ,Gross domestic product,_Z,Not applicable,_Z,Not applicable,_Z,Not applicable,PC,Percentage change,L,Chain linked volume,G1,"Growth rate, period on period",T0102,Table 0102 - GDP identity from the expenditure side,2022-Q3,,1.147040735,,,,,,F,Free (free for publication),1,One,A,Normal value,0,Units,_Z,Not applicable
DATAFLOW,OECD.SDD.NAD:DSD_NAMAIN1@DF_QNA_EXPENDITURE_GROWTH_G20(1.1),Quarterly real GDP growth - G20 countries,I,Q,Quarterly,Y,Calendar and seasonally adjusted,IDN,Indonesia,S1,Total economy,S1,Total economy,B1GQ,Gross domestic product,_Z,Not applicable,_Z,Not applicable,_Z,Not applicable,PC,Percentage change,L,Chain linked volume,G1,"Growth rate, period on period",T0102,Table 0102 - GDP identity from the expenditure side,2022-Q4,,1.278663815,,,,,,F,Free (free for publication),1,One,A,Normal value,0,Units,_Z,Not applicable
DATAFLOW,OECD.SDD.NAD:DSD_NAMAIN1@DF_QNA_EXPENDITURE_GROWTH_G20(1.1),Quarterly real GDP growth - G20 countries,I,Q,Quarterly,Y,Calendar and seasonally adjusted,IDN,Indonesia,S1,Total economy,S1,Total economy,B1GQ,Gross domestic product,_Z,Not applicable,_Z,Not applicable,_Z,Not applicable,PC,Percentage change,L,Chain linked volume,G1,"Growth rate, period on period",T0102,Table 0102 - GDP identity from the expenditure side,2023-Q1,,1.214578173,,,,,,F,Free (free for publication),1,One,A,Normal value,0,Units,_Z,Not applicable
DATAFLOW,OECD.SDD.NAD:DSD_NAMAIN1@DF_QNA_EXPENDITURE_GROWTH_G20(1.1),Quarterly real GDP growth - G20 countries,I,Q,Quarterly,Y,Calendar and seasonally adjusted,IDN,Indonesia,S1,Total economy,S1,Total economy,B1GQ,Gross domestic product,_Z,Not applicable,_Z,Not applicable,_Z,Not applicable,PC,Percentage change,L,Chain linked volume,G1,"Growth rate, period on period",T0102,Table 0102 - GDP identity from the expenditure side,2023-Q2,,1.312279656,,,,,,F,Free (free for publication),1,One,A,Normal value,0,Units,_Z,Not applicable
DATAFLOW,OECD.SDD.NAD:DSD_NAMAIN1@DF_QNA_EXPENDITURE_GROWTH_G20(1.1),Quarterly real GDP growth - G20 countries,I,Q,Quarterly,Y,Calendar and seasonally adjusted,IDN,Indonesia,S1,Total economy,S1,Total economy,B1GQ,Gross domestic product,_Z,Not applicable,_Z,Not applicable,_Z,Not applicable,PC,Percentage change,L,Chain linked volume,G1,"Growth rate, period on period",T0102,Table 0102 - GDP identity from the expenditure side,2023-Q3,,1.251165285,,,,,,F,Free (free for publication),1,One,A,Normal value,0,Units,_Z,Not applicable
DATAFLOW,OECD.SDD.NAD:DSD_NAMAIN1@DF_QNA_EXPENDITURE_GROWTH_G20(1.1),Quarterly real GDP growth - G20 countries,I,Q,Quarterly,Y,Calendar and seasonally adjusted,IDN,Indonesia,S1,Total economy,S1,Total economy,B1GQ,Gross domestic product,_Z,Not applicable,_Z,Not applicable,_Z,Not applicable,PC,Percentage change,L,Chain linked volume,G1,"Growth rate, period on period",T0102,Table 0102 - GDP identity from the expenditure side,2023-Q4,,1.218695234,,,,,,F,Free (free for publication),1,One,A,Normal value,0,Units,_Z,Not applicable
DATAFLOW,OECD.SDD.NAD:DSD_NAMAIN1@DF_QNA_EXPENDITURE_GROWTH_G20(1.1),Quarterly real GDP growth - G20 countries,I,Q,Quarterly,Y,Calendar and seasonally adjusted,IDN,Indonesia,S1,Total economy,S1,Total economy,B1GQ,Gross domestic product,_Z,Not applicable,_Z,Not applicable,_Z,Not applicable,PC,Percentage change,L,Chain linked volume,G1,"Growth rate, period on period",T0102,Table 0102 - GDP identity from the expenditure side,2024-Q1,,1.272936429,,,,,,F,Free (free for publication),1,One,A,Normal value,0,Units,_Z,Not applicable
DATAFLOW,OECD.SDD.NAD:DSD_NAMAIN1@DF_QNA_EXPENDITURE_GROWTH_G20(1.1),Quarterly real GDP growth - G20 countries,I,Q,Quarterly,Y,Calendar and seasonally adjusted,IDN,Indonesia,S1,Total economy,S1,Total economy,B1GQ,Gross domestic product,_Z,Not applicable,_Z,Not applicable,_Z,Not applicable,PC,Percentage change,L,Chain linked volume,G1,"Growth rate, period on period",T0102,Table 0102 - GDP identity from the expenditure side,2024-Q2,,1.15792032,,,,,,F,Free (free for publication),1,One,A,Normal value,0,Units,_Z,Not applicable
DATAFLOW,OECD.SDD.NAD:DSD_NAMAIN1@DF_QNA_EXPENDITURE_GROWTH_G20(1.1),Quarterly real GDP growth - G20 countries,I,Q,Quarterly,Y,Calendar and seasonally adjusted,IDN,Indonesia,S1,Total economy,S1,Total economy,B1GQ,Gross domestic product,_Z,Not applicable,_Z,Not applicable,_Z,Not applicable,PC,Percentage change,L,Chain linked volume,G1,"Growth rate, period on period",T0102,Table 0102 - GDP identity from the expenditure side,2024-Q3,,1.241446806,,,,,,F,Free (free for publication),1,One,A,Normal value,0,Units,_Z,Not applicable
DATAFLOW,OECD.SDD.NAD:DSD_NAMAIN1@DF_QNA_EXPENDITURE_GROWTH_G20(1.1),Quarterly real GDP growth - G20 countries,I,Q,Quarterly,Y,Calendar and seasonally adjusted,IDN,Indonesia,S1,Total economy,S1,Total economy,B1GQ,Gross domestic product,_Z,Not applicable,_Z,Not applicable,_Z,Not applicable,PC,Percentage change,L,Chain linked volume,G1,"Growth rate, period on period",T0102,Table 0102 - GDP identity from the expenditure side,2024-Q4,,1.236384861,,,,,,F,Free (free for publication),1,One,A,Normal value,0,Units,_Z,Not applicable
DATAFLOW,OECD.SDD.NAD:DSD_NAMAIN1@DF_QNA_EXPENDITURE_GROWTH_G20(1.1),Quarterly real GDP growth - G20 countries,I,Q,Quarterly,Y,Calendar and seasonally adjusted,IDN,Indonesia,S1,Total economy,S1,Total economy,B1GQ,Gross domestic product,_Z,Not applicable,_Z,Not applicable,_Z,Not applicable,PC,Percentage change,L,Chain linked volume,G1,"Growth rate, period on period",T0102,Table 0102 - GDP identity from the expenditure side,2025-Q1,,1.197106089,,,,,,F,Free (free for publication),1,One,A,Normal value,0,Units,_Z,Not applicable
DATAFLOW,OECD.SDD.NAD:DSD_NAMAIN1@DF_QNA_EXPENDITURE_GROWTH_G20(1.1),Quarterly real GDP growth - G20 countries,I,Q,Quarterly,Y,Calendar and seasonally adjusted,IDN,Indonesia,S1,Total economy,S1,Total economy,B1GQ,Gross domestic product,_Z,Not applicable,_Z,Not applicable,_Z,Not applicable,PC,Percentage change,L,Chain linked volume,G1,"Growth rate, period on period",T0102,Table 0102 - GDP identity from the expenditure side,2025-Q2,,1.27876593,,,,,,F,Free (free for publication),1,One,A,Normal value,0,Units,_Z,Not applicable
DATAFLOW,OECD.SDD.NAD:DSD_NAMAIN1@DF_QNA_EXPENDITURE_GROWTH_G20(1.1),Quarterly real GDP growth - G20 countries,I,Q,Quarterly,Y,Calendar and seasonally adjusted,IDN,Indonesia,S1,Total economy,S1,Total economy,B1GQ,Gross domestic product,_Z,Not applicable,_Z,Not applicable,_Z,Not applicable,PC,Percentage change,L,Chain linked volume,G1,"Growth rate, period on period",T0102,Table 0102 - GDP identity from the expenditure side,2025-Q3,,1.215813034,,,,,,F,Free (free for publication),1,One,A,Normal value,0,Units,_Z,Not applicable
DATAFLOW,OECD.SDD.NAD:DSD_NAMAIN1@DF_QNA_EXPENDITURE_GROWTH_G20(1.1),Quarterly real GDP growth - G20 countries,I,Q,Quarterly,Y,Calendar and seasonally adjusted,SAU,Saudi Arabia,S1,Total economy,S1,Total economy,B1GQ,Gross domestic product,_Z,Not applicable,_Z,Not applicable,_Z,Not applicable,PC,Percentage change,L,Chain linked volume,G1,"Growth rate, period on period",T0102,Table 0102 - GDP identity from the expenditure side,2010-Q2,,1.989015371,,,,,,F,Free (free for publication),1,One,A,Normal value,0,Units,_Z,Not applicable
DATAFLOW,OECD.SDD.NAD:DSD_NAMAIN1@DF_QNA_EXPENDITURE_GROWTH_G20(1.1),Quarterly real GDP growth - G20 countries,I,Q,Quarterly,Y,Calendar and seasonally adjusted,SAU,Saudi Arabia,S1,Total economy,S1,Total economy,B1GQ,Gross domestic product,_Z,Not applicable,_Z,Not applicable,_Z,Not applicable,PC,Percentage change,L,Chain linked volume,G1,"Growth rate, period on period",T0102,Table 0102 - GDP identity from the expenditure side,2010-Q3,,-0.165788975,,,,,,F,Free (free for publication),1,One,A,Normal value,0,Units,_Z,Not applicable
DATAFLOW,OECD.SDD.NAD:DSD_NAMAIN1@DF_QNA_EXPENDITURE_GROWTH_G20(1.1),Quarterly real GDP growth - G20 countries,I,Q,Quarterly,Y,Calendar and seasonally adjusted,SAU,Saudi Arabia,S1,Total economy,S1,Total economy,B1GQ,Gross domestic product,_Z,Not applicable,_Z,Not applicable,_Z,Not applicable,PC,Percentage change,L,Chain linked volume,G1,"Growth rate, period on period",T0102,Table 0102 - GDP identity from the expenditure side,2010-Q4,,9.223929158,,,,,,F,Free (free for publication),1,One,A,Normal value,0,Units,_Z,Not applicable
DATAFLOW,OECD.SDD.NAD:DSD_NAMAIN1@DF_QNA_EXPENDITURE_GROWTH_G20(1.1),Quarterly real GDP growth - G20 countries,I,Q,Quarterly,Y,Calendar and seasonally adjusted,RUS,Russia,S1,Total economy,S1,Total economy,B1GQ,Gross domestic product,_Z,Not applicable,_Z,Not applicable,_Z,Not applicable,PC,Percentage change,L,Chain linked volume,G1,"Growth rate, period on period",T0102,Table 0102 - GDP identity from the expenditure side,2011-Q1,,1.155158313,,,,,,F,Free (free for publication),1,One,A,Normal value,0,Units,_Z,Not applicable
DATAFLOW,OECD.SDD.NAD:DSD_NAMAIN1@DF_QNA_EXPENDITURE_GROWTH_G20(1.1),Quarterly real GDP growth - G20 countries,I,Q,Quarterly,Y,Calendar and seasonally adjusted,CHN,China (People’s Republic of),S1,Total economy,S1,Total economy,B1GQ,Gross domestic product,_Z,Not applicable,_Z,Not applicable,_Z,Not applicable,PC,Percentage change,L,Chain linked volume,G1,"Growth rate, period on period",T0102,Table 0102 - GDP identity from the expenditure side,2011-Q1,,2.3,,,,,,F,Free (free for publication),1,One,A,Normal value,0,Units,_Z,Not applicable
DATAFLOW,OECD.SDD.NAD:DSD_NAMAIN1@DF_QNA_EXPENDITURE_GROWTH_G20(1.1),Quarterly real GDP growth - G20 countries,I,Q,Quarterly,Y,Calendar and seasonally adjusted,SAU,Saudi Arabia,S1,Total economy,S1,Total economy,B1GQ,Gross domestic product,_Z,Not applicable,_Z,Not applicable,_Z,Not applicable,PC,Percentage change,L,Chain linked volume,G1,"Growth rate, period on period",T0102,Table 0102 - GDP identity from the expenditure side,2011-Q1,,0.53914968,,,,,,F,Free (free for publication),1,One,A,Normal value,0,Units,_Z,Not applicable
DATAFLOW,OECD.SDD.NAD:DSD_NAMAIN1@DF_QNA_EXPENDITURE_GROWTH_G20(1.1),Quarterly real GDP growth - G20 countries,I,Q,Quarterly,Y,Calendar and seasonally adjusted,SAU,Saudi Arabia,S1,Total economy,S1,Total economy,B1GQ,Gross domestic product,_Z,Not applicable,_Z,Not applicable,_Z,Not applicable,PC,Percentage change,L,Chain linked volume,G1,"Growth rate, period on period",T0102,Table 0102 - GDP identity from the expenditure side,2011-Q2,,3.073565274,,,,,,F,Free (free for publication),1,One,A,Normal value,0,Units,_Z,Not applicable
DATAFLOW,OECD.SDD.NAD:DSD_NAMAIN1@DF_QNA_EXPENDITURE_GROWTH_G20(1.1),Quarterly real GDP growth - G20 countries,I,Q,Quarterly,Y,Calendar and seasonally adjusted,CHN,China (People’s Republic of),S1,Total economy,S1,Total economy,B1GQ,Gross domestic product,_Z,Not applicable,_Z,Not applicable,_Z,Not applicable,PC,Percentage change,L,Chain linked volume,G1,"Growth rate, period on period",T0102,Table 0102 - GDP identity from the expenditure side,2011-Q2,,2.3,,,,,,F,Free (free for publication),1,One,A,Normal value,0,Units,_Z,Not applicable
DATAFLOW,OECD.SDD.NAD:DSD_NAMAIN1@DF_QNA_EXPENDITURE_GROWTH_G20(1.1),Quarterly real GDP growth - G20 countries,I,Q,Quarterly,Y,Calendar and seasonally adjusted,RUS,Russia,S1,Total economy,S1,Total economy,B1GQ,Gross domestic product,_Z,Not applicable,_Z,Not applicable,_Z,Not applicable,PC,Percentage change,L,Chain linked volume,G1,"Growth rate, period on period",T0102,Table 0102 - GDP identity from the expenditure side,2011-Q2,,0.947690943,,,,,,F,Free (free for publication),1,One,A,Normal value,0,Units,_Z,Not applicable
DATAFLOW,OECD.SDD.NAD:DSD_NAMAIN1@DF_QNA_EXPENDITURE_GROWTH_G20(1.1),Quarterly real GDP growth - G20 countries,I,Q,Quarterly,Y,Calendar and seasonally adjusted,RUS,Russia,S1,Total economy,S1,Total economy,B1GQ,Gross domestic product,_Z,Not applicable,_Z,Not applicable,_Z,Not applicable,PC,Percentage change,L,Chain linked volume,G1,"Growth rate, period on period",T0102,Table 0102 - GDP identity from the expenditure side,2011-Q3,,1.151337174,,,,,,F,Free (free for publication),1,One,A,Normal value,0,Units,_Z,Not applicable
DATAFLOW,OECD.SDD.NAD:DSD_NAMAIN1@DF_QNA_EXPENDITURE_GROWTH_G20(1.1),Quarterly real GDP growth - G20 countries,I,Q,Quarterly,Y,Calendar and seasonally adjusted,SAU,Saudi Arabia,S1,Total economy,S1,Total economy,B1GQ,Gross domestic product,_Z,Not applicable,_Z,Not applicable,_Z,Not applicable,PC,Percentage change,L,Chain linked volume,G1,"Growth rate, period on period",T0102,Table 0102 - GDP identity from the expenditure side,2011-Q3,,1.571858721,,,,,,F,Free (free for publication),1,One,A,Normal value,0,Units,_Z,Not applicable
DATAFLOW,OECD.SDD.NAD:DSD_NAMAIN1@DF_QNA_EXPENDITURE_GROWTH_G20(1.1),Quarterly real GDP growth - G20 countries,I,Q,Quarterly,Y,Calendar and seasonally adjusted,CHN,China (People’s Republic of),S1,Total economy,S1,Total economy,B1GQ,Gross domestic product,_Z,Not applicable,_Z,Not applicable,_Z,Not applicable,PC,Percentage change,L,Chain linked volume,G1,"Growth rate, period on period",T0102,Table 0102 - GDP identity from the expenditure side,2011-Q3,,1.8,,,,,,F,Free (free for publication),1,One,A,Normal value,0,Units,_Z,Not applicable
DATAFLOW,OECD.SDD.NAD:DSD_NAMAIN1@DF_QNA_EXPENDITURE_GROWTH_G20(1.1),Quarterly real GDP growth - G20 countries,I,Q,Quarterly,Y,Calendar and seasonally adjusted,CHN,China (People’s Republic of),S1,Total economy,S1,Total economy,B1GQ,Gross domestic product,_Z,Not applicable,_Z,Not applicable,_Z,Not applicable,PC,Percentage change,L,Chain linked volume,G1,"Growth rate, period on period",T0102,Table 0102 - GDP identity from the expenditure side,2011-Q4,,1.6,,,,,,F,Free (free for publication),1,One,A,Normal value,0,Units,_Z,Not applicable
DATAFLOW,OECD.SDD.NAD:DSD_NAMAIN1@DF_QNA_EXPENDITURE_GROWTH_G20(1.1),Quarterly real GDP growth - G20 countries,I,Q,Quarterly,Y,Calendar and seasonally adjusted,SAU,Saudi Arabia,S1,Total economy,S1,Total economy,B1GQ,Gross domestic product,_Z,Not applicable,_Z,Not applicable,_Z,Not applicable,PC,Percentage change,L,Chain linked volume,G1,"Growth rate, period on period",T0102,Table 0102 - GDP identity from the expenditure side,2011-Q4,,2.259002203,,,,,,F,Free (free for publication),1,One,A,Normal value,0,Units,_Z,Not applicable
DATAFLOW,OECD.SDD.NAD:DSD_NAMAIN1@DF_QNA_EXPENDITURE_GROWTH_G20(1.1),Quarterly real GDP growth - G20 countries,I,Q,Quarterly,Y,Calendar and seasonally adjusted,RUS,Russia,S1,Total economy,S1,Total economy,B1GQ,Gross domestic product,_Z,Not applicable,_Z,Not applicable,_Z,Not applicable,PC,Percentage change,L,Chain linked volume,G1,"Growth rate, period on period",T0102,Table 0102 - GDP identity from the expenditure side,2011-Q4,,1.207682223,,,,,,F,Free (free for publication),1,One,A,Normal value,0,Units,_Z,Not applicable
DATAFLOW,OECD.SDD.NAD:DSD_NAMAIN1@DF_QNA_EXPENDITURE_GROWTH_G20(1.1),Quarterly real GDP growth - G20 countries,I,Q,Quarterly,Y,Calendar and seasonally adjusted,RUS,Russia,S1,Total economy,S1,Total economy,B1GQ,Gross domestic product,_Z,Not applicable,_Z,Not applicable,_Z,Not applicable,PC,Percentage change,L,Chain linked volume,G1,"Growth rate, period on period",T0102,Table 0102 - GDP identity from the expenditure side,2012-Q1,,1.570296481,,,,,,F,Free (free for publication),1,One,A,Normal value,0,Units,_Z,Not applicable
DATAFLOW,OECD.SDD.NAD:DSD_NAMAIN1@DF_QNA_EXPENDITURE_GROWTH_G20(1.1),Quarterly real GDP growth - G20 countries,I,Q,Quarterly,Y,Calendar and seasonally adjusted,SAU,Saudi Arabia,S1,Total economy,S1,Total economy,B1GQ,Gross domestic product,_Z,Not applicable,_Z,Not applicable,_Z,Not applicable,PC,Percentage change,L,Chain linked volume,G1,"Growth rate, period on period",T0102,Table 0102 - GDP identity from the expenditure side,2012-Q1,,2.563861746,,,,,,F,Free (free for publication),1,One,A,Normal value,0,Units,_Z,Not applicable
DATAFLOW,OECD.SDD.NAD:DSD_NAMAIN1@DF_QNA_EXPENDITURE_GROWTH_G20(1.1),Quarterly real GDP growth - G20 countries,I,Q,Quarterly,Y,Calendar and seasonally adjusted,CHN,China (People’s Republic of),S1,Total economy,S1,Total economy,B1GQ,Gross domestic product,_Z,Not applicable,_Z,Not applicable,_Z,Not applicable,PC,Percentage change,L,Chain linked volume,G1,"Growth rate, period on period",T0102,Table 0102 - GDP identity from the expenditure side,2012-Q1,,1.9,,,,,,F,Free (free for publication),1,One,A,Normal value,0,Units,_Z,Not applicable
DATAFLOW,OECD.SDD.NAD:DSD_NAMAIN1@DF_QNA_EXPENDITURE_GROWTH_G20(1.1),Quarterly real GDP growth - G20 countries,I,Q,Quarterly,Y,Calendar and seasonally adjusted,CHN,China (People’s Republic of),S1,Total economy,S1,Total economy,B1GQ,Gross domestic product,_Z,Not applicable,_Z,Not applicable,_Z,Not applicable,PC,Percentage change,L,Chain linked volume,G1,"Growth rate, period on period",T0102,Table 0102 - GDP identity from the expenditure side,2012-Q2,,2.1,,,,,,F,Free (free for publication),1,One,A,Normal value,0,Units,_Z,Not applicable
DATAFLOW,OECD.SDD.NAD:DSD_NAMAIN1@DF_QNA_EXPENDITURE_GROWTH_G20(1.1),Quarterly real GDP growth - G20 countries,I,Q,Quarterly,Y,Calendar and seasonally adjusted,SAU,Saudi Arabia,S1,Total economy,S1,Total economy,B1GQ,Gross domestic product,_Z,Not applicable,_Z,Not applicable,_Z,Not applicable,PC,Percentage change,L,Chain linked volume,G1,"Growth rate, period on period",T0102,Table 0102 - GDP identity from the expenditure side,2012-Q2,,0.410238879,,,,,,F,Free (free for publication),1,One,A,Normal value,0,Units,_Z,Not applicable
DATAFLOW,OECD.SDD.NAD:DSD_NAMAIN1@DF_QNA_EXPENDITURE_GROWTH_G20(1.1),Quarterly real GDP growth - G20 countries,I,Q,Quarterly,Y,Calendar and seasonally adjusted,RUS,Russia,S1,Total economy,S1,Total economy,B1GQ,Gross domestic product,_Z,Not applicable,_Z,Not applicable,_Z,Not applicable,PC,Percentage change,L,Chain linked volume,G1,"Growth rate, period on period",T0102,Table 0102 - GDP identity from the expenditure side,2012-Q2,,0.387073923,,,,,,F,Free (free for publication),1,One,A,Normal value,0,Units,_Z,Not applicable
DATAFLOW,OECD.SDD.NAD:DSD_NAMAIN1@DF_QNA_EXPENDITURE_GROWTH_G20(1.1),Quarterly real GDP growth - G20 countries,I,Q,Quarterly,Y,Calendar and seasonally adjusted,RUS,Russia,S1,Total economy,S1,Total economy,B1GQ,Gross domestic product,_Z,Not applicable,_Z,Not applicable,_Z,Not applicable,PC,Percentage change,L,Chain linked volume,G1,"Growth rate, period on period",T0102,Table 0102 - GDP identity from the expenditure side,2012-Q3,,0.516147564,,,,,,F,Free (free for publication),1,One,A,Normal value,0,Units,_Z,Not applicable
DATAFLOW,OECD.SDD.NAD:DSD_NAMAIN1@DF_QNA_EXPENDITURE_GROWTH_G20(1.1),Quarterly real GDP growth - G20 countries,I,Q,Quarterly,Y,Calendar and seasonally adjusted,SAU,Saudi Arabia,S1,Total economy,S1,Total economy,B1GQ,Gross domestic product,_Z,Not applicable,_Z,Not applicable,_Z,Not applicable,PC,Percentage change,L,Chain linked volume,G1,"Growth rate, period on period",T0102,Table 0102 - GDP identity from the expenditure side,2012-Q3,,-0.268848911,,,,,,F,Free (free for publication),1,One,A,Normal value,0,Units,_Z,Not applicable
DATAFLOW,OECD.SDD.NAD:DSD_NAMAIN1@DF_QNA_EXPENDITURE_GROWTH_G20(1.1),Quarterly real GDP growth - G20 countries,I,Q,Quarterly,Y,Calendar and seasonally adjusted,CHN,China (People’s Republic of),S1,Total economy,S1,Total economy,B1GQ,Gross domestic product,_Z,Not applicable,_Z,Not applicable,_Z,Not applicable,PC,Percentage change,L,Chain linked volume,G1,"Growth rate, period on period",T0102,Table 0102 - GDP identity from the expenditure side,2012-Q3,,1.9,,,,,,F,Free (free for publication),1,One,A,Normal value,0,Units,_Z,Not applicable
DATAFLOW,OECD.SDD.NAD:DSD_NAMAIN1@DF_QNA_EXPENDITURE_GROWTH_G20(1.1),Quarterly real GDP growth - G20 countries,I,Q,Quarterly,Y,Calendar and seasonally adjusted,CHN,China (People’s Republic of),S1,Total economy,S1,Total economy,B1GQ,Gross domestic product,_Z,Not applicable,_Z,Not applicable,_Z,Not applicable,PC,Percentage change,L,Chain linked volume,G1,"Growth rate, period on period",T0102,Table 0102 - GDP identity from the expenditure side,2012-Q4,,2,,,,,,F,Free (free for publication),1,One,A,Normal value,0,Units,_Z,Not applicable
DATAFLOW,OECD.SDD.NAD:DSD_NAMAIN1@DF_QNA_EXPENDITURE_GROWTH_G20(1.1),Quarterly real GDP growth - G20 countries,I,Q,Quarterly,Y,Calendar and seasonally adjusted,SAU,Saudi Arabia,S1,Total economy,S1,Total economy,B1GQ,Gross domestic product,_Z,Not applicable,_Z,Not applicable,_Z,Not applicable,PC,Percentage change,L,Chain linked volume,G1,"Growth rate, period on period",T0102,Table 0102 - GDP identity from the expenditure side,2012-Q4,,-1.133769983,,,,,,F,Free (free for publication),1,One,A,Normal value,0,Units,_Z,Not applicable
DATAFLOW,OECD.SDD.NAD:DSD_NAMAIN1@DF_QNA_EXPENDITURE_GROWTH_G20(1.1),Quarterly real GDP growth - G20 countries,I,Q,Quarterly,Y,Calendar and seasonally adjusted,RUS,Russia,S1,Total economy,S1,Total economy,B1GQ,Gross domestic product,_Z,Not applicable,_Z,Not applicable,_Z,Not applicable,PC,Percentage change,L,Chain linked volume,G1,"Growth rate, period on period",T0102,Table 0102 - GDP identity from the expenditure side,2012-Q4,,0.067384631,,,,,,F,Free (free for publication),1,One,A,Normal value,0,Units,_Z,Not applicable
DATAFLOW,OECD.SDD.NAD:DSD_NAMAIN1@DF_QNA_EXPENDITURE_GROWTH_G20(1.1),Quarterly real GDP growth - G20 countries,I,Q,Quarterly,Y,Calendar and seasonally adjusted,RUS,Russia,S1,Total economy,S1,Total economy,B1GQ,Gross domestic product,_Z,Not applicable,_Z,Not applicable,_Z,Not applicable,PC,Percentage change,L,Chain linked volume,G1,"Growth rate, period on period",T0102,Table 0102 - GDP identity from the expenditure side,2013-Q1,,0.740663422,,,,,,F,Free (free for publication),1,One,A,Normal value,0,Units,_Z,Not applicable
DATAFLOW,OECD.SDD.NAD:DSD_NAMAIN1@DF_QNA_EXPENDITURE_GROWTH_G20(1.1),Quarterly real GDP growth - G20 countries,I,Q,Quarterly,Y,Calendar and seasonally adjusted,SAU,Saudi Arabia,S1,Total economy,S1,Total economy,B1GQ,Gross domestic product,_Z,Not applicable,_Z,Not applicable,_Z,Not applicable,PC,Percentage change,L,Chain linked volume,G1,"Growth rate, period on period",T0102,Table 0102 - GDP identity from the expenditure side,2013-Q1,,1.089057018,,,,,,F,Free (free for publication),1,One,A,Normal value,0,Units,_Z,Not applicable
DATAFLOW,OECD.SDD.NAD:DSD_NAMAIN1@DF_QNA_EXPENDITURE_GROWTH_G20(1.1),Quarterly real GDP growth - G20 countries,I,Q,Quarterly,Y,Calendar and seasonally adjusted,CHN,China (People’s Republic of),S1,Total economy,S1,Total economy,B1GQ,Gross domestic product,_Z,Not applicable,_Z,Not applicable,_Z,Not applicable,PC,Percentage change,L,Chain linked volume,G1,"Growth rate, period on period",T0102,Table 0102 - GDP identity from the expenditure side,2013-Q1,,1.9,,,,,,F,Free (free for publication),1,One,A,Normal value,0,Units,_Z,Not applicable
DATAFLOW,OECD.SDD.NAD:DSD_NAMAIN1@DF_QNA_EXPENDITURE_GROWTH_G20(1.1),Quarterly real GDP growth - G20 countries,I,Q,Quarterly,Y,Calendar and seasonally adjusted,CHN,China (People’s Republic of),S1,Total economy,S1,Total economy,B1GQ,Gross domestic product,_Z,Not applicable,_Z,Not applicable,_Z,Not applicable,PC,Percentage change,L,Chain linked volume,G1,"Growth rate, period on period",T0102,Table 0102 - GDP identity from the expenditure side,2013-Q2,,1.7,,,,,,F,Free (free for publication),1,One,A,Normal value,0,Units,_Z,Not applicable
DATAFLOW,OECD.SDD.NAD:DSD_NAMAIN1@DF_QNA_EXPENDITURE_GROWTH_G20(1.1),Quarterly real GDP growth - G20 countries,I,Q,Quarterly,Y,Calendar and seasonally adjusted,SAU,Saudi Arabia,S1,Total economy,S1,Total economy,B1GQ,Gross domestic product,_Z,Not applicable,_Z,Not applicable,_Z,Not applicable,PC,Percentage change,L,Chain linked volume,G1,"Growth rate, period on period",T0102,Table 0102 - GDP identity from the expenditure side,2013-Q2,,2.166238063,,,,,,F,Free (free for publication),1,One,A,Normal value,0,Units,_Z,Not applicable
DATAFLOW,OECD.SDD.NAD:DSD_NAMAIN1@DF_QNA_EXPENDITURE_GROWTH_G20(1.1),Quarterly real GDP growth - G20 countries,I,Q,Quarterly,Y,Calendar and seasonally adjusted,RUS,Russia,S1,Total economy,S1,Total economy,B1GQ,Gross domestic product,_Z,Not applicable,_Z,Not applicable,_Z,Not applicable,PC,Percentage change,L,Chain linked volume,G1,"Growth rate, period on period",T0102,Table 0102 - GDP identity from the expenditure side,2013-Q2,,0.340510666,,,,,,F,Free (free for publication),1,One,A,Normal value,0,Units,_Z,Not applicable
DATAFLOW,OECD.SDD.NAD:DSD_NAMAIN1@DF_QNA_EXPENDITURE_GROWTH_G20(1.1),Quarterly real GDP growth - G20 countries,I,Q,Quarterly,Y,Calendar and seasonally adjusted,RUS,Russia,S1,Total economy,S1,Total economy,B1GQ,Gross domestic product,_Z,Not applicable,_Z,Not applicable,_Z,Not applicable,PC,Percentage change,L,Chain linked volume,G1,"Growth rate, period on period",T0102,Table 0102 - GDP identity from the expenditure side,2013-Q3,,0.040528552,,,,,,F,Free (free for publication),1,One,A,Normal value,0,Units,_Z,Not applicable
DATAFLOW,OECD.SDD.NAD:DSD_NAMAIN1@DF_QNA_EXPENDITURE_GROWTH_G20(1.1),Quarterly real GDP growth - G20 countries,I,Q,Quarterly,Y,Calendar and seasonally adjusted,SAU,Saudi Arabia,S1,Total economy,S1,Total economy,B1GQ,Gross domestic product,_Z,Not applicable,_Z,Not applicable,_Z,Not applicable,PC,Percentage change,L,Chain linked volume,G1,"Growth rate, period on period",T0102,Table 0102 - GDP identity from the expenditure side,2013-Q3,,2.208309999,,,,,,F,Free (free for publication),1,One,A,Normal value,0,Units,_Z,Not applicable
DATAFLOW,OECD.SDD.NAD:DSD_NAMAIN1@DF_QNA_EXPENDITURE_GROWTH_G20(1.1),Quarterly real GDP growth - G20 countries,I,Q,Quarterly,Y,Calendar and seasonally adjusted,CHN,China (People’s Republic of),S1,Total economy,S1,Total economy,B1GQ,Gross domestic product,_Z,Not applicable,_Z,Not applicable,_Z,Not applicable,PC,Percentage change,L,Chain linked volume,G1,"Growth rate, period on period",T0102,Table 0102 - GDP identity from the expenditure side,2013-Q3,,2.1,,,,,,F,Free (free for publication),1,One,A,Normal value,0,Units,_Z,Not applicable
DATAFLOW,OECD.SDD.NAD:DSD_NAMAIN1@DF_QNA_EXPENDITURE_GROWTH_G20(1.1),Quarterly real GDP growth - G20 countries,I,Q,Quarterly,Y,Calendar and seasonally adjusted,CHN,China (People’s Republic of),S1,Total economy,S1,Total economy,B1GQ,Gross domestic product,_Z,Not applicable,_Z,Not applicable,_Z,Not applicable,PC,Percentage change,L,Chain linked volume,G1,"Growth rate, period on period",T0102,Table 0102 - GDP identity from the expenditure side,2013-Q4,,1.6,,,,,,F,Free (free for publication),1,One,A,Normal value,0,Units,_Z,Not applicable
DATAFLOW,OECD.SDD.NAD:DSD_NAMAIN1@DF_QNA_EXPENDITURE_GROWTH_G20(1.1),Quarterly real GDP growth - G20 countries,I,Q,Quarterly,Y,Calendar and seasonally adjusted,SAU,Saudi Arabia,S1,Total economy,S1,Total economy,B1GQ,Gross domestic product,_Z,Not applicable,_Z,Not applicable,_Z,Not applicable,PC,Percentage change,L,Chain linked volume,G1,"Growth rate, period on period",T0102,Table 0102 - GDP identity from the expenditure side,2013-Q4,,-0.026402887,,,,,,F,Free (free for publication),1,One,A,Normal value,0,Units,_Z,Not applicable
DATAFLOW,OECD.SDD.NAD:DSD_NAMAIN1@DF_QNA_EXPENDITURE_GROWTH_G20(1.1),Quarterly real GDP growth - G20 countries,I,Q,Quarterly,Y,Calendar and seasonally adjusted,RUS,Russia,S1,Total economy,S1,Total economy,B1GQ,Gross domestic product,_Z,Not applicable,_Z,Not applicable,_Z,Not applicable,PC,Percentage change,L,Chain linked volume,G1,"Growth rate, period on period",T0102,Table 0102 - GDP identity from the expenditure side,2013-Q4,,0.577354817,,,,,,F,Free (free for publication),1,One,A,Normal value,0,Units,_Z,Not applicable
DATAFLOW,OECD.SDD.NAD:DSD_NAMAIN1@DF_QNA_EXPENDITURE_GROWTH_G20(1.1),Quarterly real GDP growth - G20 countries,I,Q,Quarterly,Y,Calendar and seasonally adjusted,RUS,Russia,S1,Total economy,S1,Total economy,B1GQ,Gross domestic product,_Z,Not applicable,_Z,Not applicable,_Z,Not applicable,PC,Percentage change,L,Chain linked volume,G1,"Growth rate, period on period",T0102,Table 0102 - GDP identity from the expenditure side,2014-Q1,,-0.007460833,,,,,,F,Free (free for publication),1,One,A,Normal value,0,Units,_Z,Not applicable
DATAFLOW,OECD.SDD.NAD:DSD_NAMAIN1@DF_QNA_EXPENDITURE_GROWTH_G20(1.1),Quarterly real GDP growth - G20 countries,I,Q,Quarterly,Y,Calendar and seasonally adjusted,SAU,Saudi Arabia,S1,Total economy,S1,Total economy,B1GQ,Gross domestic product,_Z,Not applicable,_Z,Not applicable,_Z,Not applicable,PC,Percentage change,L,Chain linked volume,G1,"Growth rate, period on period",T0102,Table 0102 - GDP identity from the expenditure side,2014-Q1,,2.23373661,,,,,,F,Free (free for publication),1,One,A,Normal value,0,Units,_Z,Not applicable
DATAFLOW,OECD.SDD.NAD:DSD_NAMAIN1@DF_QNA_EXPENDITURE_GROWTH_G20(1.1),Quarterly real GDP growth - G20 countries,I,Q,Quarterly,Y,Calendar and seasonally adjusted,CHN,China (People’s Republic of),S1,Total economy,S1,Total economy,B1GQ,Gross domestic product,_Z,Not applicable,_Z,Not applicable,_Z,Not applicable,PC,Percentage change,L,Chain linked volume,G1,"Growth rate, period on period",T0102,Table 0102 - GDP identity from the expenditure side,2014-Q1,,1.9,,,,,,F,Free (free for publication),1,One,A,Normal value,0,Units,_Z,Not applicable
DATAFLOW,OECD.SDD.NAD:DSD_NAMAIN1@DF_QNA_EXPENDITURE_GROWTH_G20(1.1),Quarterly real GDP growth - G20 countries,I,Q,Quarterly,Y,Calendar and seasonally adjusted,CHN,China (People’s Republic of),S1,Total economy,S1,Total economy,B1GQ,Gross domestic product,_Z,Not applicable,_Z,Not applicable,_Z,Not applicable,PC,Percentage change,L,Chain linked volume,G1,"Growth rate, period on period",T0102,Table 0102 - GDP identity from the expenditure side,2014-Q2,,1.8,,,,,,F,Free (free for publication),1,One,A,Normal value,0,Units,_Z,Not applicable
DATAFLOW,OECD.SDD.NAD:DSD_NAMAIN1@DF_QNA_EXPENDITURE_GROWTH_G20(1.1),Quarterly real GDP growth - G20 countries,I,Q,Quarterly,Y,Calendar and seasonally adjusted,SAU,Saudi Arabia,S1,Total economy,S1,Total economy,B1GQ,Gross domestic product,_Z,Not applicable,_Z,Not applicable,_Z,Not applicable,PC,Percentage change,L,Chain linked volume,G1,"Growth rate, period on period",T0102,Table 0102 - GDP identity from the expenditure side,2014-Q2,,-0.247926516,,,,,,F,Free (free for publication),1,One,A,Normal value,0,Units,_Z,Not applicable
DATAFLOW,OECD.SDD.NAD:DSD_NAMAIN1@DF_QNA_EXPENDITURE_GROWTH_G20(1.1),Quarterly real GDP growth - G20 countries,I,Q,Quarterly,Y,Calendar and seasonally adjusted,RUS,Russia,S1,Total economy,S1,Total economy,B1GQ,Gross domestic product,_Z,Not applicable,_Z,Not applicable,_Z,Not applicable,PC,Percentage change,L,Chain linked volume,G1,"Growth rate, period on period",T0102,Table 0102 - GDP identity from the expenditure side,2014-Q2,,0.4816152,,,,,,F,Free (free for publication),1,One,A,Normal value,0,Units,_Z,Not applicable
DATAFLOW,OECD.SDD.NAD:DSD_NAMAIN1@DF_QNA_EXPENDITURE_GROWTH_G20(1.1),Quarterly real GDP growth - G20 countries,I,Q,Quarterly,Y,Calendar and seasonally adjusted,RUS,Russia,S1,Total economy,S1,Total economy,B1GQ,Gross domestic product,_Z,Not applicable,_Z,Not applicable,_Z,Not applicable,PC,Percentage change,L,Chain linked volume,G1,"Growth rate, period on period",T0102,Table 0102 - GDP identity from the expenditure side,2014-Q3,,-0.318118911,,,,,,F,Free (free for publication),1,One,A,Normal value,0,Units,_Z,Not applicable
DATAFLOW,OECD.SDD.NAD:DSD_NAMAIN1@DF_QNA_EXPENDITURE_GROWTH_G20(1.1),Quarterly real GDP growth - G20 countries,I,Q,Quarterly,Y,Calendar and seasonally adjusted,SAU,Saudi Arabia,S1,Total economy,S1,Total economy,B1GQ,Gross domestic product,_Z,Not applicable,_Z,Not applicable,_Z,Not applicable,PC,Percentage change,L,Chain linked volume,G1,"Growth rate, period on period",T0102,Table 0102 - GDP identity from the expenditure side,2014-Q3,,0.573974403,,,,,,F,Free (free for publication),1,One,A,Normal value,0,Units,_Z,Not applicable
DATAFLOW,OECD.SDD.NAD:DSD_NAMAIN1@DF_QNA_EXPENDITURE_GROWTH_G20(1.1),Quarterly real GDP growth - G20 countries,I,Q,Quarterly,Y,Calendar and seasonally adjusted,CHN,China (People’s Republic of),S1,Total economy,S1,Total economy,B1GQ,Gross domestic product,_Z,Not applicable,_Z,Not applicable,_Z,Not applicable,PC,Percentage change,L,Chain linked volume,G1,"Growth rate, period on period",T0102,Table 0102 - GDP identity from the expenditure side,2014-Q3,,1.8,,,,,,F,Free (free for publication),1,One,A,Normal value,0,Units,_Z,Not applicable
DATAFLOW,OECD.SDD.NAD:DSD_NAMAIN1@DF_QNA_EXPENDITURE_GROWTH_G20(1.1),Quarterly real GDP growth - G20 countries,I,Q,Quarterly,Y,Calendar and seasonally adjusted,SAU,Saudi Arabia,S1,Total economy,S1,Total economy,B1GQ,Gross domestic product,_Z,Not applicable,_Z,Not applicable,_Z,Not applicable,PC,Percentage change,L,Chain linked volume,G1,"Growth rate, period on period",T0102,Table 0102 - GDP identity from the expenditure side,2014-Q4,,0.176370862,,,,,,F,Free (free for publication),1,One,A,Normal value,0,Units,_Z,Not applicable
DATAFLOW,OECD.SDD.NAD:DSD_NAMAIN1@DF_QNA_EXPENDITURE_GROWTH_G20(1.1),Quarterly real GDP growth - G20 countries,I,Q,Quarterly,Y,Calendar and seasonally adjusted,CHN,China (People’s Republic of),S1,Total economy,S1,Total economy,B1GQ,Gross domestic product,_Z,Not applicable,_Z,Not applicable,_Z,Not applicable,PC,Percentage change,L,Chain linked volume,G1,"Growth rate, period on period",T0102,Table 0102 - GDP identity from the expenditure side,2014-Q4,,1.7,,,,,,F,Free (free for publication),1,One,A,Normal value,0,Units,_Z,Not applicable
DATAFLOW,OECD.SDD.NAD:DSD_NAMAIN1@DF_QNA_EXPENDITURE_GROWTH_G20(1.1),Quarterly real GDP growth - G20 countries,I,Q,Quarterly,Y,Calendar and seasonally adjusted,RUS,Russia,S1,Total economy,S1,Total economy,B1GQ,Gross domestic product,_Z,Not applicable,_Z,Not applicable,_Z,Not applicable,PC,Percentage change,L,Chain linked volume,G1,"Growth rate, period on period",T0102,Table 0102 - GDP identity from the expenditure side,2014-Q4,,-0.235289925,,,,,,F,Free (free for publication),1,One,A,Normal value,0,Units,_Z,Not applicable
DATAFLOW,OECD.SDD.NAD:DSD_NAMAIN1@DF_QNA_EXPENDITURE_GROWTH_G20(1.1),Quarterly real GDP growth - G20 countries,I,Q,Quarterly,Y,Calendar and seasonally adjusted,RUS,Russia,S1,Total economy,S1,Total economy,B1GQ,Gross domestic product,_Z,Not applicable,_Z,Not applicable,_Z,Not applicable,PC,Percentage change,L,Chain linked volume,G1,"Growth rate, period on period",T0102,Table 0102 - GDP identity from the expenditure side,2015-Q1,,-1.017222508,,,,,,F,Free (free for publication),1,One,A,Normal value,0,Units,_Z,Not applicable
DATAFLOW,OECD.SDD.NAD:DSD_NAMAIN1@DF_QNA_EXPENDITURE_GROWTH_G20(1.1),Quarterly real GDP growth - G20 countries,I,Q,Quarterly,Y,Calendar and seasonally adjusted,CHN,China (People’s Republic of),S1,Total economy,S1,Total economy,B1GQ,Gross domestic product,_Z,Not applicable,_Z,Not applicable,_Z,Not applicable,PC,Percentage change,L,Chain linked volume,G1,"Growth rate, period on period",T0102,Table 0102 - GDP identity from the expenditure side,2015-Q1,,1.7,,,,,,F,Free (free for publication),1,One,A,Normal value,0,Units,_Z,Not applicable
DATAFLOW,OECD.SDD.NAD:DSD_NAMAIN1@DF_QNA_EXPENDITURE_GROWTH_G20(1.1),Quarterly real GDP growth - G20 countries,I,Q,Quarterly,Y,Calendar and seasonally adjusted,SAU,Saudi Arabia,S1,Total economy,S1,Total economy,B1GQ,Gross domestic product,_Z,Not applicable,_Z,Not applicable,_Z,Not applicable,PC,Percentage change,L,Chain linked volume,G1,"Growth rate, period on period",T0102,Table 0102 - GDP identity from the expenditure side,2015-Q1,,2.948897007,,,,,,F,Free (free for publication),1,One,A,Normal value,0,Units,_Z,Not applicable
DATAFLOW,OECD.SDD.NAD:DSD_NAMAIN1@DF_QNA_EXPENDITURE_GROWTH_G20(1.1),Quarterly real GDP growth - G20 countries,I,Q,Quarterly,Y,Calendar and seasonally adjusted,SAU,Saudi Arabia,S1,Total economy,S1,Total economy,B1GQ,Gross domestic product,_Z,Not applicable,_Z,Not applicable,_Z,Not applicable,PC,Percentage change,L,Chain linked volume,G1,"Growth rate, period on period",T0102,Table 0102 - GDP identity from the expenditure side,2015-Q2,,1.730941744,,,,,,F,Free (free for publication),1,One,A,Normal value,0,Units,_Z,Not applicable
DATAFLOW,OECD.SDD.NAD:DSD_NAMAIN1@DF_QNA_EXPENDITURE_GROWTH_G20(1.1),Quarterly real GDP growth - G20 countries,I,Q,Quarterly,Y,Calendar and seasonally adjusted,CHN,China (People’s Republic of),S1,Total economy,S1,Total economy,B1GQ,Gross domestic product,_Z,Not applicable,_Z,Not applicable,_Z,Not applicable,PC,Percentage change,L,Chain linked volume,G1,"Growth rate, period on period",T0102,Table 0102 - GDP identity from the expenditure side,2015-Q2,,1.9,,,,,,F,Free (free for publication),1,One,A,Normal value,0,Units,_Z,Not applicable
DATAFLOW,OECD.SDD.NAD:DSD_NAMAIN1@DF_QNA_EXPENDITURE_GROWTH_G20(1.1),Quarterly real GDP growth - G20 countries,I,Q,Quarterly,Y,Calendar and seasonally adjusted,RUS,Russia,S1,Total economy,S1,Total economy,B1GQ,Gross domestic product,_Z,Not applicable,_Z,Not applicable,_Z,Not applicable,PC,Percentage change,L,Chain linked volume,G1,"Growth rate, period on period",T0102,Table 0102 - GDP identity from the expenditure side,2015-Q2,,-0.669807617,,,,,,F,Free (free for publication),1,One,A,Normal value,0,Units,_Z,Not applicable
DATAFLOW,OECD.SDD.NAD:DSD_NAMAIN1@DF_QNA_EXPENDITURE_GROWTH_G20(1.1),Quarterly real GDP growth - G20 countries,I,Q,Quarterly,Y,Calendar and seasonally adjusted,RUS,Russia,S1,Total economy,S1,Total economy,B1GQ,Gross domestic product,_Z,Not applicable,_Z,Not applicable,_Z,Not applicable,PC,Percentage change,L,Chain linked volume,G1,"Growth rate, period on period",T0102,Table 0102 - GDP identity from the expenditure side,2015-Q3,,0.193525875,,,,,,F,Free (free for publication),1,One,A,Normal value,0,Units,_Z,Not applicable
DATAFLOW,OECD.SDD.NAD:DSD_NAMAIN1@DF_QNA_EXPENDITURE_GROWTH_G20(1.1),Quarterly real GDP growth - G20 countries,I,Q,Quarterly,Y,Calendar and seasonally adjusted,CHN,China (People’s Republic of),S1,Total economy,S1,Total economy,B1GQ,Gross domestic product,_Z,Not applicable,_Z,Not applicable,_Z,Not applicable,PC,Percentage change,L,Chain linked volume,G1,"Growth rate, period on period",T0102,Table 0102 - GDP identity from the expenditure side,2015-Q3,,1.7,,,,,,F,Free (free for publication),1,One,A,Normal value,0,Units,_Z,Not applicable
DATAFLOW,OECD.SDD.NAD:DSD_NAMAIN1@DF_QNA_EXPENDITURE_GROWTH_G20(1.1),Quarterly real GDP growth - G20 countries,I,Q,Quarterly,Y,Calendar and seasonally adjusted,SAU,Saudi Arabia,S1,Total economy,S1,Total economy,B1GQ,Gross domestic product,_Z,Not applicable,_Z,Not applicable,_Z,Not applicable,PC,Percentage change,L,Chain linked volume,G1,"Growth rate, period on period",T0102,Table 0102 - GDP identity from the expenditure side,2015-Q3,,-0.033339125,,,,,,F,Free (free for publication),1,One,A,Normal value,0,Units,_Z,Not applicable
DATAFLOW,OECD.SDD.NAD:DSD_NAMAIN1@DF_QNA_EXPENDITURE_GROWTH_G20(1.1),Quarterly real GDP growth - G20 countries,I,Q,Quarterly,Y,Calendar and seasonally adjusted,SAU,Saudi Arabia,S1,Total economy,S1,Total economy,B1GQ,Gross domestic product,_Z,Not applicable,_Z,Not applicable,_Z,Not applicable,PC,Percentage change,L,Chain linked volume,G1,"Growth rate, period on period",T0102,Table 0102 - GDP identity from the expenditure side,2015-Q4,,0.059096198,,,,,,F,Free (free for publication),1,One,A,Normal value,0,Units,_Z,Not applicable
DATAFLOW,OECD.SDD.NAD:DSD_NAMAIN1@DF_QNA_EXPENDITURE_GROWTH_G20(1.1),Quarterly real GDP growth - G20 countries,I,Q,Quarterly,Y,Calendar and seasonally adjusted,CHN,China (People’s Republic of),S1,Total economy,S1,Total economy,B1GQ,Gross domestic product,_Z,Not applicable,_Z,Not applicable,_Z,Not applicable,PC,Percentage change,L,Chain linked volume,G1,"Growth rate, period on period",T0102,Table 0102 - GDP identity from the expenditure side,2015-Q4,,1.6,,,,,,F,Free (free for publication),1,One,A,Normal value,0,Units,_Z,Not applicable
DATAFLOW,OECD.SDD.NAD:DSD_NAMAIN1@DF_QNA_EXPENDITURE_GROWTH_G20(1.1),Quarterly real GDP growth - G20 countries,I,Q,Quarterly,Y,Calendar and seasonally adjusted,RUS,Russia,S1,Total economy,S1,Total economy,B1GQ,Gross domestic product,_Z,Not applicable,_Z,Not applicable,_Z,Not applicable,PC,Percentage change,L,Chain linked volume,G1,"Growth rate, period on period",T0102,Table 0102 - GDP identity from the expenditure side,2015-Q4,,-0.257791317,,,,,,F,Free (free for publication),1,One,A,Normal value,0,Units,_Z,Not applicable
DATAFLOW,OECD.SDD.NAD:DSD_NAMAIN1@DF_QNA_EXPENDITURE_GROWTH_G20(1.1),Quarterly real GDP growth - G20 countries,I,Q,Quarterly,Y,Calendar and seasonally adjusted,RUS,Russia,S1,Total economy,S1,Total economy,B1GQ,Gross domestic product,_Z,Not applicable,_Z,Not applicable,_Z,Not applicable,PC,Percentage change,L,Chain linked volume,G1,"Growth rate, period on period",T0102,Table 0102 - GDP identity from the expenditure side,2016-Q1,,0.190057524,,,,,,F,Free (free for publication),1,One,A,Normal value,0,Units,_Z,Not applicable
DATAFLOW,OECD.SDD.NAD:DSD_NAMAIN1@DF_QNA_EXPENDITURE_GROWTH_G20(1.1),Quarterly real GDP growth - G20 countries,I,Q,Quarterly,Y,Calendar and seasonally adjusted,CHN,China (People’s Republic of),S1,Total economy,S1,Total economy,B1GQ,Gross domestic product,_Z,Not applicable,_Z,Not applicable,_Z,Not applicable,PC,Percentage change,L,Chain linked volume,G1,"Growth rate, period on period",T0102,Table 0102 - GDP identity from the expenditure side,2016-Q1,,1.6,,,,,,F,Free (free for publication),1,One,A,Normal value,0,Units,_Z,Not applicable
DATAFLOW,OECD.SDD.NAD:DSD_NAMAIN1@DF_QNA_EXPENDITURE_GROWTH_G20(1.1),Quarterly real GDP growth - G20 countries,I,Q,Quarterly,Y,Calendar and seasonally adjusted,SAU,Saudi Arabia,S1,Total economy,S1,Total economy,B1GQ,Gross domestic product,_Z,Not applicable,_Z,Not applicable,_Z,Not applicable,PC,Percentage change,L,Chain linked volume,G1,"Growth rate, period on period",T0102,Table 0102 - GDP identity from the expenditure side,2016-Q1,,1.227476096,,,,,,F,Free (free for publication),1,One,A,Normal value,0,Units,_Z,Not applicable
DATAFLOW,OECD.SDD.NAD:DSD_NAMAIN1@DF_QNA_EXPENDITURE_GROWTH_G20(1.1),Quarterly real GDP growth - G20 countries,I,Q,Quarterly,Y,Calendar and seasonally adjusted,SAU,Saudi Arabia,S1,Total economy,S1,Total economy,B1GQ,Gross domestic product,_Z,Not applicable,_Z,Not applicable,_Z,Not applicable,PC,Percentage change,L,Chain linked volume,G1,"Growth rate, period on period",T0102,Table 0102 - GDP identity from the expenditure side,2016-Q2,,-0.135673859,,,,,,F,Free (free for publication),1,One,A,Normal value,0,Units,_Z,Not applicable
DATAFLOW,OECD.SDD.NAD:DSD_NAMAIN1@DF_QNA_EXPENDITURE_GROWTH_G20(1.1),Quarterly real GDP growth - G20 countries,I,Q,Quarterly,Y,Calendar and seasonally adjusted,CHN,China (People’s Republic of),S1,Total economy,S1,Total economy,B1GQ,Gross domestic product,_Z,Not applicable,_Z,Not applicable,_Z,Not applicable,PC,Percentage change,L,Chain linked volume,G1,"Growth rate, period on period",T0102,Table 0102 - GDP identity from the expenditure side,2016-Q2,,1.8,,,,,,F,Free (free for publication),1,One,A,Normal value,0,Units,_Z,Not applicable
DATAFLOW,OECD.SDD.NAD:DSD_NAMAIN1@DF_QNA_EXPENDITURE_GROWTH_G20(1.1),Quarterly real GDP growth - G20 countries,I,Q,Quarterly,Y,Calendar and seasonally adjusted,RUS,Russia,S1,Total economy,S1,Total economy,B1GQ,Gross domestic product,_Z,Not applicable,_Z,Not applicable,_Z,Not applicable,PC,Percentage change,L,Chain linked volume,G1,"Growth rate, period on period",T0102,Table 0102 - GDP identity from the expenditure side,2016-Q2,,0.053848741,,,,,,F,Free (free for publication),1,One,A,Normal value,0,Units,_Z,Not applicable
DATAFLOW,OECD.SDD.NAD:DSD_NAMAIN1@DF_QNA_EXPENDITURE_GROWTH_G20(1.1),Quarterly real GDP growth - G20 countries,I,Q,Quarterly,Y,Calendar and seasonally adjusted,RUS,Russia,S1,Total economy,S1,Total economy,B1GQ,Gross domestic product,_Z,Not applicable,_Z,Not applicable,_Z,Not applicable,PC,Percentage change,L,Chain linked volume,G1,"Growth rate, period on period",T0102,Table 0102 - GDP identity from the expenditure side,2016-Q3,,0.100716464,,,,,,F,Free (free for publication),1,One,A,Normal value,0,Units,_Z,Not applicable
DATAFLOW,OECD.SDD.NAD:DSD_NAMAIN1@DF_QNA_EXPENDITURE_GROWTH_G20(1.1),Quarterly real GDP growth - G20 countries,I,Q,Quarterly,Y,Calendar and seasonally adjusted,CHN,China (People’s Republic of),S1,Total economy,S1,Total economy,B1GQ,Gross domestic product,_Z,Not applicable,_Z,Not applicable,_Z,Not applicable,PC,Percentage change,L,Chain linked volume,G1,"Growth rate, period on period",T0102,Table 0102 - GDP identity from the expenditure side,2016-Q3,,1.7,,,,,,F,Free (free for publication),1,One,A,Normal value,0,Units,_Z,Not applicable
DATAFLOW,OECD.SDD.NAD:DSD_NAMAIN1@DF_QNA_EXPENDITURE_GROWTH_G20(1.1),Quarterly real GDP growth - G20 countries,I,Q,Quarterly,Y,Calendar and seasonally adjusted,SAU,Saudi Arabia,S1,Total economy,S1,Total economy,B1GQ,Gross domestic product,_Z,Not applicable,_Z,Not applicable,_Z,Not applicable,PC,Percentage change,L,Chain linked volume,G1,"Growth rate, period on period",T0102,Table 0102 - GDP identity from the expenditure side,2016-Q3,,-0.112445469,,,,,,F,Free (free for publication),1,One,A,Normal value,0,Units,_Z,Not applicable
DATAFLOW,OECD.SDD.NAD:DSD_NAMAIN1@DF_QNA_EXPENDITURE_GROWTH_G20(1.1),Quarterly real GDP growth - G20 countries,I,Q,Quarterly,Y,Calendar and seasonally adjusted,SAU,Saudi Arabia,S1,Total economy,S1,Total economy,B1GQ,Gross domestic product,_Z,Not applicable,_Z,Not applicable,_Z,Not applicable,PC,Percentage change,L,Chain linked volume,G1,"Growth rate, period on period",T0102,Table 0102 - GDP identity from the expenditure side,2016-Q4,,0.696290928,,,,,,F,Free (free for publication),1,One,A,Normal value,0,Units,_Z,Not applicable
DATAFLOW,OECD.SDD.NAD:DSD_NAMAIN1@DF_QNA_EXPENDITURE_GROWTH_G20(1.1),Quarterly real GDP growth - G20 countries,I,Q,Quarterly,Y,Calendar and seasonally adjusted,CHN,China (People’s Republic of),S1,Total economy,S1,Total economy,B1GQ,Gross domestic product,_Z,Not applicable,_Z,Not applicable,_Z,Not applicable,PC,Percentage change,L,Chain linked volume,G1,"Growth rate, period on period",T0102,Table 0102 - GDP identity from the expenditure side,2016-Q4,,1.5,,,,,,F,Free (free for publication),1,One,A,Normal value,0,Units,_Z,Not applicable
DATAFLOW,OECD.SDD.NAD:DSD_NAMAIN1@DF_QNA_EXPENDITURE_GROWTH_G20(1.1),Quarterly real GDP growth - G20 countries,I,Q,Quarterly,Y,Calendar and seasonally adjusted,RUS,Russia,S1,Total economy,S1,Total economy,B1GQ,Gross domestic product,_Z,Not applicable,_Z,Not applicable,_Z,Not applicable,PC,Percentage change,L,Chain linked volume,G1,"Growth rate, period on period",T0102,Table 0102 - GDP identity from the expenditure side,2016-Q4,,0.825105938,,,,,,F,Free (free for publication),1,One,A,Normal value,0,Units,_Z,Not applicable
DATAFLOW,OECD.SDD.NAD:DSD_NAMAIN1@DF_QNA_EXPENDITURE_GROWTH_G20(1.1),Quarterly real GDP growth - G20 countries,I,Q,Quarterly,Y,Calendar and seasonally adjusted,RUS,Russia,S1,Total economy,S1,Total economy,B1GQ,Gross domestic product,_Z,Not applicable,_Z,Not applicable,_Z,Not applicable,PC,Percentage change,L,Chain linked volume,G1,"Growth rate, period on period",T0102,Table 0102 - GDP identity from the expenditure side,2017-Q1,,0.201684982,,,,,,F,Free (free for publication),1,One,A,Normal value,0,Units,_Z,Not applicable
DATAFLOW,OECD.SDD.NAD:DSD_NAMAIN1@DF_QNA_EXPENDITURE_GROWTH_G20(1.1),Quarterly real GDP growth - G20 countries,I,Q,Quarterly,Y,Calendar and seasonally adjusted,CHN,China (People’s Republic of),S1,Total economy,S1,Total economy,B1GQ,Gross domestic product,_Z,Not applicable,_Z,Not applicable,_Z,Not applicable,PC,Percentage change,L,Chain linked volume,G1,"Growth rate, period on period",T0102,Table 0102 - GDP identity from the expenditure side,2017-Q1,,1.8,,,,,,F,Free (free for publication),1,One,A,Normal value,0,Units,_Z,Not applicable
DATAFLOW,OECD.SDD.NAD:DSD_NAMAIN1@DF_QNA_EXPENDITURE_GROWTH_G20(1.1),Quarterly real GDP growth - G20 countries,I,Q,Quarterly,Y,Calendar and seasonally adjusted,SAU,Saudi Arabia,S1,Total economy,S1,Total economy,B1GQ,Gross domestic product,_Z,Not applicable,_Z,Not applicable,_Z,Not applicable,PC,Percentage change,L,Chain linked volume,G1,"Growth rate, period on period",T0102,Table 0102 - GDP identity from the expenditure side,2017-Q1,,-0.464685702,,,,,,F,Free (free for publication),1,One,A,Normal value,0,Units,_Z,Not applicable
DATAFLOW,OECD.SDD.NAD:DSD_NAMAIN1@DF_QNA_EXPENDITURE_GROWTH_G20(1.1),Quarterly real GDP growth - G20 countries,I,Q,Quarterly,Y,Calendar and seasonally adjusted,SAU,Saudi Arabia,S1,Total economy,S1,Total economy,B1GQ,Gross domestic product,_Z,Not applicable,_Z,Not applicable,_Z,Not applicable,PC,Percentage change,L,Chain linked volume,G1,"Growth rate, period on period",T0102,Table 0102 - GDP identity from the expenditure side,2017-Q2,,0.531648421,,,,,,F,Free (free for publication),1,One,A,Normal value,0,Units,_Z,Not applicable
DATAFLOW,OECD.SDD.NAD:DSD_NAMAIN1@DF_QNA_EXPENDITURE_GROWTH_G20(1.1),Quarterly real GDP growth - G20 countries,I,Q,Quarterly,Y,Calendar and seasonally adjusted,CHN,China (People’s Republic of),S1,Total economy,S1,Total economy,B1GQ,Gross domestic product,_Z,Not applicable,_Z,Not applicable,_Z,Not applicable,PC,Percentage change,L,Chain linked volume,G1,"Growth rate, period on period",T0102,Table 0102 - GDP identity from the expenditure side,2017-Q2,,1.7,,,,,,F,Free (free for publication),1,One,A,Normal value,0,Units,_Z,Not applicable
DATAFLOW,OECD.SDD.NAD:DSD_NAMAIN1@DF_QNA_EXPENDITURE_GROWTH_G20(1.1),Quarterly real GDP growth - G20 countries,I,Q,Quarterly,Y,Calendar and seasonally adjusted,RUS,Russia,S1,Total economy,S1,Total economy,B1GQ,Gross domestic product,_Z,Not applicable,_Z,Not applicable,_Z,Not applicable,PC,Percentage change,L,Chain linked volume,G1,"Growth rate, period on period",T0102,Table 0102 - GDP identity from the expenditure side,2017-Q2,,0.690456285,,,,,,F,Free (free for publication),1,One,A,Normal value,0,Units,_Z,Not applicable
DATAFLOW,OECD.SDD.NAD:DSD_NAMAIN1@DF_QNA_EXPENDITURE_GROWTH_G20(1.1),Quarterly real GDP growth - G20 countries,I,Q,Quarterly,Y,Calendar and seasonally adjusted,RUS,Russia,S1,Total economy,S1,Total economy,B1GQ,Gross domestic product,_Z,Not applicable,_Z,Not applicable,_Z,Not applicable,PC,Percentage change,L,Chain linked volume,G1,"Growth rate, period on period",T0102,Table 0102 - GDP identity from the expenditure side,2017-Q3,,0.679484492,,,,,,F,Free (free for publication),1,One,A,Normal value,0,Units,_Z,Not applicable
DATAFLOW,OECD.SDD.NAD:DSD_NAMAIN1@DF_QNA_EXPENDITURE_GROWTH_G20(1.1),Quarterly real GDP growth - G20 countries,I,Q,Quarterly,Y,Calendar and seasonally adjusted,CHN,China (People’s Republic of),S1,Total economy,S1,Total economy,B1GQ,Gross domestic product,_Z,Not applicable,_Z,Not applicable,_Z,Not applicable,PC,Percentage change,L,Chain linked volume,G1,"Growth rate, period on period",T0102,Table 0102 - GDP identity from the expenditure side,2017-Q3,,1.7,,,,,,F,Free (free for publication),1,One,A,Normal value,0,Units,_Z,Not applicable
DATAFLOW,OECD.SDD.NAD:DSD_NAMAIN1@DF_QNA_EXPENDITURE_GROWTH_G20(1.1),Quarterly real GDP growth - G20 countries,I,Q,Quarterly,Y,Calendar and seasonally adjusted,SAU,Saudi Arabia,S1,Total economy,S1,Total economy,B1GQ,Gross domestic product,_Z,Not applicable,_Z,Not applicable,_Z,Not applicable,PC,Percentage change,L,Chain linked volume,G1,"Growth rate, period on period",T0102,Table 0102 - GDP identity from the expenditure side,2017-Q3,,1.114441536,,,,,,F,Free (free for publication),1,One,A,Normal value,0,Units,_Z,Not applicable
DATAFLOW,OECD.SDD.NAD:DSD_NAMAIN1@DF_QNA_EXPENDITURE_GROWTH_G20(1.1),Quarterly real GDP growth - G20 countries,I,Q,Quarterly,Y,Calendar and seasonally adjusted,SAU,Saudi Arabia,S1,Total economy,S1,Total economy,B1GQ,Gross domestic product,_Z,Not applicable,_Z,Not applicable,_Z,Not applicable,PC,Percentage change,L,Chain linked volume,G1,"Growth rate, period on period",T0102,Table 0102 - GDP identity from the expenditure side,2017-Q4,,1.02111134,,,,,,F,Free (free for publication),1,One,A,Normal value,0,Units,_Z,Not applicable
DATAFLOW,OECD.SDD.NAD:DSD_NAMAIN1@DF_QNA_EXPENDITURE_GROWTH_G20(1.1),Quarterly real GDP growth - G20 countries,I,Q,Quarterly,Y,Calendar and seasonally adjusted,CHN,China (People’s Republic of),S1,Total economy,S1,Total economy,B1GQ,Gross domestic product,_Z,Not applicable,_Z,Not applicable,_Z,Not applicable,PC,Percentage change,L,Chain linked volume,G1,"Growth rate, period on period",T0102,Table 0102 - GDP identity from the expenditure side,2017-Q4,,1.5,,,,,,F,Free (free for publication),1,One,A,Normal value,0,Units,_Z,Not applicable
DATAFLOW,OECD.SDD.NAD:DSD_NAMAIN1@DF_QNA_EXPENDITURE_GROWTH_G20(1.1),Quarterly real GDP growth - G20 countries,I,Q,Quarterly,Y,Calendar and seasonally adjusted,RUS,Russia,S1,Total economy,S1,Total economy,B1GQ,Gross domestic product,_Z,Not applicable,_Z,Not applicable,_Z,Not applicable,PC,Percentage change,L,Chain linked volume,G1,"Growth rate, period on period",T0102,Table 0102 - GDP identity from the expenditure side,2017-Q4,,0.020994643,,,,,,F,Free (free for publication),1,One,A,Normal value,0,Units,_Z,Not applicable
DATAFLOW,OECD.SDD.NAD:DSD_NAMAIN1@DF_QNA_EXPENDITURE_GROWTH_G20(1.1),Quarterly real GDP growth - G20 countries,I,Q,Quarterly,Y,Calendar and seasonally adjusted,RUS,Russia,S1,Total economy,S1,Total economy,B1GQ,Gross domestic product,_Z,Not applicable,_Z,Not applicable,_Z,Not applicable,PC,Percentage change,L,Chain linked volume,G1,"Growth rate, period on period",T0102,Table 0102 - GDP identity from the expenditure side,2018-Q1,,1.356032191,,,,,,F,Free (free for publication),1,One,A,Normal value,0,Units,_Z,Not applicable
DATAFLOW,OECD.SDD.NAD:DSD_NAMAIN1@DF_QNA_EXPENDITURE_GROWTH_G20(1.1),Quarterly real GDP growth - G20 countries,I,Q,Quarterly,Y,Calendar and seasonally adjusted,CHN,China (People’s Republic of),S1,Total economy,S1,Total economy,B1GQ,Gross domestic product,_Z,Not applicable,_Z,Not applicable,_Z,Not applicable,PC,Percentage change,L,Chain linked volume,G1,"Growth rate, period on period",T0102,Table 0102 - GDP identity from the expenditure side,2018-Q1,,1.9,,,,,,F,Free (free for publication),1,One,A,Normal value,0,Units,_Z,Not applicable
DATAFLOW,OECD.SDD.NAD:DSD_NAMAIN1@DF_QNA_EXPENDITURE_GROWTH_G20(1.1),Quarterly real GDP growth - G20 countries,I,Q,Quarterly,Y,Calendar and seasonally adjusted,SAU,Saudi Arabia,S1,Total economy,S1,Total economy,B1GQ,Gross domestic product,_Z,Not applicable,_Z,Not applicable,_Z,Not applicable,PC,Percentage change,L,Chain linked volume,G1,"Growth rate, period on period",T0102,Table 0102 - GDP identity from the expenditure side,2018-Q1,,0.22470126,,,,,,F,Free (free for publication),1,One,A,Normal value,0,Units,_Z,Not applicable
DATAFLOW,OECD.SDD.NAD:DSD_NAMAIN1@DF_QNA_EXPENDITURE_GROWTH_G20(1.1),Quarterly real GDP growth - G20 countries,I,Q,Quarterly,Y,Calendar and seasonally adjusted,SAU,Saudi Arabia,S1,Total economy,S1,Total economy,B1GQ,Gross domestic product,_Z,Not applicable,_Z,Not applicable,_Z,Not applicable,PC,Percentage change,L,Chain linked volume,G1,"Growth rate, period on period",T0102,Table 0102 - GDP identity from the expenditure side,2018-Q2,,1.272328548,,,,,,F,Free (free for publication),1,One,A,Normal value,0,Units,_Z,Not applicable
DATAFLOW,OECD.SDD.NAD:DSD_NAMAIN1@DF_QNA_EXPENDITURE_GROWTH_G20(1.1),Quarterly real GDP growth - G20 countries,I,Q,Quarterly,Y,Calendar and seasonally adjusted,CHN,China (People’s Republic of),S1,Total economy,S1,Total economy,B1GQ,Gross domestic product,_Z,Not applicable,_Z,Not applicable,_Z,Not applicable,PC,Percentage change,L,Chain linked volume,G1,"Growth rate, period on period",T0102,Table 0102 - GDP identity from the expenditure side,2018-Q2,,1.8,,,,,,F,Free (free for publication),1,One,A,Normal value,0,Units,_Z,Not applicable
DATAFLOW,OECD.SDD.NAD:DSD_NAMAIN1@DF_QNA_EXPENDITURE_GROWTH_G20(1.1),Quarterly real GDP growth - G20 countries,I,Q,Quarterly,Y,Calendar and seasonally adjusted,RUS,Russia,S1,Total economy,S1,Total economy,B1GQ,Gross domestic product,_Z,Not applicable,_Z,Not applicable,_Z,Not applicable,PC,Percentage change,L,Chain linked volume,G1,"Growth rate, period on period",T0102,Table 0102 - GDP identity from the expenditure side,2018-Q2,,0.55794654,,,,,,F,Free (free for publication),1,One,A,Normal value,0,Units,_Z,Not applicable
DATAFLOW,OECD.SDD.NAD:DSD_NAMAIN1@DF_QNA_EXPENDITURE_GROWTH_G20(1.1),Quarterly real GDP growth - G20 countries,I,Q,Quarterly,Y,Calendar and seasonally adjusted,RUS,Russia,S1,Total economy,S1,Total economy,B1GQ,Gross domestic product,_Z,Not applicable,_Z,Not applicable,_Z,Not applicable,PC,Percentage change,L,Chain linked volume,G1,"Growth rate, period on period",T0102,Table 0102 - GDP identity from the expenditure side,2018-Q3,,0.241368821,,,,,,F,Free (free for publication),1,One,A,Normal value,0,Units,_Z,Not applicable
DATAFLOW,OECD.SDD.NAD:DSD_NAMAIN1@DF_QNA_EXPENDITURE_GROWTH_G20(1.1),Quarterly real GDP growth - G20 countries,I,Q,Quarterly,Y,Calendar and seasonally adjusted,CHN,China (People’s Republic of),S1,Total economy,S1,Total economy,B1GQ,Gross domestic product,_Z,Not applicable,_Z,Not applicable,_Z,Not applicable,PC,Percentage change,L,Chain linked volume,G1,"Growth rate, period on period",T0102,Table 0102 - GDP identity from the expenditure side,2018-Q3,,1.5,,,,,,F,Free (free for publication),1,One,A,Normal value,0,Units,_Z,Not applicable
DATAFLOW,OECD.SDD.NAD:DSD_NAMAIN1@DF_QNA_EXPENDITURE_GROWTH_G20(1.1),Quarterly real GDP growth - G20 countries,I,Q,Quarterly,Y,Calendar and seasonally adjusted,SAU,Saudi Arabia,S1,Total economy,S1,Total economy,B1GQ,Gross domestic product,_Z,Not applicable,_Z,Not applicable,_Z,Not applicable,PC,Percentage change,L,Chain linked volume,G1,"Growth rate, period on period",T0102,Table 0102 - GDP identity from the expenditure side,2018-Q3,,0.411268087,,,,,,F,Free (free for publication),1,One,A,Normal value,0,Units,_Z,Not applicable
DATAFLOW,OECD.SDD.NAD:DSD_NAMAIN1@DF_QNA_EXPENDITURE_GROWTH_G20(1.1),Quarterly real GDP growth - G20 countries,I,Q,Quarterly,Y,Calendar and seasonally adjusted,SAU,Saudi Arabia,S1,Total economy,S1,Total economy,B1GQ,Gross domestic product,_Z,Not applicable,_Z,Not applicable,_Z,Not applicable,PC,Percentage change,L,Chain linked volume,G1,"Growth rate, period on period",T0102,Table 0102 - GDP identity from the expenditure side,2018-Q4,,1.404638053,,,,,,F,Free (free for publication),1,One,A,Normal value,0,Units,_Z,Not applicable
DATAFLOW,OECD.SDD.NAD:DSD_NAMAIN1@DF_QNA_EXPENDITURE_GROWTH_G20(1.1),Quarterly real GDP growth - G20 countries,I,Q,Quarterly,Y,Calendar and seasonally adjusted,CHN,China (People’s Republic of),S1,Total economy,S1,Total economy,B1GQ,Gross domestic product,_Z,Not applicable,_Z,Not applicable,_Z,Not applicable,PC,Percentage change,L,Chain linked volume,G1,"Growth rate, period on period",T0102,Table 0102 - GDP identity from the expenditure side,2018-Q4,,1.2,,,,,,F,Free (free for publication),1,One,A,Normal value,0,Units,_Z,Not applicable
DATAFLOW,OECD.SDD.NAD:DSD_NAMAIN1@DF_QNA_EXPENDITURE_GROWTH_G20(1.1),Quarterly real GDP growth - G20 countries,I,Q,Quarterly,Y,Calendar and seasonally adjusted,RUS,Russia,S1,Total economy,S1,Total economy,B1GQ,Gross domestic product,_Z,Not applicable,_Z,Not applicable,_Z,Not applicable,PC,Percentage change,L,Chain linked volume,G1,"Growth rate, period on period",T0102,Table 0102 - GDP identity from the expenditure side,2018-Q4,,0.663966548,,,,,,F,Free (free for publication),1,One,A,Normal value,0,Units,_Z,Not applicable
DATAFLOW,OECD.SDD.NAD:DSD_NAMAIN1@DF_QNA_EXPENDITURE_GROWTH_G20(1.1),Quarterly real GDP growth - G20 countries,I,Q,Quarterly,Y,Calendar and seasonally adjusted,RUS,Russia,S1,Total economy,S1,Total economy,B1GQ,Gross domestic product,_Z,Not applicable,_Z,Not applicable,_Z,Not applicable,PC,Percentage change,L,Chain linked volume,G1,"Growth rate, period on period",T0102,Table 0102 - GDP identity from the expenditure side,2019-Q1,,-0.038077851,,,,,,F,Free (free for publication),1,One,A,Normal value,0,Units,_Z,Not applicable
DATAFLOW,OECD.SDD.NAD:DSD_NAMAIN1@DF_QNA_EXPENDITURE_GROWTH_G20(1.1),Quarterly real GDP growth - G20 countries,I,Q,Quarterly,Y,Calendar and seasonally adjusted,CHN,China (People’s Republic of),S1,Total economy,S1,Total economy,B1GQ,Gross domestic product,_Z,Not applicable,_Z,Not applicable,_Z,Not applicable,PC,Percentage change,L,Chain linked volume,G1,"Growth rate, period on period",T0102,Table 0102 - GDP identity from the expenditure side,2019-Q1,,1.8,,,,,,F,Free (free for publication),1,One,A,Normal value,0,Units,_Z,Not applicable
DATAFLOW,OECD.SDD.NAD:DSD_NAMAIN1@DF_QNA_EXPENDITURE_GROWTH_G20(1.1),Quarterly real GDP growth - G20 countries,I,Q,Quarterly,Y,Calendar and seasonally adjusted,SAU,Saudi Arabia,S1,Total economy,S1,Total economy,B1GQ,Gross domestic product,_Z,Not applicable,_Z,Not applicable,_Z,Not applicable,PC,Percentage change,L,Chain linked volume,G1,"Growth rate, period on period",T0102,Table 0102 - GDP identity from the expenditure side,2019-Q1,,0.161220383,,,,,,F,Free (free for publication),1,One,A,Normal value,0,Units,_Z,Not applicable
DATAFLOW,OECD.SDD.NAD:DSD_NAMAIN1@DF_QNA_EXPENDITURE_GROWTH_G20(1.1),Quarterly real GDP growth - G20 countries,I,Q,Quarterly,Y,Calendar and seasonally adjusted,SAU,Saudi Arabia,S1,Total economy,S1,Total economy,B1GQ,Gross domestic product,_Z,Not applicable,_Z,Not applicable,_Z,Not applicable,PC,Percentage change,L,Chain linked volume,G1,"Growth rate, period on period",T0102,Table 0102 - GDP identity from the expenditure side,2019-Q2,,-0.11827345,,,,,,F,Free (free for publication),1,One,A,Normal value,0,Units,_Z,Not applicable
DATAFLOW,OECD.SDD.NAD:DSD_NAMAIN1@DF_QNA_EXPENDITURE_GROWTH_G20(1.1),Quarterly real GDP growth - G20 countries,I,Q,Quarterly,Y,Calendar and seasonally adjusted,CHN,China (People’s Republic of),S1,Total economy,S1,Total economy,B1GQ,Gross domestic product,_Z,Not applicable,_Z,Not applicable,_Z,Not applicable,PC,Percentage change,L,Chain linked volume,G1,"Growth rate, period on period",T0102,Table 0102 - GDP identity from the expenditure side,2019-Q2,,1.6,,,,,,F,Free (free for publication),1,One,A,Normal value,0,Units,_Z,Not applicable
DATAFLOW,OECD.SDD.NAD:DSD_NAMAIN1@DF_QNA_EXPENDITURE_GROWTH_G20(1.1),Quarterly real GDP growth - G20 countries,I,Q,Quarterly,Y,Calendar and seasonally adjusted,RUS,Russia,S1,Total economy,S1,Total economy,B1GQ,Gross domestic product,_Z,Not applicable,_Z,Not applicable,_Z,Not applicable,PC,Percentage change,L,Chain linked volume,G1,"Growth rate, period on period",T0102,Table 0102 - GDP identity from the expenditure side,2019-Q2,,2.261719554,,,,,,F,Free (free for publication),1,One,A,Normal value,0,Units,_Z,Not applicable
DATAFLOW,OECD.SDD.NAD:DSD_NAMAIN1@DF_QNA_EXPENDITURE_GROWTH_G20(1.1),Quarterly real GDP growth - G20 countries,I,Q,Quarterly,Y,Calendar and seasonally adjusted,RUS,Russia,S1,Total economy,S1,Total economy,B1GQ,Gross domestic product,_Z,Not applicable,_Z,Not applicable,_Z,Not applicable,PC,Percentage change,L,Chain linked volume,G1,"Growth rate, period on period",T0102,Table 0102 - GDP identity from the expenditure side,2019-Q3,,-0.978355601,,,,,,F,Free (free for publication),1,One,A,Normal value,0,Units,_Z,Not applicable
DATAFLOW,OECD.SDD.NAD:DSD_NAMAIN1@DF_QNA_EXPENDITURE_GROWTH_G20(1.1),Quarterly real GDP growth - G20 countries,I,Q,Quarterly,Y,Calendar and seasonally adjusted,CHN,China (People’s Republic of),S1,Total economy,S1,Total economy,B1GQ,Gross domestic product,_Z,Not applicable,_Z,Not applicable,_Z,Not applicable,PC,Percentage change,L,Chain linked volume,G1,"Growth rate, period on period",T0102,Table 0102 - GDP identity from the expenditure side,2019-Q3,,1.4,,,,,,F,Free (free for publication),1,One,A,Normal value,0,Units,_Z,Not applicable
DATAFLOW,OECD.SDD.NAD:DSD_NAMAIN1@DF_QNA_EXPENDITURE_GROWTH_G20(1.1),Quarterly real GDP growth - G20 countries,I,Q,Quarterly,Y,Calendar and seasonally adjusted,SAU,Saudi Arabia,S1,Total economy,S1,Total economy,B1GQ,Gross domestic product,_Z,Not applicable,_Z,Not applicable,_Z,Not applicable,PC,Percentage change,L,Chain linked volume,G1,"Growth rate, period on period",T0102,Table 0102 - GDP identity from the expenditure side,2019-Q3,,-0.557917539,,,,,,F,Free (free for publication),1,One,A,Normal value,0,Units,_Z,Not applicable
DATAFLOW,OECD.SDD.NAD:DSD_NAMAIN1@DF_QNA_EXPENDITURE_GROWTH_G20(1.1),Quarterly real GDP growth - G20 countries,I,Q,Quarterly,Y,Calendar and seasonally adjusted,SAU,Saudi Arabia,S1,Total economy,S1,Total economy,B1GQ,Gross domestic product,_Z,Not applicable,_Z,Not applicable,_Z,Not applicable,PC,Percentage change,L,Chain linked volume,G1,"Growth rate, period on period",T0102,Table 0102 - GDP identity from the expenditure side,2019-Q4,,1.139367831,,,,,,F,Free (free for publication),1,One,A,Normal value,0,Units,_Z,Not applicable
DATAFLOW,OECD.SDD.NAD:DSD_NAMAIN1@DF_QNA_EXPENDITURE_GROWTH_G20(1.1),Quarterly real GDP growth - G20 countries,I,Q,Quarterly,Y,Calendar and seasonally adjusted,CHN,China (People’s Republic of),S1,Total economy,S1,Total economy,B1GQ,Gross domestic product,_Z,Not applicable,_Z,Not applicable,_Z,Not applicable,PC,Percentage change,L,Chain linked volume,G1,"Growth rate, period on period",T0102,Table 0102 - GDP identity from the expenditure side,2019-Q4,,0.9,,,,,,F,Free (free for publication),1,One,A,Normal value,0,Units,_Z,Not applicable
DATAFLOW,OECD.SDD.NAD:DSD_NAMAIN1@DF_QNA_EXPENDITURE_GROWTH_G20(1.1),Quarterly real GDP growth - G20 countries,I,Q,Quarterly,Y,Calendar and seasonally adjusted,RUS,Russia,S1,Total economy,S1,Total economy,B1GQ,Gross domestic product,_Z,Not applicable,_Z,Not applicable,_Z,Not applicable,PC,Percentage change,L,Chain linked volume,G1,"Growth rate, period on period",T0102,Table 0102 - GDP identity from the expenditure side,2019-Q4,,-0.452487734,,,,,,F,Free (free for publication),1,One,A,Normal value,0,Units,_Z,Not applicable
DATAFLOW,OECD.SDD.NAD:DSD_NAMAIN1@DF_QNA_EXPENDITURE_GROWTH_G20(1.1),Quarterly real GDP growth - G20 countries,I,Q,Quarterly,Y,Calendar and seasonally adjusted,RUS,Russia,S1,Total economy,S1,Total economy,B1GQ,Gross domestic product,_Z,Not applicable,_Z,Not applicable,_Z,Not applicable,PC,Percentage change,L,Chain linked volume,G1,"Growth rate, period on period",T0102,Table 0102 - GDP identity from the expenditure side,2020-Q1,,-0.196323318,,,,,,F,Free (free for publication),1,One,A,Normal value,0,Units,_Z,Not applicable
DATAFLOW,OECD.SDD.NAD:DSD_NAMAIN1@DF_QNA_EXPENDITURE_GROWTH_G20(1.1),Quarterly real GDP growth - G20 countries,I,Q,Quarterly,Y,Calendar and seasonally adjusted,CHN,China (People’s Republic of),S1,Total economy,S1,Total economy,B1GQ,Gross domestic product,_Z,Not applicable,_Z,Not applicable,_Z,Not applicable,PC,Percentage change,L,Chain linked volume,G1,"Growth rate, period on period",T0102,Table 0102 - GDP identity from the expenditure side,2020-Q1,,-10.5,,,,,,F,Free (free for publication),1,One,A,Normal value,0,Units,_Z,Not applicable
DATAFLOW,OECD.SDD.NAD:DSD_NAMAIN1@DF_QNA_EXPENDITURE_GROWTH_G20(1.1),Quarterly real GDP growth - G20 countries,I,Q,Quarterly,Y,Calendar and seasonally adjusted,SAU,Saudi Arabia,S1,Total economy,S1,Total economy,B1GQ,Gross domestic product,_Z,Not applicable,_Z,Not applicable,_Z,Not applicable,PC,Percentage change,L,Chain linked volume,G1,"Growth rate, period on period",T0102,Table 0102 - GDP identity from the expenditure side,2020-Q1,,-2.240105923,,,,,,F,Free (free for publication),1,One,A,Normal value,0,Units,_Z,Not applicable
DATAFLOW,OECD.SDD.NAD:DSD_NAMAIN1@DF_QNA_EXPENDITURE_GROWTH_G20(1.1),Quarterly real GDP growth - G20 countries,I,Q,Quarterly,Y,Calendar and seasonally adjusted,SAU,Saudi Arabia,S1,Total economy,S1,Total economy,B1GQ,Gross domestic product,_Z,Not applicable,_Z,Not applicable,_Z,Not applicable,PC,Percentage change,L,Chain linked volume,G1,"Growth rate, period on period",T0102,Table 0102 - GDP identity from the expenditure side,2020-Q2,,-5.070261883,,,,,,F,Free (free for publication),1,One,A,Normal value,0,Units,_Z,Not applicable
DATAFLOW,OECD.SDD.NAD:DSD_NAMAIN1@DF_QNA_EXPENDITURE_GROWTH_G20(1.1),Quarterly real GDP growth - G20 countries,I,Q,Quarterly,Y,Calendar and seasonally adjusted,CHN,China (People’s Republic of),S1,Total economy,S1,Total economy,B1GQ,Gross domestic product,_Z,Not applicable,_Z,Not applicable,_Z,Not applicable,PC,Percentage change,L,Chain linked volume,G1,"Growth rate, period on period",T0102,Table 0102 - GDP identity from the expenditure side,2020-Q2,,12.8,,,,,,F,Free (free for publication),1,One,A,Normal value,0,Units,_Z,Not applicable
DATAFLOW,OECD.SDD.NAD:DSD_NAMAIN1@DF_QNA_EXPENDITURE_GROWTH_G20(1.1),Quarterly real GDP growth - G20 countries,I,Q,Quarterly,Y,Calendar and seasonally adjusted,RUS,Russia,S1,Total economy,S1,Total economy,B1GQ,Gross domestic product,_Z,Not applicable,_Z,Not applicable,_Z,Not applicable,PC,Percentage change,L,Chain linked volume,G1,"Growth rate, period on period",T0102,Table 0102 - GDP identity from the expenditure side,2020-Q2,,-4.485002074,,,,,,F,Free (free for publication),1,One,A,Normal value,0,Units,_Z,Not applicable
DATAFLOW,OECD.SDD.NAD:DSD_NAMAIN1@DF_QNA_EXPENDITURE_GROWTH_G20(1.1),Quarterly real GDP growth - G20 countries,I,Q,Quarterly,Y,Calendar and seasonally adjusted,RUS,Russia,S1,Total economy,S1,Total economy,B1GQ,Gross domestic product,_Z,Not applicable,_Z,Not applicable,_Z,Not applicable,PC,Percentage change,L,Chain linked volume,G1,"Growth rate, period on period",T0102,Table 0102 - GDP identity from the expenditure side,2020-Q3,,2.7780786,,,,,,F,Free (free for publication),1,One,A,Normal value,0,Units,_Z,Not applicable
DATAFLOW,OECD.SDD.NAD:DSD_NAMAIN1@DF_QNA_EXPENDITURE_GROWTH_G20(1.1),Quarterly real GDP growth - G20 countries,I,Q,Quarterly,Y,Calendar and seasonally adjusted,CHN,China (People’s Republic of),S1,Total economy,S1,Total economy,B1GQ,Gross domestic product,_Z,Not applicable,_Z,Not applicable,_Z,Not applicable,PC,Percentage change,L,Chain linked volume,G1,"Growth rate, period on period",T0102,Table 0102 - GDP identity from the expenditure side,2020-Q3,,3,,,,,,F,Free (free for publication),1,One,A,Normal value,0,Units,_Z,Not applicable
DATAFLOW,OECD.SDD.NAD:DSD_NAMAIN1@DF_QNA_EXPENDITURE_GROWTH_G20(1.1),Quarterly real GDP growth - G20 countries,I,Q,Quarterly,Y,Calendar and seasonally adjusted,SAU,Saudi Arabia,S1,Total economy,S1,Total economy,B1GQ,Gross domestic product,_Z,Not applicable,_Z,Not applicable,_Z,Not applicable,PC,Percentage change,L,Chain linked volume,G1,"Growth rate, period on period",T0102,Table 0102 - GDP identity from the expenditure side,2020-Q3,,2.533329581,,,,,,F,Free (free for publication),1,One,A,Normal value,0,Units,_Z,Not applicable
DATAFLOW,OECD.SDD.NAD:DSD_NAMAIN1@DF_QNA_EXPENDITURE_GROWTH_G20(1.1),Quarterly real GDP growth - G20 countries,I,Q,Quarterly,Y,Calendar and seasonally adjusted,SAU,Saudi Arabia,S1,Total economy,S1,Total economy,B1GQ,Gross domestic product,_Z,Not applicable,_Z,Not applicable,_Z,Not applicable,PC,Percentage change,L,Chain linked volume,G1,"Growth rate, period on period",T0102,Table 0102 - GDP identity from the expenditure side,2020-Q4,,1.932523725,,,,,,F,Free (free for publication),1,One,A,Normal value,0,Units,_Z,Not applicable
DATAFLOW,OECD.SDD.NAD:DSD_NAMAIN1@DF_QNA_EXPENDITURE_GROWTH_G20(1.1),Quarterly real GDP growth - G20 countries,I,Q,Quarterly,Y,Calendar and seasonally adjusted,CHN,China (People’s Republic of),S1,Total economy,S1,Total economy,B1GQ,Gross domestic product,_Z,Not applicable,_Z,Not applicable,_Z,Not applicable,PC,Percentage change,L,Chain linked volume,G1,"Growth rate, period on period",T0102,Table 0102 - GDP identity from the expenditure side,2020-Q4,,2.3,,,,,,F,Free (free for publication),1,One,A,Normal value,0,Units,_Z,Not applicable
DATAFLOW,OECD.SDD.NAD:DSD_NAMAIN1@DF_QNA_EXPENDITURE_GROWTH_G20(1.1),Quarterly real GDP growth - G20 countries,I,Q,Quarterly,Y,Calendar and seasonally adjusted,RUS,Russia,S1,Total economy,S1,Total economy,B1GQ,Gross domestic product,_Z,Not applicable,_Z,Not applicable,_Z,Not applicable,PC,Percentage change,L,Chain linked volume,G1,"Growth rate, period on period",T0102,Table 0102 - GDP identity from the expenditure side,2020-Q4,,0.739743224,,,,,,F,Free (free for publication),1,One,A,Normal value,0,Units,_Z,Not applicable
DATAFLOW,OECD.SDD.NAD:DSD_NAMAIN1@DF_QNA_EXPENDITURE_GROWTH_G20(1.1),Quarterly real GDP growth - G20 countries,I,Q,Quarterly,Y,Calendar and seasonally adjusted,RUS,Russia,S1,Total economy,S1,Total economy,B1GQ,Gross domestic product,_Z,Not applicable,_Z,Not applicable,_Z,Not applicable,PC,Percentage change,L,Chain linked volume,G1,"Growth rate, period on period",T0102,Table 0102 - GDP identity from the expenditure side,2021-Q1,,0.680789326,,,,,,F,Free (free for publication),1,One,A,Normal value,0,Units,_Z,Not applicable
DATAFLOW,OECD.SDD.NAD:DSD_NAMAIN1@DF_QNA_EXPENDITURE_GROWTH_G20(1.1),Quarterly real GDP growth - G20 countries,I,Q,Quarterly,Y,Calendar and seasonally adjusted,CHN,China (People’s Republic of),S1,Total economy,S1,Total economy,B1GQ,Gross domestic product,_Z,Not applicable,_Z,Not applicable,_Z,Not applicable,PC,Percentage change,L,Chain linked volume,G1,"Growth rate, period on period",T0102,Table 0102 - GDP identity from the expenditure side,2021-Q1,,0,,,,,,F,Free (free for publication),1,One,A,Normal value,0,Units,_Z,Not applicable
DATAFLOW,OECD.SDD.NAD:DSD_NAMAIN1@DF_QNA_EXPENDITURE_GROWTH_G20(1.1),Quarterly real GDP growth - G20 countries,I,Q,Quarterly,Y,Calendar and seasonally adjusted,SAU,Saudi Arabia,S1,Total economy,S1,Total economy,B1GQ,Gross domestic product,_Z,Not applicable,_Z,Not applicable,_Z,Not applicable,PC,Percentage change,L,Chain linked volume,G1,"Growth rate, period on period",T0102,Table 0102 - GDP identity from the expenditure side,2021-Q1,,1.600083686,,,,,,F,Free (free for publication),1,One,A,Normal value,0,Units,_Z,Not applicable
DATAFLOW,OECD.SDD.NAD:DSD_NAMAIN1@DF_QNA_EXPENDITURE_GROWTH_G20(1.1),Quarterly real GDP growth - G20 countries,I,Q,Quarterly,Y,Calendar and seasonally adjusted,SAU,Saudi Arabia,S1,Total economy,S1,Total economy,B1GQ,Gross domestic product,_Z,Not applicable,_Z,Not applicable,_Z,Not applicable,PC,Percentage change,L,Chain linked volume,G1,"Growth rate, period on period",T0102,Table 0102 - GDP identity from the expenditure side,2021-Q2,,0.964156577,,,,,,F,Free (free for publication),1,One,A,Normal value,0,Units,_Z,Not applicable
DATAFLOW,OECD.SDD.NAD:DSD_NAMAIN1@DF_QNA_EXPENDITURE_GROWTH_G20(1.1),Quarterly real GDP growth - G20 countries,I,Q,Quarterly,Y,Calendar and seasonally adjusted,CHN,China (People’s Republic of),S1,Total economy,S1,Total economy,B1GQ,Gross domestic product,_Z,Not applicable,_Z,Not applicable,_Z,Not applicable,PC,Percentage change,L,Chain linked volume,G1,"Growth rate, period on period",T0102,Table 0102 - GDP identity from the expenditure side,2021-Q2,,2.7,,,,,,F,Free (free for publication),1,One,A,Normal value,0,Units,_Z,Not applicable
DATAFLOW,OECD.SDD.NAD:DSD_NAMAIN1@DF_QNA_EXPENDITURE_GROWTH_G20(1.1),Quarterly real GDP growth - G20 countries,I,Q,Quarterly,Y,Calendar and seasonally adjusted,RUS,Russia,S1,Total economy,S1,Total economy,B1GQ,Gross domestic product,_Z,Not applicable,_Z,Not applicable,_Z,Not applicable,PC,Percentage change,L,Chain linked volume,G1,"Growth rate, period on period",T0102,Table 0102 - GDP identity from the expenditure side,2021-Q2,,3.190933741,,,,,,F,Free (free for publication),1,One,A,Normal value,0,Units,_Z,Not applicable
DATAFLOW,OECD.SDD.NAD:DSD_NAMAIN1@DF_QNA_EXPENDITURE_GROWTH_G20(1.1),Quarterly real GDP growth - G20 countries,I,Q,Quarterly,Y,Calendar and seasonally adjusted,RUS,Russia,S1,Total economy,S1,Total economy,B1GQ,Gross domestic product,_Z,Not applicable,_Z,Not applicable,_Z,Not applicable,PC,Percentage change,L,Chain linked volume,G1,"Growth rate, period on period",T0102,Table 0102 - GDP identity from the expenditure side,2021-Q3,,-0.794505895,,,,,,F,Free (free for publication),1,One,A,Normal value,0,Units,_Z,Not applicable
DATAFLOW,OECD.SDD.NAD:DSD_NAMAIN1@DF_QNA_EXPENDITURE_GROWTH_G20(1.1),Quarterly real GDP growth - G20 countries,I,Q,Quarterly,Y,Calendar and seasonally adjusted,CHN,China (People’s Republic of),S1,Total economy,S1,Total economy,B1GQ,Gross domestic product,_Z,Not applicable,_Z,Not applicable,_Z,Not applicable,PC,Percentage change,L,Chain linked volume,G1,"Growth rate, period on period",T0102,Table 0102 - GDP identity from the expenditure side,2021-Q3,,0.3,,,,,,F,Free (free for publication),1,One,A,Normal value,0,Units,_Z,Not applicable
DATAFLOW,OECD.SDD.NAD:DSD_NAMAIN1@DF_QNA_EXPENDITURE_GROWTH_G20(1.1),Quarterly real GDP growth - G20 countries,I,Q,Quarterly,Y,Calendar and seasonally adjusted,SAU,Saudi Arabia,S1,Total economy,S1,Total economy,B1GQ,Gross domestic product,_Z,Not applicable,_Z,Not applicable,_Z,Not applicable,PC,Percentage change,L,Chain linked volume,G1,"Growth rate, period on period",T0102,Table 0102 - GDP identity from the expenditure side,2021-Q3,,4.047579863,,,,,,F,Free (free for publication),1,One,A,Normal value,0,Units,_Z,Not applicable
DATAFLOW,OECD.SDD.NAD:DSD_NAMAIN1@DF_QNA_EXPENDITURE_GROWTH_G20(1.1),Quarterly real GDP growth - G20 countries,I,Q,Quarterly,Y,Calendar and seasonally adjusted,SAU,Saudi Arabia,S1,Total economy,S1,Total economy,B1GQ,Gross domestic product,_Z,Not applicable,_Z,Not applicable,_Z,Not applicable,PC,Percentage change,L,Chain linked volume,G1,"Growth rate, period on period",T0102,Table 0102 - GDP identity from the expenditure side,2021-Q4,,2.488969022,,,,,,F,Free (free for publication),1,One,A,Normal value,0,Units,_Z,Not applicable
DATAFLOW,OECD.SDD.NAD:DSD_NAMAIN1@DF_QNA_EXPENDITURE_GROWTH_G20(1.1),Quarterly real GDP growth - G20 countries,I,Q,Quarterly,Y,Calendar and seasonally adjusted,CHN,China (People’s Republic of),S1,Total economy,S1,Total economy,B1GQ,Gross domestic product,_Z,Not applicable,_Z,Not applicable,_Z,Not applicable,PC,Percentage change,L,Chain linked volume,G1,"Growth rate, period on period",T0102,Table 0102 - GDP identity from the expenditure side,2021-Q4,,1.4,,,,,,F,Free (free for publication),1,One,A,Normal value,0,Units,_Z,Not applicable
DATAFLOW,OECD.SDD.NAD:DSD_NAMAIN1@DF_QNA_EXPENDITURE_GROWTH_G20(1.1),Quarterly real GDP growth - G20 countries,I,Q,Quarterly,Y,Calendar and seasonally adjusted,SAU,Saudi Arabia,S1,Total economy,S1,Total economy,B1GQ,Gross domestic product,_Z,Not applicable,_Z,Not applicable,_Z,Not applicable,PC,Percentage change,L,Chain linked volume,G1,"Growth rate, period on period",T0102,Table 0102 - GDP identity from the expenditure side,2022-Q1,,4.136320771,,,,,,F,Free (free for publication),1,One,A,Normal value,0,Units,_Z,Not applicable
DATAFLOW,OECD.SDD.NAD:DSD_NAMAIN1@DF_QNA_EXPENDITURE_GROWTH_G20(1.1),Quarterly real GDP growth - G20 countries,I,Q,Quarterly,Y,Calendar and seasonally adjusted,CHN,China (People’s Republic of),S1,Total economy,S1,Total economy,B1GQ,Gross domestic product,_Z,Not applicable,_Z,Not applicable,_Z,Not applicable,PC,Percentage change,L,Chain linked volume,G1,"Growth rate, period on period",T0102,Table 0102 - GDP identity from the expenditure side,2022-Q1,,0.1,,,,,,F,Free (free for publication),1,One,A,Normal value,0,Units,_Z,Not applicable
DATAFLOW,OECD.SDD.NAD:DSD_NAMAIN1@DF_QNA_EXPENDITURE_GROWTH_G20(1.1),Quarterly real GDP growth - G20 countries,I,Q,Quarterly,Y,Calendar and seasonally adjusted,CHN,China (People’s Republic of),S1,Total economy,S1,Total economy,B1GQ,Gross domestic product,_Z,Not applicable,_Z,Not applicable,_Z,Not applicable,PC,Percentage change,L,Chain linked volume,G1,"Growth rate, period on period",T0102,Table 0102 - GDP identity from the expenditure side,2022-Q2,,-0.8,,,,,,F,Free (free for publication),1,One,A,Normal value,0,Units,_Z,Not applicable
DATAFLOW,OECD.SDD.NAD:DSD_NAMAIN1@DF_QNA_EXPENDITURE_GROWTH_G20(1.1),Quarterly real GDP growth - G20 countries,I,Q,Quarterly,Y,Calendar and seasonally adjusted,SAU,Saudi Arabia,S1,Total economy,S1,Total economy,B1GQ,Gross domestic product,_Z,Not applicable,_Z,Not applicable,_Z,Not applicable,PC,Percentage change,L,Chain linked volume,G1,"Growth rate, period on period",T0102,Table 0102 - GDP identity from the expenditure side,2022-Q2,,2.771398074,,,,,,F,Free (free for publication),1,One,A,Normal value,0,Units,_Z,Not applicable
DATAFLOW,OECD.SDD.NAD:DSD_NAMAIN1@DF_QNA_EXPENDITURE_GROWTH_G20(1.1),Quarterly real GDP growth - G20 countries,I,Q,Quarterly,Y,Calendar and seasonally adjusted,SAU,Saudi Arabia,S1,Total economy,S1,Total economy,B1GQ,Gross domestic product,_Z,Not applicable,_Z,Not applicable,_Z,Not applicable,PC,Percentage change,L,Chain linked volume,G1,"Growth rate, period on period",T0102,Table 0102 - GDP identity from the expenditure side,2022-Q3,,2.322521969,,,,,,F,Free (free for publication),1,One,A,Normal value,0,Units,_Z,Not applicable
DATAFLOW,OECD.SDD.NAD:DSD_NAMAIN1@DF_QNA_EXPENDITURE_GROWTH_G20(1.1),Quarterly real GDP growth - G20 countries,I,Q,Quarterly,Y,Calendar and seasonally adjusted,CHN,China (People’s Republic of),S1,Total economy,S1,Total economy,B1GQ,Gross domestic product,_Z,Not applicable,_Z,Not applicable,_Z,Not applicable,PC,Percentage change,L,Chain linked volume,G1,"Growth rate, period on period",T0102,Table 0102 - GDP identity from the expenditure side,2022-Q3,,3.2,,,,,,F,Free (free for publication),1,One,A,Normal value,0,Units,_Z,Not applicable
DATAFLOW,OECD.SDD.NAD:DSD_NAMAIN1@DF_QNA_EXPENDITURE_GROWTH_G20(1.1),Quarterly real GDP growth - G20 countries,I,Q,Quarterly,Y,Calendar and seasonally adjusted,CHN,China (People’s Republic of),S1,Total economy,S1,Total economy,B1GQ,Gross domestic product,_Z,Not applicable,_Z,Not applicable,_Z,Not applicable,PC,Percentage change,L,Chain linked volume,G1,"Growth rate, period on period",T0102,Table 0102 - GDP identity from the expenditure side,2022-Q4,,0.5,,,,,,F,Free (free for publication),1,One,A,Normal value,0,Units,_Z,Not applicable
DATAFLOW,OECD.SDD.NAD:DSD_NAMAIN1@DF_QNA_EXPENDITURE_GROWTH_G20(1.1),Quarterly real GDP growth - G20 countries,I,Q,Quarterly,Y,Calendar and seasonally adjusted,SAU,Saudi Arabia,S1,Total economy,S1,Total economy,B1GQ,Gross domestic product,_Z,Not applicable,_Z,Not applicable,_Z,Not applicable,PC,Percentage change,L,Chain linked volume,G1,"Growth rate, period on period",T0102,Table 0102 - GDP identity from the expenditure side,2022-Q4,,0.148542031,,,,,,F,Free (free for publication),1,One,A,Normal value,0,Units,_Z,Not applicable
DATAFLOW,OECD.SDD.NAD:DSD_NAMAIN1@DF_QNA_EXPENDITURE_GROWTH_G20(1.1),Quarterly real GDP growth - G20 countries,I,Q,Quarterly,Y,Calendar and seasonally adjusted,SAU,Saudi Arabia,S1,Total economy,S1,Total economy,B1GQ,Gross domestic product,_Z,Not applicable,_Z,Not applicable,_Z,Not applicable,PC,Percentage change,L,Chain linked volume,G1,"Growth rate, period on period",T0102,Table 0102 - GDP identity from the expenditure side,2023-Q1,,0.375552645,,,,,,F,Free (free for publication),1,One,A,Normal value,0,Units,_Z,Not applicable
DATAFLOW,OECD.SDD.NAD:DSD_NAMAIN1@DF_QNA_EXPENDITURE_GROWTH_G20(1.1),Quarterly real GDP growth - G20 countries,I,Q,Quarterly,Y,Calendar and seasonally adjusted,CHN,China (People’s Republic of),S1,Total economy,S1,Total economy,B1GQ,Gross domestic product,_Z,Not applicable,_Z,Not applicable,_Z,Not applicable,PC,Percentage change,L,Chain linked volume,G1,"Growth rate, period on period",T0102,Table 0102 - GDP identity from the expenditure side,2023-Q1,,1.6,,,,,,F,Free (free for publication),1,One,A,Normal value,0,Units,_Z,Not applicable
DATAFLOW,OECD.SDD.NAD:DSD_NAMAIN1@DF_QNA_EXPENDITURE_GROWTH_G20(1.1),Quarterly real GDP growth - G20 countries,I,Q,Quarterly,Y,Calendar and seasonally adjusted,SAU,Saudi Arabia,S1,Total economy,S1,Total economy,B1GQ,Gross domestic product,_Z,Not applicable,_Z,Not applicable,_Z,Not applicable,PC,Percentage change,L,Chain linked volume,G1,"Growth rate, period on period",T0102,Table 0102 - GDP identity from the expenditure side,2023-Q2,,-0.557350795,,,,,,F,Free (free for publication),1,One,A,Normal value,0,Units,_Z,Not applicable
DATAFLOW,OECD.SDD.NAD:DSD_NAMAIN1@DF_QNA_EXPENDITURE_GROWTH_G20(1.1),Quarterly real GDP growth - G20 countries,I,Q,Quarterly,Y,Calendar and seasonally adjusted,CHN,China (People’s Republic of),S1,Total economy,S1,Total economy,B1GQ,Gross domestic product,_Z,Not applicable,_Z,Not applicable,_Z,Not applicable,PC,Percentage change,L,Chain linked volume,G1,"Growth rate, period on period",T0102,Table 0102 - GDP identity from the expenditure side,2023-Q2,,1.2,,,,,,F,Free (free for publication),1,One,A,Normal value,0,Units,_Z,Not applicable
DATAFLOW,OECD.SDD.NAD:DSD_NAMAIN1@DF_QNA_EXPENDITURE_GROWTH_G20(1.1),Quarterly real GDP growth - G20 countries,I,Q,Quarterly,Y,Calendar and seasonally adjusted,SAU,Saudi Arabia,S1,Total economy,S1,Total economy,B1GQ,Gross domestic product,_Z,Not applicable,_Z,Not applicable,_Z,Not applicable,PC,Percentage change,L,Chain linked volume,G1,"Growth rate, period on period",T0102,Table 0102 - GDP identity from the expenditure side,2023-Q3,,-2.797961879,,,,,,F,Free (free for publication),1,One,A,Normal value,0,Units,_Z,Not applicable
DATAFLOW,OECD.SDD.NAD:DSD_NAMAIN1@DF_QNA_EXPENDITURE_GROWTH_G20(1.1),Quarterly real GDP growth - G20 countries,I,Q,Quarterly,Y,Calendar and seasonally adjusted,CHN,China (People’s Republic of),S1,Total economy,S1,Total economy,B1GQ,Gross domestic product,_Z,Not applicable,_Z,Not applicable,_Z,Not applicable,PC,Percentage change,L,Chain linked volume,G1,"Growth rate, period on period",T0102,Table 0102 - GDP identity from the expenditure side,2023-Q3,,1.6,,,,,,F,Free (free for publication),1,One,A,Normal value,0,Units,_Z,Not applicable
DATAFLOW,OECD.SDD.NAD:DSD_NAMAIN1@DF_QNA_EXPENDITURE_GROWTH_G20(1.1),Quarterly real GDP growth - G20 countries,I,Q,Quarterly,Y,Calendar and seasonally adjusted,CHN,China (People’s Republic of),S1,Total economy,S1,Total economy,B1GQ,Gross domestic product,_Z,Not applicable,_Z,Not applicable,_Z,Not applicable,PC,Percentage change,L,Chain linked volume,G1,"Growth rate, period on period",T0102,Table 0102 - GDP identity from the expenditure side,2023-Q4,,0.8,,,,,,F,Free (free for publication),1,One,A,Normal value,0,Units,_Z,Not applicable
DATAFLOW,OECD.SDD.NAD:DSD_NAMAIN1@DF_QNA_EXPENDITURE_GROWTH_G20(1.1),Quarterly real GDP growth - G20 countries,I,Q,Quarterly,Y,Calendar and seasonally adjusted,SAU,Saudi Arabia,S1,Total economy,S1,Total economy,B1GQ,Gross domestic product,_Z,Not applicable,_Z,Not applicable,_Z,Not applicable,PC,Percentage change,L,Chain linked volume,G1,"Growth rate, period on period",T0102,Table 0102 - GDP identity from the expenditure side,2023-Q4,,0.289994608,,,,,,F,Free (free for publication),1,One,A,Normal value,0,Units,_Z,Not applicable
DATAFLOW,OECD.SDD.NAD:DSD_NAMAIN1@DF_QNA_EXPENDITURE_GROWTH_G20(1.1),Quarterly real GDP growth - G20 countries,I,Q,Quarterly,Y,Calendar and seasonally adjusted,SAU,Saudi Arabia,S1,Total economy,S1,Total economy,B1GQ,Gross domestic product,_Z,Not applicable,_Z,Not applicable,_Z,Not applicable,PC,Percentage change,L,Chain linked volume,G1,"Growth rate, period on period",T0102,Table 0102 - GDP identity from the expenditure side,2024-Q1,,2.247946672,,,,,,F,Free (free for publication),1,One,A,Normal value,0,Units,_Z,Not applicable
DATAFLOW,OECD.SDD.NAD:DSD_NAMAIN1@DF_QNA_EXPENDITURE_GROWTH_G20(1.1),Quarterly real GDP growth - G20 countries,I,Q,Quarterly,Y,Calendar and seasonally adjusted,CHN,China (People’s Republic of),S1,Total economy,S1,Total economy,B1GQ,Gross domestic product,_Z,Not applicable,_Z,Not applicable,_Z,Not applicable,PC,Percentage change,L,Chain linked volume,G1,"Growth rate, period on period",T0102,Table 0102 - GDP identity from the expenditure side,2024-Q1,,1.3,,,,,,F,Free (free for publication),1,One,A,Normal value,0,Units,_Z,Not applicable
DATAFLOW,OECD.SDD.NAD:DSD_NAMAIN1@DF_QNA_EXPENDITURE_GROWTH_G20(1.1),Quarterly real GDP growth - G20 countries,I,Q,Quarterly,Y,Calendar and seasonally adjusted,CHN,China (People’s Republic of),S1,Total economy,S1,Total economy,B1GQ,Gross domestic product,_Z,Not applicable,_Z,Not applicable,_Z,Not applicable,PC,Percentage change,L,Chain linked volume,G1,"Growth rate, period on period",T0102,Table 0102 - GDP identity from the expenditure side,2024-Q2,,1,,,,,,F,Free (free for publication),1,One,A,Normal value,0,Units,_Z,Not applicable
DATAFLOW,OECD.SDD.NAD:DSD_NAMAIN1@DF_QNA_EXPENDITURE_GROWTH_G20(1.1),Quarterly real GDP growth - G20 countries,I,Q,Quarterly,Y,Calendar and seasonally adjusted,SAU,Saudi Arabia,S1,Total economy,S1,Total economy,B1GQ,Gross domestic product,_Z,Not applicable,_Z,Not applicable,_Z,Not applicable,PC,Percentage change,L,Chain linked volume,G1,"Growth rate, period on period",T0102,Table 0102 - GDP identity from the expenditure side,2024-Q2,,0.961898076,,,,,,F,Free (free for publication),1,One,A,Normal value,0,Units,_Z,Not applicable
DATAFLOW,OECD.SDD.NAD:DSD_NAMAIN1@DF_QNA_EXPENDITURE_GROWTH_G20(1.1),Quarterly real GDP growth - G20 countries,I,Q,Quarterly,Y,Calendar and seasonally adjusted,SAU,Saudi Arabia,S1,Total economy,S1,Total economy,B1GQ,Gross domestic product,_Z,Not applicable,_Z,Not applicable,_Z,Not applicable,PC,Percentage change,L,Chain linked volume,G1,"Growth rate, period on period",T0102,Table 0102 - GDP identity from the expenditure side,2024-Q3,,0.34817541,,,,,,F,Free (free for publication),1,One,A,Normal value,0,Units,_Z,Not applicable
DATAFLOW,OECD.SDD.NAD:DSD_NAMAIN1@DF_QNA_EXPENDITURE_GROWTH_G20(1.1),Quarterly real GDP growth - G20 countries,I,Q,Quarterly,Y,Calendar and seasonally adjusted,CHN,China (People’s Republic of),S1,Total economy,S1,Total economy,B1GQ,Gross domestic product,_Z,Not applicable,_Z,Not applicable,_Z,Not applicable,PC,Percentage change,L,Chain linked volume,G1,"Growth rate, period on period",T0102,Table 0102 - GDP identity from the expenditure side,2024-Q3,,1.5,,,,,,F,Free (free for publication),1,One,A,Normal value,0,Units,_Z,Not applicable
DATAFLOW,OECD.SDD.NAD:DSD_NAMAIN1@DF_QNA_EXPENDITURE_GROWTH_G20(1.1),Quarterly real GDP growth - G20 countries,I,Q,Quarterly,Y,Calendar and seasonally adjusted,CHN,China (People’s Republic of),S1,Total economy,S1,Total economy,B1GQ,Gross domestic product,_Z,Not applicable,_Z,Not applicable,_Z,Not applicable,PC,Percentage change,L,Chain linked volume,G1,"Growth rate, period on period",T0102,Table 0102 - GDP identity from the expenditure side,2024-Q4,,1.5,,,,,,F,Free (free for publication),1,One,A,Normal value,0,Units,_Z,Not applicable
DATAFLOW,OECD.SDD.NAD:DSD_NAMAIN1@DF_QNA_EXPENDITURE_GROWTH_G20(1.1),Quarterly real GDP growth - G20 countries,I,Q,Quarterly,Y,Calendar and seasonally adjusted,SAU,Saudi Arabia,S1,Total economy,S1,Total economy,B1GQ,Gross domestic product,_Z,Not applicable,_Z,Not applicable,_Z,Not applicable,PC,Percentage change,L,Chain linked volume,G1,"Growth rate, period on period",T0102,Table 0102 - GDP identity from the expenditure side,2024-Q4,,0.850930799,,,,,,F,Free (free for publication),1,One,A,Normal value,0,Units,_Z,Not applicable
DATAFLOW,OECD.SDD.NAD:DSD_NAMAIN1@DF_QNA_EXPENDITURE_GROWTH_G20(1.1),Quarterly real GDP growth - G20 countries,I,Q,Quarterly,Y,Calendar and seasonally adjusted,SAU,Saudi Arabia,S1,Total economy,S1,Total economy,B1GQ,Gross domestic product,_Z,Not applicable,_Z,Not applicable,_Z,Not applicable,PC,Percentage change,L,Chain linked volume,G1,"Growth rate, period on period",T0102,Table 0102 - GDP identity from the expenditure side,2025-Q1,,1.10473214,,,,,,F,Free (free for publication),1,One,A,Normal value,0,Units,_Z,Not applicable
DATAFLOW,OECD.SDD.NAD:DSD_NAMAIN1@DF_QNA_EXPENDITURE_GROWTH_G20(1.1),Quarterly real GDP growth - G20 countries,I,Q,Quarterly,Y,Calendar and seasonally adjusted,CHN,China (People’s Republic of),S1,Total economy,S1,Total economy,B1GQ,Gross domestic product,_Z,Not applicable,_Z,Not applicable,_Z,Not applicable,PC,Percentage change,L,Chain linked volume,G1,"Growth rate, period on period",T0102,Table 0102 - GDP identity from the expenditure side,2025-Q1,,1.2,,,,,,F,Free (free for publication),1,One,A,Normal value,0,Units,_Z,Not applicable
DATAFLOW,OECD.SDD.NAD:DSD_NAMAIN1@DF_QNA_EXPENDITURE_GROWTH_G20(1.1),Quarterly real GDP growth - G20 countries,I,Q,Quarterly,Y,Calendar and seasonally adjusted,CHN,China (People’s Republic of),S1,Total economy,S1,Total economy,B1GQ,Gross domestic product,_Z,Not applicable,_Z,Not applicable,_Z,Not applicable,PC,Percentage change,L,Chain linked volume,G1,"Growth rate, period on period",T0102,Table 0102 - GDP identity from the expenditure side,2025-Q2,,1,,,,,,F,Free (free for publication),1,One,A,Normal value,0,Units,_Z,Not applicable
DATAFLOW,OECD.SDD.NAD:DSD_NAMAIN1@DF_QNA_EXPENDITURE_GROWTH_G20(1.1),Quarterly real GDP growth - G20 countries,I,Q,Quarterly,Y,Calendar and seasonally adjusted,SAU,Saudi Arabia,S1,Total economy,S1,Total economy,B1GQ,Gross domestic product,_Z,Not applicable,_Z,Not applicable,_Z,Not applicable,PC,Percentage change,L,Chain linked volume,G1,"Growth rate, period on period",T0102,Table 0102 - GDP identity from the expenditure side,2025-Q2,,1.713834999,,,,,,F,Free (free for publication),1,One,A,Normal value,0,Units,_Z,Not applicable
DATAFLOW,OECD.SDD.NAD:DSD_NAMAIN1@DF_QNA_EXPENDITURE_GROWTH_G20(1.1),Quarterly real GDP growth - G20 countries,I,Q,Quarterly,Y,Calendar and seasonally adjusted,EA20,Euro area (20 countries),S1,Total economy,S1,Total economy,B1GQ,Gross domestic product,_Z,Not applicable,_Z,Not applicable,_Z,Not applicable,PC,Percentage change,L,Chain linked volume,G1,"Growth rate, period on period",T0102,Table 0102 - GDP identity from the expenditure side,2025-Q3,,0.23451,,,,,,F,Free (free for publication),1,One,A,Normal value,0,Units,_Z,Not applicable
DATAFLOW,OECD.SDD.NAD:DSD_NAMAIN1@DF_QNA_EXPENDITURE_GROWTH_G20(1.1),Quarterly real GDP growth - G20 countries,I,Q,Quarterly,Y,Calendar and seasonally adjusted,EU27_2020,European Union (27 countries from 01/02/2020),S1,Total economy,S1,Total economy,B1GQ,Gross domestic product,_Z,Not applicable,_Z,Not applicable,_Z,Not applicable,PC,Percentage change,L,Chain linked volume,G1,"Growth rate, period on period",T0102,Table 0102 - GDP identity from the expenditure side,2025-Q3,,0.321497,,,,,,F,Free (free for publication),1,One,A,Normal value,0,Units,_Z,Not applicable
DATAFLOW,OECD.SDD.NAD:DSD_NAMAIN1@DF_QNA_EXPENDITURE_GROWTH_G20(1.1),Quarterly real GDP growth - G20 countries,I,Q,Quarterly,Y,Calendar and seasonally adjusted,SAU,Saudi Arabia,S1,Total economy,S1,Total economy,B1GQ,Gross domestic product,_Z,Not applicable,_Z,Not applicable,_Z,Not applicable,PC,Percentage change,L,Chain linked volume,G1,"Growth rate, period on period",T0102,Table 0102 - GDP identity from the expenditure side,2025-Q3,,1.4,,,,,,F,Free (free for publication),1,One,A,Normal value,0,Units,_Z,Not applicable
DATAFLOW,OECD.SDD.NAD:DSD_NAMAIN1@DF_QNA_EXPENDITURE_GROWTH_G20(1.1),Quarterly real GDP growth - G20 countries,I,Q,Quarterly,Y,Calendar and seasonally adjusted,CHN,China (People’s Republic of),S1,Total economy,S1,Total economy,B1GQ,Gross domestic product,_Z,Not applicable,_Z,Not applicable,_Z,Not applicable,PC,Percentage change,L,Chain linked volume,G1,"Growth rate, period on period",T0102,Table 0102 - GDP identity from the expenditure side,2025-Q3,,1.1,,,,,,F,Free (free for publication),1,One,A,Normal value,0,Units,_Z,Not applicable
DATAFLOW,OECD.SDD.NAD:DSD_NAMAIN1@DF_QNA_EXPENDITURE_GROWTH_G20(1.1),Quarterly real GDP growth - G20 countries,I,Q,Quarterly,Y,Calendar and seasonally adjusted,EA20,Euro area (20 countries),S1,Total economy,S1,Total economy,B1GQ,Gross domestic product,_Z,Not applicable,_Z,Not applicable,_Z,Not applicable,PC,Percentage change,L,Chain linked volume,G1,"Growth rate, period on period",T0102,Table 0102 - GDP identity from the expenditure side,2010-Q1,,0.383387,,,,,,F,Free (free for publication),1,One,A,Normal value,0,Units,_Z,Not applicable
DATAFLOW,OECD.SDD.NAD:DSD_NAMAIN1@DF_QNA_EXPENDITURE_GROWTH_G20(1.1),Quarterly real GDP growth - G20 countries,I,Q,Quarterly,Y,Calendar and seasonally adjusted,EA20,Euro area (20 countries),S1,Total economy,S1,Total economy,B1GQ,Gross domestic product,_Z,Not applicable,_Z,Not applicable,_Z,Not applicable,PC,Percentage change,L,Chain linked volume,G1,"Growth rate, period on period",T0102,Table 0102 - GDP identity from the expenditure side,2010-Q2,,0.935415,,,,,,F,Free (free for publication),1,One,A,Normal value,0,Units,_Z,Not applicable
DATAFLOW,OECD.SDD.NAD:DSD_NAMAIN1@DF_QNA_EXPENDITURE_GROWTH_G20(1.1),Quarterly real GDP growth - G20 countries,I,Q,Quarterly,Y,Calendar and seasonally adjusted,EA20,Euro area (20 countries),S1,Total economy,S1,Total economy,B1GQ,Gross domestic product,_Z,Not applicable,_Z,Not applicable,_Z,Not applicable,PC,Percentage change,L,Chain linked volume,G1,"Growth rate, period on period",T0102,Table 0102 - GDP identity from the expenditure side,2010-Q3,,0.445285,,,,,,F,Free (free for publication),1,One,A,Normal value,0,Units,_Z,Not applicable
DATAFLOW,OECD.SDD.NAD:DSD_NAMAIN1@DF_QNA_EXPENDITURE_GROWTH_G20(1.1),Quarterly real GDP growth - G20 countries,I,Q,Quarterly,Y,Calendar and seasonally adjusted,EA20,Euro area (20 countries),S1,Total economy,S1,Total economy,B1GQ,Gross domestic product,_Z,Not applicable,_Z,Not applicable,_Z,Not applicable,PC,Percentage change,L,Chain linked volume,G1,"Growth rate, period on period",T0102,Table 0102 - GDP identity from the expenditure side,2010-Q4,,0.590081,,,,,,F,Free (free for publication),1,One,A,Normal value,0,Units,_Z,Not applicable
DATAFLOW,OECD.SDD.NAD:DSD_NAMAIN1@DF_QNA_EXPENDITURE_GROWTH_G20(1.1),Quarterly real GDP growth - G20 countries,I,Q,Quarterly,Y,Calendar and seasonally adjusted,EA20,Euro area (20 countries),S1,Total economy,S1,Total economy,B1GQ,Gross domestic product,_Z,Not applicable,_Z,Not applicable,_Z,Not applicable,PC,Percentage change,L,Chain linked volume,G1,"Growth rate, period on period",T0102,Table 0102 - GDP identity from the expenditure side,2011-Q1,,0.948966,,,,,,F,Free (free for publication),1,One,A,Normal value,0,Units,_Z,Not applicable
DATAFLOW,OECD.SDD.NAD:DSD_NAMAIN1@DF_QNA_EXPENDITURE_GROWTH_G20(1.1),Quarterly real GDP growth - G20 countries,I,Q,Quarterly,Y,Calendar and seasonally adjusted,EA20,Euro area (20 countries),S1,Total economy,S1,Total economy,B1GQ,Gross domestic product,_Z,Not applicable,_Z,Not applicable,_Z,Not applicable,PC,Percentage change,L,Chain linked volume,G1,"Growth rate, period on period",T0102,Table 0102 - GDP identity from the expenditure side,2011-Q2,,-0.003498,,,,,,F,Free (free for publication),1,One,A,Normal value,0,Units,_Z,Not applicable
DATAFLOW,OECD.SDD.NAD:DSD_NAMAIN1@DF_QNA_EXPENDITURE_GROWTH_G20(1.1),Quarterly real GDP growth - G20 countries,I,Q,Quarterly,Y,Calendar and seasonally adjusted,EA20,Euro area (20 countries),S1,Total economy,S1,Total economy,B1GQ,Gross domestic product,_Z,Not applicable,_Z,Not applicable,_Z,Not applicable,PC,Percentage change,L,Chain linked volume,G1,"Growth rate, period on period",T0102,Table 0102 - GDP identity from the expenditure side,2011-Q3,,0.018667,,,,,,F,Free (free for publication),1,One,A,Normal value,0,Units,_Z,Not applicable
DATAFLOW,OECD.SDD.NAD:DSD_NAMAIN1@DF_QNA_EXPENDITURE_GROWTH_G20(1.1),Quarterly real GDP growth - G20 countries,I,Q,Quarterly,Y,Calendar and seasonally adjusted,EA20,Euro area (20 countries),S1,Total economy,S1,Total economy,B1GQ,Gross domestic product,_Z,Not applicable,_Z,Not applicable,_Z,Not applicable,PC,Percentage change,L,Chain linked volume,G1,"Growth rate, period on period",T0102,Table 0102 - GDP identity from the expenditure side,2011-Q4,,-0.309636,,,,,,F,Free (free for publication),1,One,A,Normal value,0,Units,_Z,Not applicable
DATAFLOW,OECD.SDD.NAD:DSD_NAMAIN1@DF_QNA_EXPENDITURE_GROWTH_G20(1.1),Quarterly real GDP growth - G20 countries,I,Q,Quarterly,Y,Calendar and seasonally adjusted,EA20,Euro area (20 countries),S1,Total economy,S1,Total economy,B1GQ,Gross domestic product,_Z,Not applicable,_Z,Not applicable,_Z,Not applicable,PC,Percentage change,L,Chain linked volume,G1,"Growth rate, period on period",T0102,Table 0102 - GDP identity from the expenditure side,2012-Q1,,-0.241183,,,,,,F,Free (free for publication),1,One,A,Normal value,0,Units,_Z,Not applicable
DATAFLOW,OECD.SDD.NAD:DSD_NAMAIN1@DF_QNA_EXPENDITURE_GROWTH_G20(1.1),Quarterly real GDP growth - G20 countries,I,Q,Quarterly,Y,Calendar and seasonally adjusted,EA20,Euro area (20 countries),S1,Total economy,S1,Total economy,B1GQ,Gross domestic product,_Z,Not applicable,_Z,Not applicable,_Z,Not applicable,PC,Percentage change,L,Chain linked volume,G1,"Growth rate, period on period",T0102,Table 0102 - GDP identity from the expenditure side,2012-Q2,,-0.358841,,,,,,F,Free (free for publication),1,One,A,Normal value,0,Units,_Z,Not applicable
DATAFLOW,OECD.SDD.NAD:DSD_NAMAIN1@DF_QNA_EXPENDITURE_GROWTH_G20(1.1),Quarterly real GDP growth - G20 countries,I,Q,Quarterly,Y,Calendar and seasonally adjusted,EA20,Euro area (20 countries),S1,Total economy,S1,Total economy,B1GQ,Gross domestic product,_Z,Not applicable,_Z,Not applicable,_Z,Not applicable,PC,Percentage change,L,Chain linked volume,G1,"Growth rate, period on period",T0102,Table 0102 - GDP identity from the expenditure side,2012-Q3,,-0.132054,,,,,,F,Free (free for publication),1,One,A,Normal value,0,Units,_Z,Not applicable
DATAFLOW,OECD.SDD.NAD:DSD_NAMAIN1@DF_QNA_EXPENDITURE_GROWTH_G20(1.1),Quarterly real GDP growth - G20 countries,I,Q,Quarterly,Y,Calendar and seasonally adjusted,EA20,Euro area (20 countries),S1,Total economy,S1,Total economy,B1GQ,Gross domestic product,_Z,Not applicable,_Z,Not applicable,_Z,Not applicable,PC,Percentage change,L,Chain linked volume,G1,"Growth rate, period on period",T0102,Table 0102 - GDP identity from the expenditure side,2012-Q4,,-0.430688,,,,,,F,Free (free for publication),1,One,A,Normal value,0,Units,_Z,Not applicable
DATAFLOW,OECD.SDD.NAD:DSD_NAMAIN1@DF_QNA_EXPENDITURE_GROWTH_G20(1.1),Quarterly real GDP growth - G20 countries,I,Q,Quarterly,Y,Calendar and seasonally adjusted,EA20,Euro area (20 countries),S1,Total economy,S1,Total economy,B1GQ,Gross domestic product,_Z,Not applicable,_Z,Not applicable,_Z,Not applicable,PC,Percentage change,L,Chain linked volume,G1,"Growth rate, period on period",T0102,Table 0102 - GDP identity from the expenditure side,2013-Q1,,-0.331609,,,,,,F,Free (free for publication),1,One,A,Normal value,0,Units,_Z,Not applicable
DATAFLOW,OECD.SDD.NAD:DSD_NAMAIN1@DF_QNA_EXPENDITURE_GROWTH_G20(1.1),Quarterly real GDP growth - G20 countries,I,Q,Quarterly,Y,Calendar and seasonally adjusted,EA20,Euro area (20 countries),S1,Total economy,S1,Total economy,B1GQ,Gross domestic product,_Z,Not applicable,_Z,Not applicable,_Z,Not applicable,PC,Percentage change,L,Chain linked volume,G1,"Growth rate, period on period",T0102,Table 0102 - GDP identity from the expenditure side,2013-Q2,,0.656271,,,,,,F,Free (free for publication),1,One,A,Normal value,0,Units,_Z,Not applicable
DATAFLOW,OECD.SDD.NAD:DSD_NAMAIN1@DF_QNA_EXPENDITURE_GROWTH_G20(1.1),Quarterly real GDP growth - G20 countries,I,Q,Quarterly,Y,Calendar and seasonally adjusted,EA20,Euro area (20 countries),S1,Total economy,S1,Total economy,B1GQ,Gross domestic product,_Z,Not applicable,_Z,Not applicable,_Z,Not applicable,PC,Percentage change,L,Chain linked volume,G1,"Growth rate, period on period",T0102,Table 0102 - GDP identity from the expenditure side,2013-Q3,,0.29469,,,,,,F,Free (free for publication),1,One,A,Normal value,0,Units,_Z,Not applicable
DATAFLOW,OECD.SDD.NAD:DSD_NAMAIN1@DF_QNA_EXPENDITURE_GROWTH_G20(1.1),Quarterly real GDP growth - G20 countries,I,Q,Quarterly,Y,Calendar and seasonally adjusted,EA20,Euro area (20 countries),S1,Total economy,S1,Total economy,B1GQ,Gross domestic product,_Z,Not applicable,_Z,Not applicable,_Z,Not applicable,PC,Percentage change,L,Chain linked volume,G1,"Growth rate, period on period",T0102,Table 0102 - GDP identity from the expenditure side,2013-Q4,,0.207857,,,,,,F,Free (free for publication),1,One,A,Normal value,0,Units,_Z,Not applicable
DATAFLOW,OECD.SDD.NAD:DSD_NAMAIN1@DF_QNA_EXPENDITURE_GROWTH_G20(1.1),Quarterly real GDP growth - G20 countries,I,Q,Quarterly,Y,Calendar and seasonally adjusted,EA20,Euro area (20 countries),S1,Total economy,S1,Total economy,B1GQ,Gross domestic product,_Z,Not applicable,_Z,Not applicable,_Z,Not applicable,PC,Percentage change,L,Chain linked volume,G1,"Growth rate, period on period",T0102,Table 0102 - GDP identity from the expenditure side,2014-Q1,,0.468779,,,,,,F,Free (free for publication),1,One,A,Normal value,0,Units,_Z,Not applicable
DATAFLOW,OECD.SDD.NAD:DSD_NAMAIN1@DF_QNA_EXPENDITURE_GROWTH_G20(1.1),Quarterly real GDP growth - G20 countries,I,Q,Quarterly,Y,Calendar and seasonally adjusted,EA20,Euro area (20 countries),S1,Total economy,S1,Total economy,B1GQ,Gross domestic product,_Z,Not applicable,_Z,Not applicable,_Z,Not applicable,PC,Percentage change,L,Chain linked volume,G1,"Growth rate, period on period",T0102,Table 0102 - GDP identity from the expenditure side,2014-Q2,,0.235983,,,,,,F,Free (free for publication),1,One,A,Normal value,0,Units,_Z,Not applicable
DATAFLOW,OECD.SDD.NAD:DSD_NAMAIN1@DF_QNA_EXPENDITURE_GROWTH_G20(1.1),Quarterly real GDP growth - G20 countries,I,Q,Quarterly,Y,Calendar and seasonally adjusted,EA20,Euro area (20 countries),S1,Total economy,S1,Total economy,B1GQ,Gross domestic product,_Z,Not applicable,_Z,Not applicable,_Z,Not applicable,PC,Percentage change,L,Chain linked volume,G1,"Growth rate, period on period",T0102,Table 0102 - GDP identity from the expenditure side,2014-Q3,,0.485796,,,,,,F,Free (free for publication),1,One,A,Normal value,0,Units,_Z,Not applicable
DATAFLOW,OECD.SDD.NAD:DSD_NAMAIN1@DF_QNA_EXPENDITURE_GROWTH_G20(1.1),Quarterly real GDP growth - G20 countries,I,Q,Quarterly,Y,Calendar and seasonally adjusted,EA20,Euro area (20 countries),S1,Total economy,S1,Total economy,B1GQ,Gross domestic product,_Z,Not applicable,_Z,Not applicable,_Z,Not applicable,PC,Percentage change,L,Chain linked volume,G1,"Growth rate, period on period",T0102,Table 0102 - GDP identity from the expenditure side,2014-Q4,,0.37608,,,,,,F,Free (free for publication),1,One,A,Normal value,0,Units,_Z,Not applicable
DATAFLOW,OECD.SDD.NAD:DSD_NAMAIN1@DF_QNA_EXPENDITURE_GROWTH_G20(1.1),Quarterly real GDP growth - G20 countries,I,Q,Quarterly,Y,Calendar and seasonally adjusted,EA20,Euro area (20 countries),S1,Total economy,S1,Total economy,B1GQ,Gross domestic product,_Z,Not applicable,_Z,Not applicable,_Z,Not applicable,PC,Percentage change,L,Chain linked volume,G1,"Growth rate, period on period",T0102,Table 0102 - GDP identity from the expenditure side,2015-Q1,,0.750684,,,,,,F,Free (free for publication),1,One,A,Normal value,0,Units,_Z,Not applicable
DATAFLOW,OECD.SDD.NAD:DSD_NAMAIN1@DF_QNA_EXPENDITURE_GROWTH_G20(1.1),Quarterly real GDP growth - G20 countries,I,Q,Quarterly,Y,Calendar and seasonally adjusted,EA20,Euro area (20 countries),S1,Total economy,S1,Total economy,B1GQ,Gross domestic product,_Z,Not applicable,_Z,Not applicable,_Z,Not applicable,PC,Percentage change,L,Chain linked volume,G1,"Growth rate, period on period",T0102,Table 0102 - GDP identity from the expenditure side,2015-Q2,,0.425734,,,,,,F,Free (free for publication),1,One,A,Normal value,0,Units,_Z,Not applicable
DATAFLOW,OECD.SDD.NAD:DSD_NAMAIN1@DF_QNA_EXPENDITURE_GROWTH_G20(1.1),Quarterly real GDP growth - G20 countries,I,Q,Quarterly,Y,Calendar and seasonally adjusted,EA20,Euro area (20 countries),S1,Total economy,S1,Total economy,B1GQ,Gross domestic product,_Z,Not applicable,_Z,Not applicable,_Z,Not applicable,PC,Percentage change,L,Chain linked volume,G1,"Growth rate, period on period",T0102,Table 0102 - GDP identity from the expenditure side,2015-Q3,,0.430394,,,,,,F,Free (free for publication),1,One,A,Normal value,0,Units,_Z,Not applicable
DATAFLOW,OECD.SDD.NAD:DSD_NAMAIN1@DF_QNA_EXPENDITURE_GROWTH_G20(1.1),Quarterly real GDP growth - G20 countries,I,Q,Quarterly,Y,Calendar and seasonally adjusted,EA20,Euro area (20 countries),S1,Total economy,S1,Total economy,B1GQ,Gross domestic product,_Z,Not applicable,_Z,Not applicable,_Z,Not applicable,PC,Percentage change,L,Chain linked volume,G1,"Growth rate, period on period",T0102,Table 0102 - GDP identity from the expenditure side,2015-Q4,,0.493118,,,,,,F,Free (free for publication),1,One,A,Normal value,0,Units,_Z,Not applicable
DATAFLOW,OECD.SDD.NAD:DSD_NAMAIN1@DF_QNA_EXPENDITURE_GROWTH_G20(1.1),Quarterly real GDP growth - G20 countries,I,Q,Quarterly,Y,Calendar and seasonally adjusted,EA20,Euro area (20 countries),S1,Total economy,S1,Total economy,B1GQ,Gross domestic product,_Z,Not applicable,_Z,Not applicable,_Z,Not applicable,PC,Percentage change,L,Chain linked volume,G1,"Growth rate, period on period",T0102,Table 0102 - GDP identity from the expenditure side,2016-Q1,,0.475892,,,,,,F,Free (free for publication),1,One,A,Normal value,0,Units,_Z,Not applicable
DATAFLOW,OECD.SDD.NAD:DSD_NAMAIN1@DF_QNA_EXPENDITURE_GROWTH_G20(1.1),Quarterly real GDP growth - G20 countries,I,Q,Quarterly,Y,Calendar and seasonally adjusted,EA20,Euro area (20 countries),S1,Total economy,S1,Total economy,B1GQ,Gross domestic product,_Z,Not applicable,_Z,Not applicable,_Z,Not applicable,PC,Percentage change,L,Chain linked volume,G1,"Growth rate, period on period",T0102,Table 0102 - GDP identity from the expenditure side,2016-Q2,,0.194171,,,,,,F,Free (free for publication),1,One,A,Normal value,0,Units,_Z,Not applicable
DATAFLOW,OECD.SDD.NAD:DSD_NAMAIN1@DF_QNA_EXPENDITURE_GROWTH_G20(1.1),Quarterly real GDP growth - G20 countries,I,Q,Quarterly,Y,Calendar and seasonally adjusted,EA20,Euro area (20 countries),S1,Total economy,S1,Total economy,B1GQ,Gross domestic product,_Z,Not applicable,_Z,Not applicable,_Z,Not applicable,PC,Percentage change,L,Chain linked volume,G1,"Growth rate, period on period",T0102,Table 0102 - GDP identity from the expenditure side,2016-Q3,,0.484854,,,,,,F,Free (free for publication),1,One,A,Normal value,0,Units,_Z,Not applicable
DATAFLOW,OECD.SDD.NAD:DSD_NAMAIN1@DF_QNA_EXPENDITURE_GROWTH_G20(1.1),Quarterly real GDP growth - G20 countries,I,Q,Quarterly,Y,Calendar and seasonally adjusted,EA20,Euro area (20 countries),S1,Total economy,S1,Total economy,B1GQ,Gross domestic product,_Z,Not applicable,_Z,Not applicable,_Z,Not applicable,PC,Percentage change,L,Chain linked volume,G1,"Growth rate, period on period",T0102,Table 0102 - GDP identity from the expenditure side,2016-Q4,,0.763634,,,,,,F,Free (free for publication),1,One,A,Normal value,0,Units,_Z,Not applicable
DATAFLOW,OECD.SDD.NAD:DSD_NAMAIN1@DF_QNA_EXPENDITURE_GROWTH_G20(1.1),Quarterly real GDP growth - G20 countries,I,Q,Quarterly,Y,Calendar and seasonally adjusted,EA20,Euro area (20 countries),S1,Total economy,S1,Total economy,B1GQ,Gross domestic product,_Z,Not applicable,_Z,Not applicable,_Z,Not applicable,PC,Percentage change,L,Chain linked volume,G1,"Growth rate, period on period",T0102,Table 0102 - GDP identity from the expenditure side,2017-Q1,,0.805914,,,,,,F,Free (free for publication),1,One,A,Normal value,0,Units,_Z,Not applicable
DATAFLOW,OECD.SDD.NAD:DSD_NAMAIN1@DF_QNA_EXPENDITURE_GROWTH_G20(1.1),Quarterly real GDP growth - G20 countries,I,Q,Quarterly,Y,Calendar and seasonally adjusted,EA20,Euro area (20 countries),S1,Total economy,S1,Total economy,B1GQ,Gross domestic product,_Z,Not applicable,_Z,Not applicable,_Z,Not applicable,PC,Percentage change,L,Chain linked volume,G1,"Growth rate, period on period",T0102,Table 0102 - GDP identity from the expenditure side,2017-Q2,,0.664292,,,,,,F,Free (free for publication),1,One,A,Normal value,0,Units,_Z,Not applicable
DATAFLOW,OECD.SDD.NAD:DSD_NAMAIN1@DF_QNA_EXPENDITURE_GROWTH_G20(1.1),Quarterly real GDP growth - G20 countries,I,Q,Quarterly,Y,Calendar and seasonally adjusted,EA20,Euro area (20 countries),S1,Total economy,S1,Total economy,B1GQ,Gross domestic product,_Z,Not applicable,_Z,Not applicable,_Z,Not applicable,PC,Percentage change,L,Chain linked volume,G1,"Growth rate, period on period",T0102,Table 0102 - GDP identity from the expenditure side,2017-Q3,,0.732665,,,,,,F,Free (free for publication),1,One,A,Normal value,0,Units,_Z,Not applicable
DATAFLOW,OECD.SDD.NAD:DSD_NAMAIN1@DF_QNA_EXPENDITURE_GROWTH_G20(1.1),Quarterly real GDP growth - G20 countries,I,Q,Quarterly,Y,Calendar and seasonally adjusted,EA20,Euro area (20 countries),S1,Total economy,S1,Total economy,B1GQ,Gross domestic product,_Z,Not applicable,_Z,Not applicable,_Z,Not applicable,PC,Percentage change,L,Chain linked volume,G1,"Growth rate, period on period",T0102,Table 0102 - GDP identity from the expenditure side,2017-Q4,,0.814819,,,,,,F,Free (free for publication),1,One,A,Normal value,0,Units,_Z,Not applicable
DATAFLOW,OECD.SDD.NAD:DSD_NAMAIN1@DF_QNA_EXPENDITURE_GROWTH_G20(1.1),Quarterly real GDP growth - G20 countries,I,Q,Quarterly,Y,Calendar and seasonally adjusted,EA20,Euro area (20 countries),S1,Total economy,S1,Total economy,B1GQ,Gross domestic product,_Z,Not applicable,_Z,Not applicable,_Z,Not applicable,PC,Percentage change,L,Chain linked volume,G1,"Growth rate, period on period",T0102,Table 0102 - GDP identity from the expenditure side,2018-Q1,,0.041491,,,,,,F,Free (free for publication),1,One,A,Normal value,0,Units,_Z,Not applicable
DATAFLOW,OECD.SDD.NAD:DSD_NAMAIN1@DF_QNA_EXPENDITURE_GROWTH_G20(1.1),Quarterly real GDP growth - G20 countries,I,Q,Quarterly,Y,Calendar and seasonally adjusted,EA20,Euro area (20 countries),S1,Total economy,S1,Total economy,B1GQ,Gross domestic product,_Z,Not applicable,_Z,Not applicable,_Z,Not applicable,PC,Percentage change,L,Chain linked volume,G1,"Growth rate, period on period",T0102,Table 0102 - GDP identity from the expenditure side,2018-Q2,,0.515583,,,,,,F,Free (free for publication),1,One,A,Normal value,0,Units,_Z,Not applicable
DATAFLOW,OECD.SDD.NAD:DSD_NAMAIN1@DF_QNA_EXPENDITURE_GROWTH_G20(1.1),Quarterly real GDP growth - G20 countries,I,Q,Quarterly,Y,Calendar and seasonally adjusted,EA20,Euro area (20 countries),S1,Total economy,S1,Total economy,B1GQ,Gross domestic product,_Z,Not applicable,_Z,Not applicable,_Z,Not applicable,PC,Percentage change,L,Chain linked volume,G1,"Growth rate, period on period",T0102,Table 0102 - GDP identity from the expenditure side,2018-Q3,,0.075964,,,,,,F,Free (free for publication),1,One,A,Normal value,0,Units,_Z,Not applicable
DATAFLOW,OECD.SDD.NAD:DSD_NAMAIN1@DF_QNA_EXPENDITURE_GROWTH_G20(1.1),Quarterly real GDP growth - G20 countries,I,Q,Quarterly,Y,Calendar and seasonally adjusted,EA20,Euro area (20 countries),S1,Total economy,S1,Total economy,B1GQ,Gross domestic product,_Z,Not applicable,_Z,Not applicable,_Z,Not applicable,PC,Percentage change,L,Chain linked volume,G1,"Growth rate, period on period",T0102,Table 0102 - GDP identity from the expenditure side,2018-Q4,,0.541656,,,,,,F,Free (free for publication),1,One,A,Normal value,0,Units,_Z,Not applicable
DATAFLOW,OECD.SDD.NAD:DSD_NAMAIN1@DF_QNA_EXPENDITURE_GROWTH_G20(1.1),Quarterly real GDP growth - G20 countries,I,Q,Quarterly,Y,Calendar and seasonally adjusted,EA20,Euro area (20 countries),S1,Total economy,S1,Total economy,B1GQ,Gross domestic product,_Z,Not applicable,_Z,Not applicable,_Z,Not applicable,PC,Percentage change,L,Chain linked volume,G1,"Growth rate, period on period",T0102,Table 0102 - GDP identity from the expenditure side,2019-Q1,,0.716314,,,,,,F,Free (free for publication),1,One,A,Normal value,0,Units,_Z,Not applicable
DATAFLOW,OECD.SDD.NAD:DSD_NAMAIN1@DF_QNA_EXPENDITURE_GROWTH_G20(1.1),Quarterly real GDP growth - G20 countries,I,Q,Quarterly,Y,Calendar and seasonally adjusted,EA20,Euro area (20 countries),S1,Total economy,S1,Total economy,B1GQ,Gross domestic product,_Z,Not applicable,_Z,Not applicable,_Z,Not applicable,PC,Percentage change,L,Chain linked volume,G1,"Growth rate, period on period",T0102,Table 0102 - GDP identity from the expenditure side,2019-Q2,,0.363748,,,,,,F,Free (free for publication),1,One,A,Normal value,0,Units,_Z,Not applicable
DATAFLOW,OECD.SDD.NAD:DSD_NAMAIN1@DF_QNA_EXPENDITURE_GROWTH_G20(1.1),Quarterly real GDP growth - G20 countries,I,Q,Quarterly,Y,Calendar and seasonally adjusted,EA20,Euro area (20 countries),S1,Total economy,S1,Total economy,B1GQ,Gross domestic product,_Z,Not applicable,_Z,Not applicable,_Z,Not applicable,PC,Percentage change,L,Chain linked volume,G1,"Growth rate, period on period",T0102,Table 0102 - GDP identity from the expenditure side,2019-Q3,,0.189599,,,,,,F,Free (free for publication),1,One,A,Normal value,0,Units,_Z,Not applicable
DATAFLOW,OECD.SDD.NAD:DSD_NAMAIN1@DF_QNA_EXPENDITURE_GROWTH_G20(1.1),Quarterly real GDP growth - G20 countries,I,Q,Quarterly,Y,Calendar and seasonally adjusted,EA20,Euro area (20 countries),S1,Total economy,S1,Total economy,B1GQ,Gross domestic product,_Z,Not applicable,_Z,Not applicable,_Z,Not applicable,PC,Percentage change,L,Chain linked volume,G1,"Growth rate, period on period",T0102,Table 0102 - GDP identity from the expenditure side,2019-Q4,,-0.105761,,,,,,F,Free (free for publication),1,One,A,Normal value,0,Units,_Z,Not applicable
DATAFLOW,OECD.SDD.NAD:DSD_NAMAIN1@DF_QNA_EXPENDITURE_GROWTH_G20(1.1),Quarterly real GDP growth - G20 countries,I,Q,Quarterly,Y,Calendar and seasonally adjusted,EA20,Euro area (20 countries),S1,Total economy,S1,Total economy,B1GQ,Gross domestic product,_Z,Not applicable,_Z,Not applicable,_Z,Not applicable,PC,Percentage change,L,Chain linked volume,G1,"Growth rate, period on period",T0102,Table 0102 - GDP identity from the expenditure side,2020-Q1,,-3.25295,,,,,,F,Free (free for publication),1,One,A,Normal value,0,Units,_Z,Not applicable
DATAFLOW,OECD.SDD.NAD:DSD_NAMAIN1@DF_QNA_EXPENDITURE_GROWTH_G20(1.1),Quarterly real GDP growth - G20 countries,I,Q,Quarterly,Y,Calendar and seasonally adjusted,EA20,Euro area (20 countries),S1,Total economy,S1,Total economy,B1GQ,Gross domestic product,_Z,Not applicable,_Z,Not applicable,_Z,Not applicable,PC,Percentage change,L,Chain linked volume,G1,"Growth rate, period on period",T0102,Table 0102 - GDP identity from the expenditure side,2020-Q2,,-11.110217,,,,,,F,Free (free for publication),1,One,A,Normal value,0,Units,_Z,Not applicable
DATAFLOW,OECD.SDD.NAD:DSD_NAMAIN1@DF_QNA_EXPENDITURE_GROWTH_G20(1.1),Quarterly real GDP growth - G20 countries,I,Q,Quarterly,Y,Calendar and seasonally adjusted,EA20,Euro area (20 countries),S1,Total economy,S1,Total economy,B1GQ,Gross domestic product,_Z,Not applicable,_Z,Not applicable,_Z,Not applicable,PC,Percentage change,L,Chain linked volume,G1,"Growth rate, period on period",T0102,Table 0102 - GDP identity from the expenditure side,2020-Q3,,11.547993,,,,,,F,Free (free for publication),1,One,A,Normal value,0,Units,_Z,Not applicable
DATAFLOW,OECD.SDD.NAD:DSD_NAMAIN1@DF_QNA_EXPENDITURE_GROWTH_G20(1.1),Quarterly real GDP growth - G20 countries,I,Q,Quarterly,Y,Calendar and seasonally adjusted,EA20,Euro area (20 countries),S1,Total economy,S1,Total economy,B1GQ,Gross domestic product,_Z,Not applicable,_Z,Not applicable,_Z,Not applicable,PC,Percentage change,L,Chain linked volume,G1,"Growth rate, period on period",T0102,Table 0102 - GDP identity from the expenditure side,2020-Q4,,0.361994,,,,,,F,Free (free for publication),1,One,A,Normal value,0,Units,_Z,Not applicable
DATAFLOW,OECD.SDD.NAD:DSD_NAMAIN1@DF_QNA_EXPENDITURE_GROWTH_G20(1.1),Quarterly real GDP growth - G20 countries,I,Q,Quarterly,Y,Calendar and seasonally adjusted,EA20,Euro area (20 countries),S1,Total economy,S1,Total economy,B1GQ,Gross domestic product,_Z,Not applicable,_Z,Not applicable,_Z,Not applicable,PC,Percentage change,L,Chain linked volume,G1,"Growth rate, period on period",T0102,Table 0102 - GDP identity from the expenditure side,2021-Q1,,0.788765,,,,,,F,Free (free for publication),1,One,A,Normal value,0,Units,_Z,Not applicable
DATAFLOW,OECD.SDD.NAD:DSD_NAMAIN1@DF_QNA_EXPENDITURE_GROWTH_G20(1.1),Quarterly real GDP growth - G20 countries,I,Q,Quarterly,Y,Calendar and seasonally adjusted,EA20,Euro area (20 countries),S1,Total economy,S1,Total economy,B1GQ,Gross domestic product,_Z,Not applicable,_Z,Not applicable,_Z,Not applicable,PC,Percentage change,L,Chain linked volume,G1,"Growth rate, period on period",T0102,Table 0102 - GDP identity from the expenditure side,2021-Q2,,2.171181,,,,,,F,Free (free for publication),1,One,A,Normal value,0,Units,_Z,Not applicable
DATAFLOW,OECD.SDD.NAD:DSD_NAMAIN1@DF_QNA_EXPENDITURE_GROWTH_G20(1.1),Quarterly real GDP growth - G20 countries,I,Q,Quarterly,Y,Calendar and seasonally adjusted,EA20,Euro area (20 countries),S1,Total economy,S1,Total economy,B1GQ,Gross domestic product,_Z,Not applicable,_Z,Not applicable,_Z,Not applicable,PC,Percentage change,L,Chain linked volume,G1,"Growth rate, period on period",T0102,Table 0102 - GDP identity from the expenditure side,2021-Q3,,1.75588,,,,,,F,Free (free for publication),1,One,A,Normal value,0,Units,_Z,Not applicable
DATAFLOW,OECD.SDD.NAD:DSD_NAMAIN1@DF_QNA_EXPENDITURE_GROWTH_G20(1.1),Quarterly real GDP growth - G20 countries,I,Q,Quarterly,Y,Calendar and seasonally adjusted,EA20,Euro area (20 countries),S1,Total economy,S1,Total economy,B1GQ,Gross domestic product,_Z,Not applicable,_Z,Not applicable,_Z,Not applicable,PC,Percentage change,L,Chain linked volume,G1,"Growth rate, period on period",T0102,Table 0102 - GDP identity from the expenditure side,2021-Q4,,0.808528,,,,,,F,Free (free for publication),1,One,A,Normal value,0,Units,_Z,Not applicable
DATAFLOW,OECD.SDD.NAD:DSD_NAMAIN1@DF_QNA_EXPENDITURE_GROWTH_G20(1.1),Quarterly real GDP growth - G20 countries,I,Q,Quarterly,Y,Calendar and seasonally adjusted,EA20,Euro area (20 countries),S1,Total economy,S1,Total economy,B1GQ,Gross domestic product,_Z,Not applicable,_Z,Not applicable,_Z,Not applicable,PC,Percentage change,L,Chain linked volume,G1,"Growth rate, period on period",T0102,Table 0102 - GDP identity from the expenditure side,2022-Q1,,0.733422,,,,,,F,Free (free for publication),1,One,A,Normal value,0,Units,_Z,Not applicable
DATAFLOW,OECD.SDD.NAD:DSD_NAMAIN1@DF_QNA_EXPENDITURE_GROWTH_G20(1.1),Quarterly real GDP growth - G20 countries,I,Q,Quarterly,Y,Calendar and seasonally adjusted,EA20,Euro area (20 countries),S1,Total economy,S1,Total economy,B1GQ,Gross domestic product,_Z,Not applicable,_Z,Not applicable,_Z,Not applicable,PC,Percentage change,L,Chain linked volume,G1,"Growth rate, period on period",T0102,Table 0102 - GDP identity from the expenditure side,2022-Q2,,0.936293,,,,,,F,Free (free for publication),1,One,A,Normal value,0,Units,_Z,Not applicable
DATAFLOW,OECD.SDD.NAD:DSD_NAMAIN1@DF_QNA_EXPENDITURE_GROWTH_G20(1.1),Quarterly real GDP growth - G20 countries,I,Q,Quarterly,Y,Calendar and seasonally adjusted,EA20,Euro area (20 countries),S1,Total economy,S1,Total economy,B1GQ,Gross domestic product,_Z,Not applicable,_Z,Not applicable,_Z,Not applicable,PC,Percentage change,L,Chain linked volume,G1,"Growth rate, period on period",T0102,Table 0102 - GDP identity from the expenditure side,2022-Q3,,0.446275,,,,,,F,Free (free for publication),1,One,A,Normal value,0,Units,_Z,Not applicable
DATAFLOW,OECD.SDD.NAD:DSD_NAMAIN1@DF_QNA_EXPENDITURE_GROWTH_G20(1.1),Quarterly real GDP growth - G20 countries,I,Q,Quarterly,Y,Calendar and seasonally adjusted,EA20,Euro area (20 countries),S1,Total economy,S1,Total economy,B1GQ,Gross domestic product,_Z,Not applicable,_Z,Not applicable,_Z,Not applicable,PC,Percentage change,L,Chain linked volume,G1,"Growth rate, period on period",T0102,Table 0102 - GDP identity from the expenditure side,2022-Q4,,-0.048256,,,,,,F,Free (free for publication),1,One,A,Normal value,0,Units,_Z,Not applicable
DATAFLOW,OECD.SDD.NAD:DSD_NAMAIN1@DF_QNA_EXPENDITURE_GROWTH_G20(1.1),Quarterly real GDP growth - G20 countries,I,Q,Quarterly,Y,Calendar and seasonally adjusted,EA20,Euro area (20 countries),S1,Total economy,S1,Total economy,B1GQ,Gross domestic product,_Z,Not applicable,_Z,Not applicable,_Z,Not applicable,PC,Percentage change,L,Chain linked volume,G1,"Growth rate, period on period",T0102,Table 0102 - GDP identity from the expenditure side,2023-Q1,,-0.012935,,,,,,F,Free (free for publication),1,One,A,Normal value,0,Units,_Z,Not applicable
DATAFLOW,OECD.SDD.NAD:DSD_NAMAIN1@DF_QNA_EXPENDITURE_GROWTH_G20(1.1),Quarterly real GDP growth - G20 countries,I,Q,Quarterly,Y,Calendar and seasonally adjusted,EA20,Euro area (20 countries),S1,Total economy,S1,Total economy,B1GQ,Gross domestic product,_Z,Not applicable,_Z,Not applicable,_Z,Not applicable,PC,Percentage change,L,Chain linked volume,G1,"Growth rate, period on period",T0102,Table 0102 - GDP identity from the expenditure side,2023-Q2,,0.197238,,,,,,F,Free (free for publication),1,One,A,Normal value,0,Units,_Z,Not applicable
DATAFLOW,OECD.SDD.NAD:DSD_NAMAIN1@DF_QNA_EXPENDITURE_GROWTH_G20(1.1),Quarterly real GDP growth - G20 countries,I,Q,Quarterly,Y,Calendar and seasonally adjusted,EA20,Euro area (20 countries),S1,Total economy,S1,Total economy,B1GQ,Gross domestic product,_Z,Not applicable,_Z,Not applicable,_Z,Not applicable,PC,Percentage change,L,Chain linked volume,G1,"Growth rate, period on period",T0102,Table 0102 - GDP identity from the expenditure side,2023-Q3,,-0.029693,,,,,,F,Free (free for publication),1,One,A,Normal value,0,Units,_Z,Not applicable
DATAFLOW,OECD.SDD.NAD:DSD_NAMAIN1@DF_QNA_EXPENDITURE_GROWTH_G20(1.1),Quarterly real GDP growth - G20 countries,I,Q,Quarterly,Y,Calendar and seasonally adjusted,EA20,Euro area (20 countries),S1,Total economy,S1,Total economy,B1GQ,Gross domestic product,_Z,Not applicable,_Z,Not applicable,_Z,Not applicable,PC,Percentage change,L,Chain linked volume,G1,"Growth rate, period on period",T0102,Table 0102 - GDP identity from the expenditure side,2023-Q4,,0.074927,,,,,,F,Free (free for publication),1,One,A,Normal value,0,Units,_Z,Not applicable
DATAFLOW,OECD.SDD.NAD:DSD_NAMAIN1@DF_QNA_EXPENDITURE_GROWTH_G20(1.1),Quarterly real GDP growth - G20 countries,I,Q,Quarterly,Y,Calendar and seasonally adjusted,EA20,Euro area (20 countries),S1,Total economy,S1,Total economy,B1GQ,Gross domestic product,_Z,Not applicable,_Z,Not applicable,_Z,Not applicable,PC,Percentage change,L,Chain linked volume,G1,"Growth rate, period on period",T0102,Table 0102 - GDP identity from the expenditure side,2024-Q1,,0.272875,,,,,,F,Free (free for publication),1,One,A,Normal value,0,Units,_Z,Not applicable
DATAFLOW,OECD.SDD.NAD:DSD_NAMAIN1@DF_QNA_EXPENDITURE_GROWTH_G20(1.1),Quarterly real GDP growth - G20 countries,I,Q,Quarterly,Y,Calendar and seasonally adjusted,EA20,Euro area (20 countries),S1,Total economy,S1,Total economy,B1GQ,Gross domestic product,_Z,Not applicable,_Z,Not applicable,_Z,Not applicable,PC,Percentage change,L,Chain linked volume,G1,"Growth rate, period on period",T0102,Table 0102 - GDP identity from the expenditure side,2024-Q2,,0.225299,,,,,,F,Free (free for publication),1,One,A,Normal value,0,Units,_Z,Not applicable
DATAFLOW,OECD.SDD.NAD:DSD_NAMAIN1@DF_QNA_EXPENDITURE_GROWTH_G20(1.1),Quarterly real GDP growth - G20 countries,I,Q,Quarterly,Y,Calendar and seasonally adjusted,EA20,Euro area (20 countries),S1,Total economy,S1,Total economy,B1GQ,Gross domestic product,_Z,Not applicable,_Z,Not applicable,_Z,Not applicable,PC,Percentage change,L,Chain linked volume,G1,"Growth rate, period on period",T0102,Table 0102 - GDP identity from the expenditure side,2024-Q3,,0.405383,,,,,,F,Free (free for publication),1,One,A,Normal value,0,Units,_Z,Not applicable
DATAFLOW,OECD.SDD.NAD:DSD_NAMAIN1@DF_QNA_EXPENDITURE_GROWTH_G20(1.1),Quarterly real GDP growth - G20 countries,I,Q,Quarterly,Y,Calendar and seasonally adjusted,EA20,Euro area (20 countries),S1,Total economy,S1,Total economy,B1GQ,Gross domestic product,_Z,Not applicable,_Z,Not applicable,_Z,Not applicable,PC,Percentage change,L,Chain linked volume,G1,"Growth rate, period on period",T0102,Table 0102 - GDP identity from the expenditure side,2024-Q4,,0.428116,,,,,,F,Free (free for publication),1,One,A,Normal value,0,Units,_Z,Not applicable
DATAFLOW,OECD.SDD.NAD:DSD_NAMAIN1@DF_QNA_EXPENDITURE_GROWTH_G20(1.1),Quarterly real GDP growth - G20 countries,I,Q,Quarterly,Y,Calendar and seasonally adjusted,EA20,Euro area (20 countries),S1,Total economy,S1,Total economy,B1GQ,Gross domestic product,_Z,Not applicable,_Z,Not applicable,_Z,Not applicable,PC,Percentage change,L,Chain linked volume,G1,"Growth rate, period on period",T0102,Table 0102 - GDP identity from the expenditure side,2025-Q1,,0.563892,,,,,,F,Free (free for publication),1,One,A,Normal value,0,Units,_Z,Not applicable
DATAFLOW,OECD.SDD.NAD:DSD_NAMAIN1@DF_QNA_EXPENDITURE_GROWTH_G20(1.1),Quarterly real GDP growth - G20 countries,I,Q,Quarterly,Y,Calendar and seasonally adjusted,EA20,Euro area (20 countries),S1,Total economy,S1,Total economy,B1GQ,Gross domestic product,_Z,Not applicable,_Z,Not applicable,_Z,Not applicable,PC,Percentage change,L,Chain linked volume,G1,"Growth rate, period on period",T0102,Table 0102 - GDP identity from the expenditure side,2025-Q2,,0.127141,,,,,,F,Free (free for publication),1,One,A,Normal value,0,Units,_Z,Not applicable
DATAFLOW,OECD.SDD.NAD:DSD_NAMAIN1@DF_QNA_EXPENDITURE_GROWTH_G20(1.1),Quarterly real GDP growth - G20 countries,I,Q,Quarterly,Y,Calendar and seasonally adjusted,EU27_2020,European Union (27 countries from 01/02/2020),S1,Total economy,S1,Total economy,B1GQ,Gross domestic product,_Z,Not applicable,_Z,Not applicable,_Z,Not applicable,PC,Percentage change,L,Chain linked volume,G1,"Growth rate, period on period",T0102,Table 0102 - GDP identity from the expenditure side,2010-Q1,,0.335285,,,,,,F,Free (free for publication),1,One,A,Normal value,0,Units,_Z,Not applicable
DATAFLOW,OECD.SDD.NAD:DSD_NAMAIN1@DF_QNA_EXPENDITURE_GROWTH_G20(1.1),Quarterly real GDP growth - G20 countries,I,Q,Quarterly,Y,Calendar and seasonally adjusted,EU27_2020,European Union (27 countries from 01/02/2020),S1,Total economy,S1,Total economy,B1GQ,Gross domestic product,_Z,Not applicable,_Z,Not applicable,_Z,Not applicable,PC,Percentage change,L,Chain linked volume,G1,"Growth rate, period on period",T0102,Table 0102 - GDP identity from the expenditure side,2010-Q2,,1.019876,,,,,,F,Free (free for publication),1,One,A,Normal value,0,Units,_Z,Not applicable
DATAFLOW,OECD.SDD.NAD:DSD_NAMAIN1@DF_QNA_EXPENDITURE_GROWTH_G20(1.1),Quarterly real GDP growth - G20 countries,I,Q,Quarterly,Y,Calendar and seasonally adjusted,EU27_2020,European Union (27 countries from 01/02/2020),S1,Total economy,S1,Total economy,B1GQ,Gross domestic product,_Z,Not applicable,_Z,Not applicable,_Z,Not applicable,PC,Percentage change,L,Chain linked volume,G1,"Growth rate, period on period",T0102,Table 0102 - GDP identity from the expenditure side,2010-Q3,,0.482522,,,,,,F,Free (free for publication),1,One,A,Normal value,0,Units,_Z,Not applicable
DATAFLOW,OECD.SDD.NAD:DSD_NAMAIN1@DF_QNA_EXPENDITURE_GROWTH_G20(1.1),Quarterly real GDP growth - G20 countries,I,Q,Quarterly,Y,Calendar and seasonally adjusted,EU27_2020,European Union (27 countries from 01/02/2020),S1,Total economy,S1,Total economy,B1GQ,Gross domestic product,_Z,Not applicable,_Z,Not applicable,_Z,Not applicable,PC,Percentage change,L,Chain linked volume,G1,"Growth rate, period on period",T0102,Table 0102 - GDP identity from the expenditure side,2010-Q4,,0.596197,,,,,,F,Free (free for publication),1,One,A,Normal value,0,Units,_Z,Not applicable
DATAFLOW,OECD.SDD.NAD:DSD_NAMAIN1@DF_QNA_EXPENDITURE_GROWTH_G20(1.1),Quarterly real GDP growth - G20 countries,I,Q,Quarterly,Y,Calendar and seasonally adjusted,EU27_2020,European Union (27 countries from 01/02/2020),S1,Total economy,S1,Total economy,B1GQ,Gross domestic product,_Z,Not applicable,_Z,Not applicable,_Z,Not applicable,PC,Percentage change,L,Chain linked volume,G1,"Growth rate, period on period",T0102,Table 0102 - GDP identity from the expenditure side,2011-Q1,,0.983569,,,,,,F,Free (free for publication),1,One,A,Normal value,0,Units,_Z,Not applicable
DATAFLOW,OECD.SDD.NAD:DSD_NAMAIN1@DF_QNA_EXPENDITURE_GROWTH_G20(1.1),Quarterly real GDP growth - G20 countries,I,Q,Quarterly,Y,Calendar and seasonally adjusted,EU27_2020,European Union (27 countries from 01/02/2020),S1,Total economy,S1,Total economy,B1GQ,Gross domestic product,_Z,Not applicable,_Z,Not applicable,_Z,Not applicable,PC,Percentage change,L,Chain linked volume,G1,"Growth rate, period on period",T0102,Table 0102 - GDP identity from the expenditure side,2011-Q2,,0.117715,,,,,,F,Free (free for publication),1,One,A,Normal value,0,Units,_Z,Not applicable
DATAFLOW,OECD.SDD.NAD:DSD_NAMAIN1@DF_QNA_EXPENDITURE_GROWTH_G20(1.1),Quarterly real GDP growth - G20 countries,I,Q,Quarterly,Y,Calendar and seasonally adjusted,EU27_2020,European Union (27 countries from 01/02/2020),S1,Total economy,S1,Total economy,B1GQ,Gross domestic product,_Z,Not applicable,_Z,Not applicable,_Z,Not applicable,PC,Percentage change,L,Chain linked volume,G1,"Growth rate, period on period",T0102,Table 0102 - GDP identity from the expenditure side,2011-Q3,,0.082486,,,,,,F,Free (free for publication),1,One,A,Normal value,0,Units,_Z,Not applicable
DATAFLOW,OECD.SDD.NAD:DSD_NAMAIN1@DF_QNA_EXPENDITURE_GROWTH_G20(1.1),Quarterly real GDP growth - G20 countries,I,Q,Quarterly,Y,Calendar and seasonally adjusted,EU27_2020,European Union (27 countries from 01/02/2020),S1,Total economy,S1,Total economy,B1GQ,Gross domestic product,_Z,Not applicable,_Z,Not applicable,_Z,Not applicable,PC,Percentage change,L,Chain linked volume,G1,"Growth rate, period on period",T0102,Table 0102 - GDP identity from the expenditure side,2011-Q4,,-0.368335,,,,,,F,Free (free for publication),1,One,A,Normal value,0,Units,_Z,Not applicable
DATAFLOW,OECD.SDD.NAD:DSD_NAMAIN1@DF_QNA_EXPENDITURE_GROWTH_G20(1.1),Quarterly real GDP growth - G20 countries,I,Q,Quarterly,Y,Calendar and seasonally adjusted,EU27_2020,European Union (27 countries from 01/02/2020),S1,Total economy,S1,Total economy,B1GQ,Gross domestic product,_Z,Not applicable,_Z,Not applicable,_Z,Not applicable,PC,Percentage change,L,Chain linked volume,G1,"Growth rate, period on period",T0102,Table 0102 - GDP identity from the expenditure side,2012-Q1,,-0.123683,,,,,,F,Free (free for publication),1,One,A,Normal value,0,Units,_Z,Not applicable
DATAFLOW,OECD.SDD.NAD:DSD_NAMAIN1@DF_QNA_EXPENDITURE_GROWTH_G20(1.1),Quarterly real GDP growth - G20 countries,I,Q,Quarterly,Y,Calendar and seasonally adjusted,EU27_2020,European Union (27 countries from 01/02/2020),S1,Total economy,S1,Total economy,B1GQ,Gross domestic product,_Z,Not applicable,_Z,Not applicable,_Z,Not applicable,PC,Percentage change,L,Chain linked volume,G1,"Growth rate, period on period",T0102,Table 0102 - GDP identity from the expenditure side,2012-Q2,,-0.320329,,,,,,F,Free (free for publication),1,One,A,Normal value,0,Units,_Z,Not applicable
DATAFLOW,OECD.SDD.NAD:DSD_NAMAIN1@DF_QNA_EXPENDITURE_GROWTH_G20(1.1),Quarterly real GDP growth - G20 countries,I,Q,Quarterly,Y,Calendar and seasonally adjusted,EU27_2020,European Union (27 countries from 01/02/2020),S1,Total economy,S1,Total economy,B1GQ,Gross domestic product,_Z,Not applicable,_Z,Not applicable,_Z,Not applicable,PC,Percentage change,L,Chain linked volume,G1,"Growth rate, period on period",T0102,Table 0102 - GDP identity from the expenditure side,2012-Q3,,-0.121532,,,,,,F,Free (free for publication),1,One,A,Normal value,0,Units,_Z,Not applicable
DATAFLOW,OECD.SDD.NAD:DSD_NAMAIN1@DF_QNA_EXPENDITURE_GROWTH_G20(1.1),Quarterly real GDP growth - G20 countries,I,Q,Quarterly,Y,Calendar and seasonally adjusted,EU27_2020,European Union (27 countries from 01/02/2020),S1,Total economy,S1,Total economy,B1GQ,Gross domestic product,_Z,Not applicable,_Z,Not applicable,_Z,Not applicable,PC,Percentage change,L,Chain linked volume,G1,"Growth rate, period on period",T0102,Table 0102 - GDP identity from the expenditure side,2012-Q4,,-0.436789,,,,,,F,Free (free for publication),1,One,A,Normal value,0,Units,_Z,Not applicable
DATAFLOW,OECD.SDD.NAD:DSD_NAMAIN1@DF_QNA_EXPENDITURE_GROWTH_G20(1.1),Quarterly real GDP growth - G20 countries,I,Q,Quarterly,Y,Calendar and seasonally adjusted,EU27_2020,European Union (27 countries from 01/02/2020),S1,Total economy,S1,Total economy,B1GQ,Gross domestic product,_Z,Not applicable,_Z,Not applicable,_Z,Not applicable,PC,Percentage change,L,Chain linked volume,G1,"Growth rate, period on period",T0102,Table 0102 - GDP identity from the expenditure side,2013-Q1,,-0.252859,,,,,,F,Free (free for publication),1,One,A,Normal value,0,Units,_Z,Not applicable
DATAFLOW,OECD.SDD.NAD:DSD_NAMAIN1@DF_QNA_EXPENDITURE_GROWTH_G20(1.1),Quarterly real GDP growth - G20 countries,I,Q,Quarterly,Y,Calendar and seasonally adjusted,EU27_2020,European Union (27 countries from 01/02/2020),S1,Total economy,S1,Total economy,B1GQ,Gross domestic product,_Z,Not applicable,_Z,Not applicable,_Z,Not applicable,PC,Percentage change,L,Chain linked volume,G1,"Growth rate, period on period",T0102,Table 0102 - GDP identity from the expenditure side,2013-Q2,,0.644181,,,,,,F,Free (free for publication),1,One,A,Normal value,0,Units,_Z,Not applicable
DATAFLOW,OECD.SDD.NAD:DSD_NAMAIN1@DF_QNA_EXPENDITURE_GROWTH_G20(1.1),Quarterly real GDP growth - G20 countries,I,Q,Quarterly,Y,Calendar and seasonally adjusted,EU27_2020,European Union (27 countries from 01/02/2020),S1,Total economy,S1,Total economy,B1GQ,Gross domestic product,_Z,Not applicable,_Z,Not applicable,_Z,Not applicable,PC,Percentage change,L,Chain linked volume,G1,"Growth rate, period on period",T0102,Table 0102 - GDP identity from the expenditure side,2013-Q3,,0.36719,,,,,,F,Free (free for publication),1,One,A,Normal value,0,Units,_Z,Not applicable
DATAFLOW,OECD.SDD.NAD:DSD_NAMAIN1@DF_QNA_EXPENDITURE_GROWTH_G20(1.1),Quarterly real GDP growth - G20 countries,I,Q,Quarterly,Y,Calendar and seasonally adjusted,EU27_2020,European Union (27 countries from 01/02/2020),S1,Total economy,S1,Total economy,B1GQ,Gross domestic product,_Z,Not applicable,_Z,Not applicable,_Z,Not applicable,PC,Percentage change,L,Chain linked volume,G1,"Growth rate, period on period",T0102,Table 0102 - GDP identity from the expenditure side,2013-Q4,,0.266584,,,,,,F,Free (free for publication),1,One,A,Normal value,0,Units,_Z,Not applicable
DATAFLOW,OECD.SDD.NAD:DSD_NAMAIN1@DF_QNA_EXPENDITURE_GROWTH_G20(1.1),Quarterly real GDP growth - G20 countries,I,Q,Quarterly,Y,Calendar and seasonally adjusted,EU27_2020,European Union (27 countries from 01/02/2020),S1,Total economy,S1,Total economy,B1GQ,Gross domestic product,_Z,Not applicable,_Z,Not applicable,_Z,Not applicable,PC,Percentage change,L,Chain linked volume,G1,"Growth rate, period on period",T0102,Table 0102 - GDP identity from the expenditure side,2014-Q1,,0.485647,,,,,,F,Free (free for publication),1,One,A,Normal value,0,Units,_Z,Not applicable
DATAFLOW,OECD.SDD.NAD:DSD_NAMAIN1@DF_QNA_EXPENDITURE_GROWTH_G20(1.1),Quarterly real GDP growth - G20 countries,I,Q,Quarterly,Y,Calendar and seasonally adjusted,EU27_2020,European Union (27 countries from 01/02/2020),S1,Total economy,S1,Total economy,B1GQ,Gross domestic product,_Z,Not applicable,_Z,Not applicable,_Z,Not applicable,PC,Percentage change,L,Chain linked volume,G1,"Growth rate, period on period",T0102,Table 0102 - GDP identity from the expenditure side,2014-Q2,,0.294401,,,,,,F,Free (free for publication),1,One,A,Normal value,0,Units,_Z,Not applicable
DATAFLOW,OECD.SDD.NAD:DSD_NAMAIN1@DF_QNA_EXPENDITURE_GROWTH_G20(1.1),Quarterly real GDP growth - G20 countries,I,Q,Quarterly,Y,Calendar and seasonally adjusted,EU27_2020,European Union (27 countries from 01/02/2020),S1,Total economy,S1,Total economy,B1GQ,Gross domestic product,_Z,Not applicable,_Z,Not applicable,_Z,Not applicable,PC,Percentage change,L,Chain linked volume,G1,"Growth rate, period on period",T0102,Table 0102 - GDP identity from the expenditure side,2014-Q3,,0.563594,,,,,,F,Free (free for publication),1,One,A,Normal value,0,Units,_Z,Not applicable
DATAFLOW,OECD.SDD.NAD:DSD_NAMAIN1@DF_QNA_EXPENDITURE_GROWTH_G20(1.1),Quarterly real GDP growth - G20 countries,I,Q,Quarterly,Y,Calendar and seasonally adjusted,EU27_2020,European Union (27 countries from 01/02/2020),S1,Total economy,S1,Total economy,B1GQ,Gross domestic product,_Z,Not applicable,_Z,Not applicable,_Z,Not applicable,PC,Percentage change,L,Chain linked volume,G1,"Growth rate, period on period",T0102,Table 0102 - GDP identity from the expenditure side,2014-Q4,,0.38947,,,,,,F,Free (free for publication),1,One,A,Normal value,0,Units,_Z,Not applicable
DATAFLOW,OECD.SDD.NAD:DSD_NAMAIN1@DF_QNA_EXPENDITURE_GROWTH_G20(1.1),Quarterly real GDP growth - G20 countries,I,Q,Quarterly,Y,Calendar and seasonally adjusted,EU27_2020,European Union (27 countries from 01/02/2020),S1,Total economy,S1,Total economy,B1GQ,Gross domestic product,_Z,Not applicable,_Z,Not applicable,_Z,Not applicable,PC,Percentage change,L,Chain linked volume,G1,"Growth rate, period on period",T0102,Table 0102 - GDP identity from the expenditure side,2015-Q1,,0.828753,,,,,,F,Free (free for publication),1,One,A,Normal value,0,Units,_Z,Not applicable
DATAFLOW,OECD.SDD.NAD:DSD_NAMAIN1@DF_QNA_EXPENDITURE_GROWTH_G20(1.1),Quarterly real GDP growth - G20 countries,I,Q,Quarterly,Y,Calendar and seasonally adjusted,EU27_2020,European Union (27 countries from 01/02/2020),S1,Total economy,S1,Total economy,B1GQ,Gross domestic product,_Z,Not applicable,_Z,Not applicable,_Z,Not applicable,PC,Percentage change,L,Chain linked volume,G1,"Growth rate, period on period",T0102,Table 0102 - GDP identity from the expenditure side,2015-Q2,,0.523584,,,,,,F,Free (free for publication),1,One,A,Normal value,0,Units,_Z,Not applicable
DATAFLOW,OECD.SDD.NAD:DSD_NAMAIN1@DF_QNA_EXPENDITURE_GROWTH_G20(1.1),Quarterly real GDP growth - G20 countries,I,Q,Quarterly,Y,Calendar and seasonally adjusted,EU27_2020,European Union (27 countries from 01/02/2020),S1,Total economy,S1,Total economy,B1GQ,Gross domestic product,_Z,Not applicable,_Z,Not applicable,_Z,Not applicable,PC,Percentage change,L,Chain linked volume,G1,"Growth rate, period on period",T0102,Table 0102 - GDP identity from the expenditure side,2015-Q3,,0.449742,,,,,,F,Free (free for publication),1,One,A,Normal value,0,Units,_Z,Not applicable
DATAFLOW,OECD.SDD.NAD:DSD_NAMAIN1@DF_QNA_EXPENDITURE_GROWTH_G20(1.1),Quarterly real GDP growth - G20 countries,I,Q,Quarterly,Y,Calendar and seasonally adjusted,EU27_2020,European Union (27 countries from 01/02/2020),S1,Total economy,S1,Total economy,B1GQ,Gross domestic product,_Z,Not applicable,_Z,Not applicable,_Z,Not applicable,PC,Percentage change,L,Chain linked volume,G1,"Growth rate, period on period",T0102,Table 0102 - GDP identity from the expenditure side,2015-Q4,,0.517452,,,,,,F,Free (free for publication),1,One,A,Normal value,0,Units,_Z,Not applicable
DATAFLOW,OECD.SDD.NAD:DSD_NAMAIN1@DF_QNA_EXPENDITURE_GROWTH_G20(1.1),Quarterly real GDP growth - G20 countries,I,Q,Quarterly,Y,Calendar and seasonally adjusted,EU27_2020,European Union (27 countries from 01/02/2020),S1,Total economy,S1,Total economy,B1GQ,Gross domestic product,_Z,Not applicable,_Z,Not applicable,_Z,Not applicable,PC,Percentage change,L,Chain linked volume,G1,"Growth rate, period on period",T0102,Table 0102 - GDP identity from the expenditure side,2016-Q1,,0.456197,,,,,,F,Free (free for publication),1,One,A,Normal value,0,Units,_Z,Not applicable
DATAFLOW,OECD.SDD.NAD:DSD_NAMAIN1@DF_QNA_EXPENDITURE_GROWTH_G20(1.1),Quarterly real GDP growth - G20 countries,I,Q,Quarterly,Y,Calendar and seasonally adjusted,EU27_2020,European Union (27 countries from 01/02/2020),S1,Total economy,S1,Total economy,B1GQ,Gross domestic product,_Z,Not applicable,_Z,Not applicable,_Z,Not applicable,PC,Percentage change,L,Chain linked volume,G1,"Growth rate, period on period",T0102,Table 0102 - GDP identity from the expenditure side,2016-Q2,,0.291649,,,,,,F,Free (free for publication),1,One,A,Normal value,0,Units,_Z,Not applicable
DATAFLOW,OECD.SDD.NAD:DSD_NAMAIN1@DF_QNA_EXPENDITURE_GROWTH_G20(1.1),Quarterly real GDP growth - G20 countries,I,Q,Quarterly,Y,Calendar and seasonally adjusted,EU27_2020,European Union (27 countries from 01/02/2020),S1,Total economy,S1,Total economy,B1GQ,Gross domestic product,_Z,Not applicable,_Z,Not applicable,_Z,Not applicable,PC,Percentage change,L,Chain linked volume,G1,"Growth rate, period on period",T0102,Table 0102 - GDP identity from the expenditure side,2016-Q3,,0.496945,,,,,,F,Free (free for publication),1,One,A,Normal value,0,Units,_Z,Not applicable
DATAFLOW,OECD.SDD.NAD:DSD_NAMAIN1@DF_QNA_EXPENDITURE_GROWTH_G20(1.1),Quarterly real GDP growth - G20 countries,I,Q,Quarterly,Y,Calendar and seasonally adjusted,EU27_2020,European Union (27 countries from 01/02/2020),S1,Total economy,S1,Total economy,B1GQ,Gross domestic product,_Z,Not applicable,_Z,Not applicable,_Z,Not applicable,PC,Percentage change,L,Chain linked volume,G1,"Growth rate, period on period",T0102,Table 0102 - GDP identity from the expenditure side,2016-Q4,,0.784488,,,,,,F,Free (free for publication),1,One,A,Normal value,0,Units,_Z,Not applicable
DATAFLOW,OECD.SDD.NAD:DSD_NAMAIN1@DF_QNA_EXPENDITURE_GROWTH_G20(1.1),Quarterly real GDP growth - G20 countries,I,Q,Quarterly,Y,Calendar and seasonally adjusted,EU27_2020,European Union (27 countries from 01/02/2020),S1,Total economy,S1,Total economy,B1GQ,Gross domestic product,_Z,Not applicable,_Z,Not applicable,_Z,Not applicable,PC,Percentage change,L,Chain linked volume,G1,"Growth rate, period on period",T0102,Table 0102 - GDP identity from the expenditure side,2017-Q1,,0.886516,,,,,,F,Free (free for publication),1,One,A,Normal value,0,Units,_Z,Not applicable
DATAFLOW,OECD.SDD.NAD:DSD_NAMAIN1@DF_QNA_EXPENDITURE_GROWTH_G20(1.1),Quarterly real GDP growth - G20 countries,I,Q,Quarterly,Y,Calendar and seasonally adjusted,EU27_2020,European Union (27 countries from 01/02/2020),S1,Total economy,S1,Total economy,B1GQ,Gross domestic product,_Z,Not applicable,_Z,Not applicable,_Z,Not applicable,PC,Percentage change,L,Chain linked volume,G1,"Growth rate, period on period",T0102,Table 0102 - GDP identity from the expenditure side,2017-Q2,,0.731748,,,,,,F,Free (free for publication),1,One,A,Normal value,0,Units,_Z,Not applicable
DATAFLOW,OECD.SDD.NAD:DSD_NAMAIN1@DF_QNA_EXPENDITURE_GROWTH_G20(1.1),Quarterly real GDP growth - G20 countries,I,Q,Quarterly,Y,Calendar and seasonally adjusted,EU27_2020,European Union (27 countries from 01/02/2020),S1,Total economy,S1,Total economy,B1GQ,Gross domestic product,_Z,Not applicable,_Z,Not applicable,_Z,Not applicable,PC,Percentage change,L,Chain linked volume,G1,"Growth rate, period on period",T0102,Table 0102 - GDP identity from the expenditure side,2017-Q3,,0.738857,,,,,,F,Free (free for publication),1,One,A,Normal value,0,Units,_Z,Not applicable
DATAFLOW,OECD.SDD.NAD:DSD_NAMAIN1@DF_QNA_EXPENDITURE_GROWTH_G20(1.1),Quarterly real GDP growth - G20 countries,I,Q,Quarterly,Y,Calendar and seasonally adjusted,EU27_2020,European Union (27 countries from 01/02/2020),S1,Total economy,S1,Total economy,B1GQ,Gross domestic product,_Z,Not applicable,_Z,Not applicable,_Z,Not applicable,PC,Percentage change,L,Chain linked volume,G1,"Growth rate, period on period",T0102,Table 0102 - GDP identity from the expenditure side,2017-Q4,,0.812657,,,,,,F,Free (free for publication),1,One,A,Normal value,0,Units,_Z,Not applicable
DATAFLOW,OECD.SDD.NAD:DSD_NAMAIN1@DF_QNA_EXPENDITURE_GROWTH_G20(1.1),Quarterly real GDP growth - G20 countries,I,Q,Quarterly,Y,Calendar and seasonally adjusted,EU27_2020,European Union (27 countries from 01/02/2020),S1,Total economy,S1,Total economy,B1GQ,Gross domestic product,_Z,Not applicable,_Z,Not applicable,_Z,Not applicable,PC,Percentage change,L,Chain linked volume,G1,"Growth rate, period on period",T0102,Table 0102 - GDP identity from the expenditure side,2018-Q1,,0.194112,,,,,,F,Free (free for publication),1,One,A,Normal value,0,Units,_Z,Not applicable
DATAFLOW,OECD.SDD.NAD:DSD_NAMAIN1@DF_QNA_EXPENDITURE_GROWTH_G20(1.1),Quarterly real GDP growth - G20 countries,I,Q,Quarterly,Y,Calendar and seasonally adjusted,EU27_2020,European Union (27 countries from 01/02/2020),S1,Total economy,S1,Total economy,B1GQ,Gross domestic product,_Z,Not applicable,_Z,Not applicable,_Z,Not applicable,PC,Percentage change,L,Chain linked volume,G1,"Growth rate, period on period",T0102,Table 0102 - GDP identity from the expenditure side,2018-Q2,,0.564053,,,,,,F,Free (free for publication),1,One,A,Normal value,0,Units,_Z,Not applicable
DATAFLOW,OECD.SDD.NAD:DSD_NAMAIN1@DF_QNA_EXPENDITURE_GROWTH_G20(1.1),Quarterly real GDP growth - G20 countries,I,Q,Quarterly,Y,Calendar and seasonally adjusted,EU27_2020,European Union (27 countries from 01/02/2020),S1,Total economy,S1,Total economy,B1GQ,Gross domestic product,_Z,Not applicable,_Z,Not applicable,_Z,Not applicable,PC,Percentage change,L,Chain linked volume,G1,"Growth rate, period on period",T0102,Table 0102 - GDP identity from the expenditure side,2018-Q3,,0.184705,,,,,,F,Free (free for publication),1,One,A,Normal value,0,Units,_Z,Not applicable
DATAFLOW,OECD.SDD.NAD:DSD_NAMAIN1@DF_QNA_EXPENDITURE_GROWTH_G20(1.1),Quarterly real GDP growth - G20 countries,I,Q,Quarterly,Y,Calendar and seasonally adjusted,EU27_2020,European Union (27 countries from 01/02/2020),S1,Total economy,S1,Total economy,B1GQ,Gross domestic product,_Z,Not applicable,_Z,Not applicable,_Z,Not applicable,PC,Percentage change,L,Chain linked volume,G1,"Growth rate, period on period",T0102,Table 0102 - GDP identity from the expenditure side,2018-Q4,,0.56653,,,,,,F,Free (free for publication),1,One,A,Normal value,0,Units,_Z,Not applicable
DATAFLOW,OECD.SDD.NAD:DSD_NAMAIN1@DF_QNA_EXPENDITURE_GROWTH_G20(1.1),Quarterly real GDP growth - G20 countries,I,Q,Quarterly,Y,Calendar and seasonally adjusted,EU27_2020,European Union (27 countries from 01/02/2020),S1,Total economy,S1,Total economy,B1GQ,Gross domestic product,_Z,Not applicable,_Z,Not applicable,_Z,Not applicable,PC,Percentage change,L,Chain linked volume,G1,"Growth rate, period on period",T0102,Table 0102 - GDP identity from the expenditure side,2019-Q1,,0.754361,,,,,,F,Free (free for publication),1,One,A,Normal value,0,Units,_Z,Not applicable
DATAFLOW,OECD.SDD.NAD:DSD_NAMAIN1@DF_QNA_EXPENDITURE_GROWTH_G20(1.1),Quarterly real GDP growth - G20 countries,I,Q,Quarterly,Y,Calendar and seasonally adjusted,EU27_2020,European Union (27 countries from 01/02/2020),S1,Total economy,S1,Total economy,B1GQ,Gross domestic product,_Z,Not applicable,_Z,Not applicable,_Z,Not applicable,PC,Percentage change,L,Chain linked volume,G1,"Growth rate, period on period",T0102,Table 0102 - GDP identity from the expenditure side,2019-Q2,,0.461536,,,,,,F,Free (free for publication),1,One,A,Normal value,0,Units,_Z,Not applicable
DATAFLOW,OECD.SDD.NAD:DSD_NAMAIN1@DF_QNA_EXPENDITURE_GROWTH_G20(1.1),Quarterly real GDP growth - G20 countries,I,Q,Quarterly,Y,Calendar and seasonally adjusted,EU27_2020,European Union (27 countries from 01/02/2020),S1,Total economy,S1,Total economy,B1GQ,Gross domestic product,_Z,Not applicable,_Z,Not applicable,_Z,Not applicable,PC,Percentage change,L,Chain linked volume,G1,"Growth rate, period on period",T0102,Table 0102 - GDP identity from the expenditure side,2019-Q3,,0.21891,,,,,,F,Free (free for publication),1,One,A,Normal value,0,Units,_Z,Not applicable
DATAFLOW,OECD.SDD.NAD:DSD_NAMAIN1@DF_QNA_EXPENDITURE_GROWTH_G20(1.1),Quarterly real GDP growth - G20 countries,I,Q,Quarterly,Y,Calendar and seasonally adjusted,EU27_2020,European Union (27 countries from 01/02/2020),S1,Total economy,S1,Total economy,B1GQ,Gross domestic product,_Z,Not applicable,_Z,Not applicable,_Z,Not applicable,PC,Percentage change,L,Chain linked volume,G1,"Growth rate, period on period",T0102,Table 0102 - GDP identity from the expenditure side,2019-Q4,,0.043253,,,,,,F,Free (free for publication),1,One,A,Normal value,0,Units,_Z,Not applicable
DATAFLOW,OECD.SDD.NAD:DSD_NAMAIN1@DF_QNA_EXPENDITURE_GROWTH_G20(1.1),Quarterly real GDP growth - G20 countries,I,Q,Quarterly,Y,Calendar and seasonally adjusted,EU27_2020,European Union (27 countries from 01/02/2020),S1,Total economy,S1,Total economy,B1GQ,Gross domestic product,_Z,Not applicable,_Z,Not applicable,_Z,Not applicable,PC,Percentage change,L,Chain linked volume,G1,"Growth rate, period on period",T0102,Table 0102 - GDP identity from the expenditure side,2020-Q1,,-2.881604,,,,,,F,Free (free for publication),1,One,A,Normal value,0,Units,_Z,Not applicable
DATAFLOW,OECD.SDD.NAD:DSD_NAMAIN1@DF_QNA_EXPENDITURE_GROWTH_G20(1.1),Quarterly real GDP growth - G20 countries,I,Q,Quarterly,Y,Calendar and seasonally adjusted,EU27_2020,European Union (27 countries from 01/02/2020),S1,Total economy,S1,Total economy,B1GQ,Gross domestic product,_Z,Not applicable,_Z,Not applicable,_Z,Not applicable,PC,Percentage change,L,Chain linked volume,G1,"Growth rate, period on period",T0102,Table 0102 - GDP identity from the expenditure side,2020-Q2,,-10.75005,,,,,,F,Free (free for publication),1,One,A,Normal value,0,Units,_Z,Not applicable
DATAFLOW,OECD.SDD.NAD:DSD_NAMAIN1@DF_QNA_EXPENDITURE_GROWTH_G20(1.1),Quarterly real GDP growth - G20 countries,I,Q,Quarterly,Y,Calendar and seasonally adjusted,EU27_2020,European Union (27 countries from 01/02/2020),S1,Total economy,S1,Total economy,B1GQ,Gross domestic product,_Z,Not applicable,_Z,Not applicable,_Z,Not applicable,PC,Percentage change,L,Chain linked volume,G1,"Growth rate, period on period",T0102,Table 0102 - GDP identity from the expenditure side,2020-Q3,,10.774187,,,,,,F,Free (free for publication),1,One,A,Normal value,0,Units,_Z,Not applicable
DATAFLOW,OECD.SDD.NAD:DSD_NAMAIN1@DF_QNA_EXPENDITURE_GROWTH_G20(1.1),Quarterly real GDP growth - G20 countries,I,Q,Quarterly,Y,Calendar and seasonally adjusted,EU27_2020,European Union (27 countries from 01/02/2020),S1,Total economy,S1,Total economy,B1GQ,Gross domestic product,_Z,Not applicable,_Z,Not applicable,_Z,Not applicable,PC,Percentage change,L,Chain linked volume,G1,"Growth rate, period on period",T0102,Table 0102 - GDP identity from the expenditure side,2020-Q4,,0.471684,,,,,,F,Free (free for publication),1,One,A,Normal value,0,Units,_Z,Not applicable
DATAFLOW,OECD.SDD.NAD:DSD_NAMAIN1@DF_QNA_EXPENDITURE_GROWTH_G20(1.1),Quarterly real GDP growth - G20 countries,I,Q,Quarterly,Y,Calendar and seasonally adjusted,EU27_2020,European Union (27 countries from 01/02/2020),S1,Total economy,S1,Total economy,B1GQ,Gross domestic product,_Z,Not applicable,_Z,Not applicable,_Z,Not applicable,PC,Percentage change,L,Chain linked volume,G1,"Growth rate, period on period",T0102,Table 0102 - GDP identity from the expenditure side,2021-Q1,,0.929077,,,,,,F,Free (free for publication),1,One,A,Normal value,0,Units,_Z,Not applicable
DATAFLOW,OECD.SDD.NAD:DSD_NAMAIN1@DF_QNA_EXPENDITURE_GROWTH_G20(1.1),Quarterly real GDP growth - G20 countries,I,Q,Quarterly,Y,Calendar and seasonally adjusted,EU27_2020,European Union (27 countries from 01/02/2020),S1,Total economy,S1,Total economy,B1GQ,Gross domestic product,_Z,Not applicable,_Z,Not applicable,_Z,Not applicable,PC,Percentage change,L,Chain linked volume,G1,"Growth rate, period on period",T0102,Table 0102 - GDP identity from the expenditure side,2021-Q2,,2.131507,,,,,,F,Free (free for publication),1,One,A,Normal value,0,Units,_Z,Not applicable
DATAFLOW,OECD.SDD.NAD:DSD_NAMAIN1@DF_QNA_EXPENDITURE_GROWTH_G20(1.1),Quarterly real GDP growth - G20 countries,I,Q,Quarterly,Y,Calendar and seasonally adjusted,EU27_2020,European Union (27 countries from 01/02/2020),S1,Total economy,S1,Total economy,B1GQ,Gross domestic product,_Z,Not applicable,_Z,Not applicable,_Z,Not applicable,PC,Percentage change,L,Chain linked volume,G1,"Growth rate, period on period",T0102,Table 0102 - GDP identity from the expenditure side,2021-Q3,,1.665938,,,,,,F,Free (free for publication),1,One,A,Normal value,0,Units,_Z,Not applicable
DATAFLOW,OECD.SDD.NAD:DSD_NAMAIN1@DF_QNA_EXPENDITURE_GROWTH_G20(1.1),Quarterly real GDP growth - G20 countries,I,Q,Quarterly,Y,Calendar and seasonally adjusted,EU27_2020,European Union (27 countries from 01/02/2020),S1,Total economy,S1,Total economy,B1GQ,Gross domestic product,_Z,Not applicable,_Z,Not applicable,_Z,Not applicable,PC,Percentage change,L,Chain linked volume,G1,"Growth rate, period on period",T0102,Table 0102 - GDP identity from the expenditure side,2021-Q4,,0.955516,,,,,,F,Free (free for publication),1,One,A,Normal value,0,Units,_Z,Not applicable
DATAFLOW,OECD.SDD.NAD:DSD_NAMAIN1@DF_QNA_EXPENDITURE_GROWTH_G20(1.1),Quarterly real GDP growth - G20 countries,I,Q,Quarterly,Y,Calendar and seasonally adjusted,EU27_2020,European Union (27 countries from 01/02/2020),S1,Total economy,S1,Total economy,B1GQ,Gross domestic product,_Z,Not applicable,_Z,Not applicable,_Z,Not applicable,PC,Percentage change,L,Chain linked volume,G1,"Growth rate, period on period",T0102,Table 0102 - GDP identity from the expenditure side,2022-Q1,,0.7023,,,,,,F,Free (free for publication),1,One,A,Normal value,0,Units,_Z,Not applicable
DATAFLOW,OECD.SDD.NAD:DSD_NAMAIN1@DF_QNA_EXPENDITURE_GROWTH_G20(1.1),Quarterly real GDP growth - G20 countries,I,Q,Quarterly,Y,Calendar and seasonally adjusted,EU27_2020,European Union (27 countries from 01/02/2020),S1,Total economy,S1,Total economy,B1GQ,Gross domestic product,_Z,Not applicable,_Z,Not applicable,_Z,Not applicable,PC,Percentage change,L,Chain linked volume,G1,"Growth rate, period on period",T0102,Table 0102 - GDP identity from the expenditure side,2022-Q2,,0.836638,,,,,,F,Free (free for publication),1,One,A,Normal value,0,Units,_Z,Not applicable
DATAFLOW,OECD.SDD.NAD:DSD_NAMAIN1@DF_QNA_EXPENDITURE_GROWTH_G20(1.1),Quarterly real GDP growth - G20 countries,I,Q,Quarterly,Y,Calendar and seasonally adjusted,EU27_2020,European Union (27 countries from 01/02/2020),S1,Total economy,S1,Total economy,B1GQ,Gross domestic product,_Z,Not applicable,_Z,Not applicable,_Z,Not applicable,PC,Percentage change,L,Chain linked volume,G1,"Growth rate, period on period",T0102,Table 0102 - GDP identity from the expenditure side,2022-Q3,,0.410286,,,,,,F,Free (free for publication),1,One,A,Normal value,0,Units,_Z,Not applicable
DATAFLOW,OECD.SDD.NAD:DSD_NAMAIN1@DF_QNA_EXPENDITURE_GROWTH_G20(1.1),Quarterly real GDP growth - G20 countries,I,Q,Quarterly,Y,Calendar and seasonally adjusted,EU27_2020,European Union (27 countries from 01/02/2020),S1,Total economy,S1,Total economy,B1GQ,Gross domestic product,_Z,Not applicable,_Z,Not applicable,_Z,Not applicable,PC,Percentage change,L,Chain linked volume,G1,"Growth rate, period on period",T0102,Table 0102 - GDP identity from the expenditure side,2022-Q4,,-0.160813,,,,,,F,Free (free for publication),1,One,A,Normal value,0,Units,_Z,Not applicable
DATAFLOW,OECD.SDD.NAD:DSD_NAMAIN1@DF_QNA_EXPENDITURE_GROWTH_G20(1.1),Quarterly real GDP growth - G20 countries,I,Q,Quarterly,Y,Calendar and seasonally adjusted,EU27_2020,European Union (27 countries from 01/02/2020),S1,Total economy,S1,Total economy,B1GQ,Gross domestic product,_Z,Not applicable,_Z,Not applicable,_Z,Not applicable,PC,Percentage change,L,Chain linked volume,G1,"Growth rate, period on period",T0102,Table 0102 - GDP identity from the expenditure side,2023-Q1,,0.103408,,,,,,F,Free (free for publication),1,One,A,Normal value,0,Units,_Z,Not applicable
DATAFLOW,OECD.SDD.NAD:DSD_NAMAIN1@DF_QNA_EXPENDITURE_GROWTH_G20(1.1),Quarterly real GDP growth - G20 countries,I,Q,Quarterly,Y,Calendar and seasonally adjusted,EU27_2020,European Union (27 countries from 01/02/2020),S1,Total economy,S1,Total economy,B1GQ,Gross domestic product,_Z,Not applicable,_Z,Not applicable,_Z,Not applicable,PC,Percentage change,L,Chain linked volume,G1,"Growth rate, period on period",T0102,Table 0102 - GDP identity from the expenditure side,2023-Q2,,0.108581,,,,,,F,Free (free for publication),1,One,A,Normal value,0,Units,_Z,Not applicable
DATAFLOW,OECD.SDD.NAD:DSD_NAMAIN1@DF_QNA_EXPENDITURE_GROWTH_G20(1.1),Quarterly real GDP growth - G20 countries,I,Q,Quarterly,Y,Calendar and seasonally adjusted,EU27_2020,European Union (27 countries from 01/02/2020),S1,Total economy,S1,Total economy,B1GQ,Gross domestic product,_Z,Not applicable,_Z,Not applicable,_Z,Not applicable,PC,Percentage change,L,Chain linked volume,G1,"Growth rate, period on period",T0102,Table 0102 - GDP identity from the expenditure side,2023-Q3,,0.078075,,,,,,F,Free (free for publication),1,One,A,Normal value,0,Units,_Z,Not applicable
DATAFLOW,OECD.SDD.NAD:DSD_NAMAIN1@DF_QNA_EXPENDITURE_GROWTH_G20(1.1),Quarterly real GDP growth - G20 countries,I,Q,Quarterly,Y,Calendar and seasonally adjusted,EU27_2020,European Union (27 countries from 01/02/2020),S1,Total economy,S1,Total economy,B1GQ,Gross domestic product,_Z,Not applicable,_Z,Not applicable,_Z,Not applicable,PC,Percentage change,L,Chain linked volume,G1,"Growth rate, period on period",T0102,Table 0102 - GDP identity from the expenditure side,2023-Q4,,0.095272,,,,,,F,Free (free for publication),1,One,A,Normal value,0,Units,_Z,Not applicable
DATAFLOW,OECD.SDD.NAD:DSD_NAMAIN1@DF_QNA_EXPENDITURE_GROWTH_G20(1.1),Quarterly real GDP growth - G20 countries,I,Q,Quarterly,Y,Calendar and seasonally adjusted,EU27_2020,European Union (27 countries from 01/02/2020),S1,Total economy,S1,Total economy,B1GQ,Gross domestic product,_Z,Not applicable,_Z,Not applicable,_Z,Not applicable,PC,Percentage change,L,Chain linked volume,G1,"Growth rate, period on period",T0102,Table 0102 - GDP identity from the expenditure side,2024-Q1,,0.325411,,,,,,F,Free (free for publication),1,One,A,Normal value,0,Units,_Z,Not applicable
DATAFLOW,OECD.SDD.NAD:DSD_NAMAIN1@DF_QNA_EXPENDITURE_GROWTH_G20(1.1),Quarterly real GDP growth - G20 countries,I,Q,Quarterly,Y,Calendar and seasonally adjusted,EU27_2020,European Union (27 countries from 01/02/2020),S1,Total economy,S1,Total economy,B1GQ,Gross domestic product,_Z,Not applicable,_Z,Not applicable,_Z,Not applicable,PC,Percentage change,L,Chain linked volume,G1,"Growth rate, period on period",T0102,Table 0102 - GDP identity from the expenditure side,2024-Q2,,0.29241,,,,,,F,Free (free for publication),1,One,A,Normal value,0,Units,_Z,Not applicable
DATAFLOW,OECD.SDD.NAD:DSD_NAMAIN1@DF_QNA_EXPENDITURE_GROWTH_G20(1.1),Quarterly real GDP growth - G20 countries,I,Q,Quarterly,Y,Calendar and seasonally adjusted,EU27_2020,European Union (27 countries from 01/02/2020),S1,Total economy,S1,Total economy,B1GQ,Gross domestic product,_Z,Not applicable,_Z,Not applicable,_Z,Not applicable,PC,Percentage change,L,Chain linked volume,G1,"Growth rate, period on period",T0102,Table 0102 - GDP identity from the expenditure side,2024-Q3,,0.405589,,,,,,F,Free (free for publication),1,One,A,Normal value,0,Units,_Z,Not applicable
DATAFLOW,OECD.SDD.NAD:DSD_NAMAIN1@DF_QNA_EXPENDITURE_GROWTH_G20(1.1),Quarterly real GDP growth - G20 countries,I,Q,Quarterly,Y,Calendar and seasonally adjusted,EU27_2020,European Union (27 countries from 01/02/2020),S1,Total economy,S1,Total economy,B1GQ,Gross domestic product,_Z,Not applicable,_Z,Not applicable,_Z,Not applicable,PC,Percentage change,L,Chain linked volume,G1,"Growth rate, period on period",T0102,Table 0102 - GDP identity from the expenditure side,2024-Q4,,0.506313,,,,,,F,Free (free for publication),1,One,A,Normal value,0,Units,_Z,Not applicable
DATAFLOW,OECD.SDD.NAD:DSD_NAMAIN1@DF_QNA_EXPENDITURE_GROWTH_G20(1.1),Quarterly real GDP growth - G20 countries,I,Q,Quarterly,Y,Calendar and seasonally adjusted,EU27_2020,European Union (27 countries from 01/02/2020),S1,Total economy,S1,Total economy,B1GQ,Gross domestic product,_Z,Not applicable,_Z,Not applicable,_Z,Not applicable,PC,Percentage change,L,Chain linked volume,G1,"Growth rate, period on period",T0102,Table 0102 - GDP identity from the expenditure side,2025-Q1,,0.4911,,,,,,F,Free (free for publication),1,One,A,Normal value,0,Units,_Z,Not applicable
DATAFLOW,OECD.SDD.NAD:DSD_NAMAIN1@DF_QNA_EXPENDITURE_GROWTH_G20(1.1),Quarterly real GDP growth - G20 countries,I,Q,Quarterly,Y,Calendar and seasonally adjusted,EU27_2020,European Union (27 countries from 01/02/2020),S1,Total economy,S1,Total economy,B1GQ,Gross domestic product,_Z,Not applicable,_Z,Not applicable,_Z,Not applicable,PC,Percentage change,L,Chain linked volume,G1,"Growth rate, period on period",T0102,Table 0102 - GDP identity from the expenditure side,2025-Q2,,0.224528,,,,,,F,Free (free for publication),1,One,A,Normal value,0,Units,_Z,Not applicable
DATAFLOW,OECD.SDD.NAD:DSD_NAMAIN1@DF_QNA_EXPENDITURE_GROWTH_G20(1.1),Quarterly real GDP growth - G20 countries,I,Q,Quarterly,Y,Calendar and seasonally adjusted,IND,India,S1,Total economy,S1,Total economy,B1GQ,Gross domestic product,_Z,Not applicable,_Z,Not applicable,_Z,Not applicable,PC,Percentage change,L,Chain linked volume,G1,"Growth rate, period on period",T0102,Table 0102 - GDP identity from the expenditure side,2020-Q2,,-22.78058,,,,,,F,Free (free for publication),1,One,A,Normal value,0,Units,_Z,Not applicable
DATAFLOW,OECD.SDD.NAD:DSD_NAMAIN1@DF_QNA_EXPENDITURE_GROWTH_G20(1.1),Quarterly real GDP growth - G20 countries,I,Q,Quarterly,Y,Calendar and seasonally adjusted,IND,India,S1,Total economy,S1,Total economy,B1GQ,Gross domestic product,_Z,Not applicable,_Z,Not applicable,_Z,Not applicable,PC,Percentage change,L,Chain linked volume,G1,"Growth rate, period on period",T0102,Table 0102 - GDP identity from the expenditure side,2021-Q2,,-7.22408,,,,,,F,Free (free for publication),1,One,A,Normal value,0,Units,_Z,Not applicable
DATAFLOW,OECD.SDD.NAD:DSD_NAMAIN1@DF_QNA_EXPENDITURE_GROWTH_G20(1.1),Quarterly real GDP growth - G20 countries,I,Q,Quarterly,Y,Calendar and seasonally adjusted,IND,India,S1,Total economy,S1,Total economy,B1GQ,Gross domestic product,_Z,Not applicable,_Z,Not applicable,_Z,Not applicable,PC,Percentage change,L,Chain linked volume,G1,"Growth rate, period on period",T0102,Table 0102 - GDP identity from the expenditure side,2021-Q3,,9.46798,,,,,,F,Free (free for publication),1,One,A,Normal value,0,Units,_Z,Not applicable
DATAFLOW,OECD.SDD.NAD:DSD_NAMAIN1@DF_QNA_EXPENDITURE_GROWTH_G20(1.1),Quarterly real GDP growth - G20 countries,I,Q,Quarterly,Y,Calendar and seasonally adjusted,IND,India,S1,Total economy,S1,Total economy,B1GQ,Gross domestic product,_Z,Not applicable,_Z,Not applicable,_Z,Not applicable,PC,Percentage change,L,Chain linked volume,G1,"Growth rate, period on period",T0102,Table 0102 - GDP identity from the expenditure side,2021-Q4,,1.92109,,,,,,F,Free (free for publication),1,One,A,Normal value,0,Units,_Z,Not applicable
DATAFLOW,OECD.SDD.NAD:DSD_NAMAIN1@DF_QNA_EXPENDITURE_GROWTH_G20(1.1),Quarterly real GDP growth - G20 countries,I,Q,Quarterly,Y,Calendar and seasonally adjusted,IND,India,S1,Total economy,S1,Total economy,B1GQ,Gross domestic product,_Z,Not applicable,_Z,Not applicable,_Z,Not applicable,PC,Percentage change,L,Chain linked volume,G1,"Growth rate, period on period",T0102,Table 0102 - GDP identity from the expenditure side,2022-Q1,,0.5549,,,,,,F,Free (free for publication),1,One,A,Normal value,0,Units,_Z,Not applicable
DATAFLOW,OECD.SDD.NAD:DSD_NAMAIN1@DF_QNA_EXPENDITURE_GROWTH_G20(1.1),Quarterly real GDP growth - G20 countries,I,Q,Quarterly,Y,Calendar and seasonally adjusted,IND,India,S1,Total economy,S1,Total economy,B1GQ,Gross domestic product,_Z,Not applicable,_Z,Not applicable,_Z,Not applicable,PC,Percentage change,L,Chain linked volume,G1,"Growth rate, period on period",T0102,Table 0102 - GDP identity from the expenditure side,2022-Q2,,0.87149,,,,,,F,Free (free for publication),1,One,A,Normal value,0,Units,_Z,Not applicable
DATAFLOW,OECD.SDD.NAD:DSD_NAMAIN1@DF_QNA_EXPENDITURE_GROWTH_G20(1.1),Quarterly real GDP growth - G20 countries,I,Q,Quarterly,Y,Calendar and seasonally adjusted,IND,India,S1,Total economy,S1,Total economy,B1GQ,Gross domestic product,_Z,Not applicable,_Z,Not applicable,_Z,Not applicable,PC,Percentage change,L,Chain linked volume,G1,"Growth rate, period on period",T0102,Table 0102 - GDP identity from the expenditure side,2022-Q3,,2.10716,,,,,,F,Free (free for publication),1,One,A,Normal value,0,Units,_Z,Not applicable
DATAFLOW,OECD.SDD.NAD:DSD_NAMAIN1@DF_QNA_EXPENDITURE_GROWTH_G20(1.1),Quarterly real GDP growth - G20 countries,I,Q,Quarterly,Y,Calendar and seasonally adjusted,IND,India,S1,Total economy,S1,Total economy,B1GQ,Gross domestic product,_Z,Not applicable,_Z,Not applicable,_Z,Not applicable,PC,Percentage change,L,Chain linked volume,G1,"Growth rate, period on period",T0102,Table 0102 - GDP identity from the expenditure side,2022-Q4,,1.45793,,,,,,F,Free (free for publication),1,One,A,Normal value,0,Units,_Z,Not applicable
DATAFLOW,OECD.SDD.NAD:DSD_NAMAIN1@DF_QNA_EXPENDITURE_GROWTH_G20(1.1),Quarterly real GDP growth - G20 countries,I,Q,Quarterly,Y,Calendar and seasonally adjusted,IND,India,S1,Total economy,S1,Total economy,B1GQ,Gross domestic product,_Z,Not applicable,_Z,Not applicable,_Z,Not applicable,PC,Percentage change,L,Chain linked volume,G1,"Growth rate, period on period",T0102,Table 0102 - GDP identity from the expenditure side,2023-Q1,,2.55942,,,,,,F,Free (free for publication),1,One,A,Normal value,0,Units,_Z,Not applicable
DATAFLOW,OECD.SDD.NAD:DSD_NAMAIN1@DF_QNA_EXPENDITURE_GROWTH_G20(1.1),Quarterly real GDP growth - G20 countries,I,Q,Quarterly,Y,Calendar and seasonally adjusted,IND,India,S1,Total economy,S1,Total economy,B1GQ,Gross domestic product,_Z,Not applicable,_Z,Not applicable,_Z,Not applicable,PC,Percentage change,L,Chain linked volume,G1,"Growth rate, period on period",T0102,Table 0102 - GDP identity from the expenditure side,2023-Q2,,2.93024,,,,,,F,Free (free for publication),1,One,A,Normal value,0,Units,_Z,Not applicable
DATAFLOW,OECD.SDD.NAD:DSD_NAMAIN1@DF_QNA_EXPENDITURE_GROWTH_G20(1.1),Quarterly real GDP growth - G20 countries,I,Q,Quarterly,Y,Calendar and seasonally adjusted,IND,India,S1,Total economy,S1,Total economy,B1GQ,Gross domestic product,_Z,Not applicable,_Z,Not applicable,_Z,Not applicable,PC,Percentage change,L,Chain linked volume,G1,"Growth rate, period on period",T0102,Table 0102 - GDP identity from the expenditure side,2023-Q3,,2.05572,,,,,,F,Free (free for publication),1,One,A,Normal value,0,Units,_Z,Not applicable
DATAFLOW,OECD.SDD.NAD:DSD_NAMAIN1@DF_QNA_EXPENDITURE_GROWTH_G20(1.1),Quarterly real GDP growth - G20 countries,I,Q,Quarterly,Y,Calendar and seasonally adjusted,IND,India,S1,Total economy,S1,Total economy,B1GQ,Gross domestic product,_Z,Not applicable,_Z,Not applicable,_Z,Not applicable,PC,Percentage change,L,Chain linked volume,G1,"Growth rate, period on period",T0102,Table 0102 - GDP identity from the expenditure side,2023-Q4,,1.81315,,,,,,F,Free (free for publication),1,One,A,Normal value,0,Units,_Z,Not applicable
DATAFLOW,OECD.SDD.NAD:DSD_NAMAIN1@DF_QNA_EXPENDITURE_GROWTH_G20(1.1),Quarterly real GDP growth - G20 countries,I,Q,Quarterly,Y,Calendar and seasonally adjusted,IND,India,S1,Total economy,S1,Total economy,B1GQ,Gross domestic product,_Z,Not applicable,_Z,Not applicable,_Z,Not applicable,PC,Percentage change,L,Chain linked volume,G1,"Growth rate, period on period",T0102,Table 0102 - GDP identity from the expenditure side,2024-Q1,,1.3883,,,,,,F,Free (free for publication),1,One,A,Normal value,0,Units,_Z,Not applicable
DATAFLOW,OECD.SDD.NAD:DSD_NAMAIN1@DF_QNA_EXPENDITURE_GROWTH_G20(1.1),Quarterly real GDP growth - G20 countries,I,Q,Quarterly,Y,Calendar and seasonally adjusted,IND,India,S1,Total economy,S1,Total economy,B1GQ,Gross domestic product,_Z,Not applicable,_Z,Not applicable,_Z,Not applicable,PC,Percentage change,L,Chain linked volume,G1,"Growth rate, period on period",T0102,Table 0102 - GDP identity from the expenditure side,2024-Q2,,1.30938,,,,,,F,Free (free for publication),1,One,A,Normal value,0,Units,_Z,Not applicable
DATAFLOW,OECD.SDD.NAD:DSD_NAMAIN1@DF_QNA_EXPENDITURE_GROWTH_G20(1.1),Quarterly real GDP growth - G20 countries,I,Q,Quarterly,Y,Calendar and seasonally adjusted,IND,India,S1,Total economy,S1,Total economy,B1GQ,Gross domestic product,_Z,Not applicable,_Z,Not applicable,_Z,Not applicable,PC,Percentage change,L,Chain linked volume,G1,"Growth rate, period on period",T0102,Table 0102 - GDP identity from the expenditure side,2024-Q3,,1.44887,,,,,,F,Free (free for publication),1,One,A,Normal value,0,Units,_Z,Not applicable
DATAFLOW,OECD.SDD.NAD:DSD_NAMAIN1@DF_QNA_EXPENDITURE_GROWTH_G20(1.1),Quarterly real GDP growth - G20 countries,I,Q,Quarterly,Y,Calendar and seasonally adjusted,IND,India,S1,Total economy,S1,Total economy,B1GQ,Gross domestic product,_Z,Not applicable,_Z,Not applicable,_Z,Not applicable,PC,Percentage change,L,Chain linked volume,G1,"Growth rate, period on period",T0102,Table 0102 - GDP identity from the expenditure side,2024-Q4,,1.92331,,,,,,F,Free (free for publication),1,One,A,Normal value,0,Units,_Z,Not applicable
DATAFLOW,OECD.SDD.NAD:DSD_NAMAIN1@DF_QNA_EXPENDITURE_GROWTH_G20(1.1),Quarterly real GDP growth - G20 countries,I,Q,Quarterly,Y,Calendar and seasonally adjusted,IND,India,S1,Total economy,S1,Total economy,B1GQ,Gross domestic product,_Z,Not applicable,_Z,Not applicable,_Z,Not applicable,PC,Percentage change,L,Chain linked volume,G1,"Growth rate, period on period",T0102,Table 0102 - GDP identity from the expenditure side,2025-Q1,,2.09129,,,,,,F,Free (free for publication),1,One,A,Normal value,0,Units,_Z,Not applicable
DATAFLOW,OECD.SDD.NAD:DSD_NAMAIN1@DF_QNA_EXPENDITURE_GROWTH_G20(1.1),Quarterly real GDP growth - G20 countries,I,Q,Quarterly,Y,Calendar and seasonally adjusted,IND,India,S1,Total economy,S1,Total economy,B1GQ,Gross domestic product,_Z,Not applicable,_Z,Not applicable,_Z,Not applicable,PC,Percentage change,L,Chain linked volume,G1,"Growth rate, period on period",T0102,Table 0102 - GDP identity from the expenditure side,2025-Q2,,1.77461,,,,,,F,Free (free for publication),1,One,A,Normal value,0,Units,_Z,Not applicable
DATAFLOW,OECD.SDD.NAD:DSD_NAMAIN1@DF_QNA_EXPENDITURE_GROWTH_G20(1.1),Quarterly real GDP growth - G20 countries,I,Q,Quarterly,Y,Calendar and seasonally adjusted,IND,India,S1,Total economy,S1,Total economy,B1GQ,Gross domestic product,_Z,Not applicable,_Z,Not applicable,_Z,Not applicable,PC,Percentage change,L,Chain linked volume,G1,"Growth rate, period on period",T0102,Table 0102 - GDP identity from the expenditure side,2025-Q3,,1.96149,,,,,,F,Free (free for publication),1,One,A,Normal value,0,Units,_Z,Not applicable
DATAFLOW,OECD.SDD.NAD:DSD_NAMAIN1@DF_QNA_EXPENDITURE_GROWTH_G20(1.1),Quarterly real GDP growth - G20 countries,I,Q,Quarterly,Y,Calendar and seasonally adjusted,OECDE,OECD Europe,S1,Total economy,S1,Total economy,B1GQ,Gross domestic product,_Z,Not applicable,_Z,Not applicable,_Z,Not applicable,PC,Percentage change,L,Chain linked volume,G1,"Growth rate, period on period",T0102,Table 0102 - GDP identity from the expenditure side,2010-Q1,,0.488242,,,,,,F,Free (free for publication),1,One,A,Normal value,0,Units,_Z,Not applicable
DATAFLOW,OECD.SDD.NAD:DSD_NAMAIN1@DF_QNA_EXPENDITURE_GROWTH_G20(1.1),Quarterly real GDP growth - G20 countries,I,Q,Quarterly,Y,Calendar and seasonally adjusted,OECDE,OECD Europe,S1,Total economy,S1,Total economy,B1GQ,Gross domestic product,_Z,Not applicable,_Z,Not applicable,_Z,Not applicable,PC,Percentage change,L,Chain linked volume,G1,"Growth rate, period on period",T0102,Table 0102 - GDP identity from the expenditure side,2010-Q2,,1.144108,,,,,,F,Free (free for publication),1,One,A,Normal value,0,Units,_Z,Not applicable
DATAFLOW,OECD.SDD.NAD:DSD_NAMAIN1@DF_QNA_EXPENDITURE_GROWTH_G20(1.1),Quarterly real GDP growth - G20 countries,I,Q,Quarterly,Y,Calendar and seasonally adjusted,OECDE,OECD Europe,S1,Total economy,S1,Total economy,B1GQ,Gross domestic product,_Z,Not applicable,_Z,Not applicable,_Z,Not applicable,PC,Percentage change,L,Chain linked volume,G1,"Growth rate, period on period",T0102,Table 0102 - GDP identity from the expenditure side,2010-Q3,,0.657034,,,,,,F,Free (free for publication),1,One,A,Normal value,0,Units,_Z,Not applicable
DATAFLOW,OECD.SDD.NAD:DSD_NAMAIN1@DF_QNA_EXPENDITURE_GROWTH_G20(1.1),Quarterly real GDP growth - G20 countries,I,Q,Quarterly,Y,Calendar and seasonally adjusted,OECDE,OECD Europe,S1,Total economy,S1,Total economy,B1GQ,Gross domestic product,_Z,Not applicable,_Z,Not applicable,_Z,Not applicable,PC,Percentage change,L,Chain linked volume,G1,"Growth rate, period on period",T0102,Table 0102 - GDP identity from the expenditure side,2010-Q4,,0.697608,,,,,,F,Free (free for publication),1,One,A,Normal value,0,Units,_Z,Not applicable
DATAFLOW,OECD.SDD.NAD:DSD_NAMAIN1@DF_QNA_EXPENDITURE_GROWTH_G20(1.1),Quarterly real GDP growth - G20 countries,I,Q,Quarterly,Y,Calendar and seasonally adjusted,OECDE,OECD Europe,S1,Total economy,S1,Total economy,B1GQ,Gross domestic product,_Z,Not applicable,_Z,Not applicable,_Z,Not applicable,PC,Percentage change,L,Chain linked volume,G1,"Growth rate, period on period",T0102,Table 0102 - GDP identity from the expenditure side,2011-Q1,,0.952233,,,,,,F,Free (free for publication),1,One,A,Normal value,0,Units,_Z,Not applicable
DATAFLOW,OECD.SDD.NAD:DSD_NAMAIN1@DF_QNA_EXPENDITURE_GROWTH_G20(1.1),Quarterly real GDP growth - G20 countries,I,Q,Quarterly,Y,Calendar and seasonally adjusted,OECDE,OECD Europe,S1,Total economy,S1,Total economy,B1GQ,Gross domestic product,_Z,Not applicable,_Z,Not applicable,_Z,Not applicable,PC,Percentage change,L,Chain linked volume,G1,"Growth rate, period on period",T0102,Table 0102 - GDP identity from the expenditure side,2011-Q2,,0.236044,,,,,,F,Free (free for publication),1,One,A,Normal value,0,Units,_Z,Not applicable
DATAFLOW,OECD.SDD.NAD:DSD_NAMAIN1@DF_QNA_EXPENDITURE_GROWTH_G20(1.1),Quarterly real GDP growth - G20 countries,I,Q,Quarterly,Y,Calendar and seasonally adjusted,OECDE,OECD Europe,S1,Total economy,S1,Total economy,B1GQ,Gross domestic product,_Z,Not applicable,_Z,Not applicable,_Z,Not applicable,PC,Percentage change,L,Chain linked volume,G1,"Growth rate, period on period",T0102,Table 0102 - GDP identity from the expenditure side,2011-Q3,,0.289897,,,,,,F,Free (free for publication),1,One,A,Normal value,0,Units,_Z,Not applicable
DATAFLOW,OECD.SDD.NAD:DSD_NAMAIN1@DF_QNA_EXPENDITURE_GROWTH_G20(1.1),Quarterly real GDP growth - G20 countries,I,Q,Quarterly,Y,Calendar and seasonally adjusted,OECDE,OECD Europe,S1,Total economy,S1,Total economy,B1GQ,Gross domestic product,_Z,Not applicable,_Z,Not applicable,_Z,Not applicable,PC,Percentage change,L,Chain linked volume,G1,"Growth rate, period on period",T0102,Table 0102 - GDP identity from the expenditure side,2011-Q4,,-0.069451,,,,,,F,Free (free for publication),1,One,A,Normal value,0,Units,_Z,Not applicable
DATAFLOW,OECD.SDD.NAD:DSD_NAMAIN1@DF_QNA_EXPENDITURE_GROWTH_G20(1.1),Quarterly real GDP growth - G20 countries,I,Q,Quarterly,Y,Calendar and seasonally adjusted,OECDE,OECD Europe,S1,Total economy,S1,Total economy,B1GQ,Gross domestic product,_Z,Not applicable,_Z,Not applicable,_Z,Not applicable,PC,Percentage change,L,Chain linked volume,G1,"Growth rate, period on period",T0102,Table 0102 - GDP identity from the expenditure side,2012-Q1,,-0.020291,,,,,,F,Free (free for publication),1,One,A,Normal value,0,Units,_Z,Not applicable
DATAFLOW,OECD.SDD.NAD:DSD_NAMAIN1@DF_QNA_EXPENDITURE_GROWTH_G20(1.1),Quarterly real GDP growth - G20 countries,I,Q,Quarterly,Y,Calendar and seasonally adjusted,OECDE,OECD Europe,S1,Total economy,S1,Total economy,B1GQ,Gross domestic product,_Z,Not applicable,_Z,Not applicable,_Z,Not applicable,PC,Percentage change,L,Chain linked volume,G1,"Growth rate, period on period",T0102,Table 0102 - GDP identity from the expenditure side,2012-Q2,,-0.172672,,,,,,F,Free (free for publication),1,One,A,Normal value,0,Units,_Z,Not applicable
DATAFLOW,OECD.SDD.NAD:DSD_NAMAIN1@DF_QNA_EXPENDITURE_GROWTH_G20(1.1),Quarterly real GDP growth - G20 countries,I,Q,Quarterly,Y,Calendar and seasonally adjusted,OECDE,OECD Europe,S1,Total economy,S1,Total economy,B1GQ,Gross domestic product,_Z,Not applicable,_Z,Not applicable,_Z,Not applicable,PC,Percentage change,L,Chain linked volume,G1,"Growth rate, period on period",T0102,Table 0102 - GDP identity from the expenditure side,2012-Q3,,0.198756,,,,,,F,Free (free for publication),1,One,A,Normal value,0,Units,_Z,Not applicable
DATAFLOW,OECD.SDD.NAD:DSD_NAMAIN1@DF_QNA_EXPENDITURE_GROWTH_G20(1.1),Quarterly real GDP growth - G20 countries,I,Q,Quarterly,Y,Calendar and seasonally adjusted,OECDE,OECD Europe,S1,Total economy,S1,Total economy,B1GQ,Gross domestic product,_Z,Not applicable,_Z,Not applicable,_Z,Not applicable,PC,Percentage change,L,Chain linked volume,G1,"Growth rate, period on period",T0102,Table 0102 - GDP identity from the expenditure side,2012-Q4,,-0.189145,,,,,,F,Free (free for publication),1,One,A,Normal value,0,Units,_Z,Not applicable
DATAFLOW,OECD.SDD.NAD:DSD_NAMAIN1@DF_QNA_EXPENDITURE_GROWTH_G20(1.1),Quarterly real GDP growth - G20 countries,I,Q,Quarterly,Y,Calendar and seasonally adjusted,OECDE,OECD Europe,S1,Total economy,S1,Total economy,B1GQ,Gross domestic product,_Z,Not applicable,_Z,Not applicable,_Z,Not applicable,PC,Percentage change,L,Chain linked volume,G1,"Growth rate, period on period",T0102,Table 0102 - GDP identity from the expenditure side,2013-Q1,,0.099961,,,,,,F,Free (free for publication),1,One,A,Normal value,0,Units,_Z,Not applicable
DATAFLOW,OECD.SDD.NAD:DSD_NAMAIN1@DF_QNA_EXPENDITURE_GROWTH_G20(1.1),Quarterly real GDP growth - G20 countries,I,Q,Quarterly,Y,Calendar and seasonally adjusted,OECDE,OECD Europe,S1,Total economy,S1,Total economy,B1GQ,Gross domestic product,_Z,Not applicable,_Z,Not applicable,_Z,Not applicable,PC,Percentage change,L,Chain linked volume,G1,"Growth rate, period on period",T0102,Table 0102 - GDP identity from the expenditure side,2013-Q2,,0.821659,,,,,,F,Free (free for publication),1,One,A,Normal value,0,Units,_Z,Not applicable
DATAFLOW,OECD.SDD.NAD:DSD_NAMAIN1@DF_QNA_EXPENDITURE_GROWTH_G20(1.1),Quarterly real GDP growth - G20 countries,I,Q,Quarterly,Y,Calendar and seasonally adjusted,OECDE,OECD Europe,S1,Total economy,S1,Total economy,B1GQ,Gross domestic product,_Z,Not applicable,_Z,Not applicable,_Z,Not applicable,PC,Percentage change,L,Chain linked volume,G1,"Growth rate, period on period",T0102,Table 0102 - GDP identity from the expenditure side,2013-Q3,,0.495554,,,,,,F,Free (free for publication),1,One,A,Normal value,0,Units,_Z,Not applicable
DATAFLOW,OECD.SDD.NAD:DSD_NAMAIN1@DF_QNA_EXPENDITURE_GROWTH_G20(1.1),Quarterly real GDP growth - G20 countries,I,Q,Quarterly,Y,Calendar and seasonally adjusted,OECDE,OECD Europe,S1,Total economy,S1,Total economy,B1GQ,Gross domestic product,_Z,Not applicable,_Z,Not applicable,_Z,Not applicable,PC,Percentage change,L,Chain linked volume,G1,"Growth rate, period on period",T0102,Table 0102 - GDP identity from the expenditure side,2013-Q4,,0.325078,,,,,,F,Free (free for publication),1,One,A,Normal value,0,Units,_Z,Not applicable
DATAFLOW,OECD.SDD.NAD:DSD_NAMAIN1@DF_QNA_EXPENDITURE_GROWTH_G20(1.1),Quarterly real GDP growth - G20 countries,I,Q,Quarterly,Y,Calendar and seasonally adjusted,OECDE,OECD Europe,S1,Total economy,S1,Total economy,B1GQ,Gross domestic product,_Z,Not applicable,_Z,Not applicable,_Z,Not applicable,PC,Percentage change,L,Chain linked volume,G1,"Growth rate, period on period",T0102,Table 0102 - GDP identity from the expenditure side,2014-Q1,,0.717919,,,,,,F,Free (free for publication),1,One,A,Normal value,0,Units,_Z,Not applicable
DATAFLOW,OECD.SDD.NAD:DSD_NAMAIN1@DF_QNA_EXPENDITURE_GROWTH_G20(1.1),Quarterly real GDP growth - G20 countries,I,Q,Quarterly,Y,Calendar and seasonally adjusted,OECDE,OECD Europe,S1,Total economy,S1,Total economy,B1GQ,Gross domestic product,_Z,Not applicable,_Z,Not applicable,_Z,Not applicable,PC,Percentage change,L,Chain linked volume,G1,"Growth rate, period on period",T0102,Table 0102 - GDP identity from the expenditure side,2014-Q2,,0.320794,,,,,,F,Free (free for publication),1,One,A,Normal value,0,Units,_Z,Not applicable
DATAFLOW,OECD.SDD.NAD:DSD_NAMAIN1@DF_QNA_EXPENDITURE_GROWTH_G20(1.1),Quarterly real GDP growth - G20 countries,I,Q,Quarterly,Y,Calendar and seasonally adjusted,OECDE,OECD Europe,S1,Total economy,S1,Total economy,B1GQ,Gross domestic product,_Z,Not applicable,_Z,Not applicable,_Z,Not applicable,PC,Percentage change,L,Chain linked volume,G1,"Growth rate, period on period",T0102,Table 0102 - GDP identity from the expenditure side,2014-Q3,,0.689504,,,,,,F,Free (free for publication),1,One,A,Normal value,0,Units,_Z,Not applicable
DATAFLOW,OECD.SDD.NAD:DSD_NAMAIN1@DF_QNA_EXPENDITURE_GROWTH_G20(1.1),Quarterly real GDP growth - G20 countries,I,Q,Quarterly,Y,Calendar and seasonally adjusted,OECDE,OECD Europe,S1,Total economy,S1,Total economy,B1GQ,Gross domestic product,_Z,Not applicable,_Z,Not applicable,_Z,Not applicable,PC,Percentage change,L,Chain linked volume,G1,"Growth rate, period on period",T0102,Table 0102 - GDP identity from the expenditure side,2014-Q4,,0.501484,,,,,,F,Free (free for publication),1,One,A,Normal value,0,Units,_Z,Not applicable
DATAFLOW,OECD.SDD.NAD:DSD_NAMAIN1@DF_QNA_EXPENDITURE_GROWTH_G20(1.1),Quarterly real GDP growth - G20 countries,I,Q,Quarterly,Y,Calendar and seasonally adjusted,OECDE,OECD Europe,S1,Total economy,S1,Total economy,B1GQ,Gross domestic product,_Z,Not applicable,_Z,Not applicable,_Z,Not applicable,PC,Percentage change,L,Chain linked volume,G1,"Growth rate, period on period",T0102,Table 0102 - GDP identity from the expenditure side,2015-Q1,,0.821147,,,,,,F,Free (free for publication),1,One,A,Normal value,0,Units,_Z,Not applicable
DATAFLOW,OECD.SDD.NAD:DSD_NAMAIN1@DF_QNA_EXPENDITURE_GROWTH_G20(1.1),Quarterly real GDP growth - G20 countries,I,Q,Quarterly,Y,Calendar and seasonally adjusted,OECDE,OECD Europe,S1,Total economy,S1,Total economy,B1GQ,Gross domestic product,_Z,Not applicable,_Z,Not applicable,_Z,Not applicable,PC,Percentage change,L,Chain linked volume,G1,"Growth rate, period on period",T0102,Table 0102 - GDP identity from the expenditure side,2015-Q2,,0.656904,,,,,,F,Free (free for publication),1,One,A,Normal value,0,Units,_Z,Not applicable
DATAFLOW,OECD.SDD.NAD:DSD_NAMAIN1@DF_QNA_EXPENDITURE_GROWTH_G20(1.1),Quarterly real GDP growth - G20 countries,I,Q,Quarterly,Y,Calendar and seasonally adjusted,OECDE,OECD Europe,S1,Total economy,S1,Total economy,B1GQ,Gross domestic product,_Z,Not applicable,_Z,Not applicable,_Z,Not applicable,PC,Percentage change,L,Chain linked volume,G1,"Growth rate, period on period",T0102,Table 0102 - GDP identity from the expenditure side,2015-Q3,,0.514959,,,,,,F,Free (free for publication),1,One,A,Normal value,0,Units,_Z,Not applicable
DATAFLOW,OECD.SDD.NAD:DSD_NAMAIN1@DF_QNA_EXPENDITURE_GROWTH_G20(1.1),Quarterly real GDP growth - G20 countries,I,Q,Quarterly,Y,Calendar and seasonally adjusted,OECDE,OECD Europe,S1,Total economy,S1,Total economy,B1GQ,Gross domestic product,_Z,Not applicable,_Z,Not applicable,_Z,Not applicable,PC,Percentage change,L,Chain linked volume,G1,"Growth rate, period on period",T0102,Table 0102 - GDP identity from the expenditure side,2015-Q4,,0.6478,,,,,,F,Free (free for publication),1,One,A,Normal value,0,Units,_Z,Not applicable
DATAFLOW,OECD.SDD.NAD:DSD_NAMAIN1@DF_QNA_EXPENDITURE_GROWTH_G20(1.1),Quarterly real GDP growth - G20 countries,I,Q,Quarterly,Y,Calendar and seasonally adjusted,OECDE,OECD Europe,S1,Total economy,S1,Total economy,B1GQ,Gross domestic product,_Z,Not applicable,_Z,Not applicable,_Z,Not applicable,PC,Percentage change,L,Chain linked volume,G1,"Growth rate, period on period",T0102,Table 0102 - GDP identity from the expenditure side,2016-Q1,,0.35516,,,,,,F,Free (free for publication),1,One,A,Normal value,0,Units,_Z,Not applicable
DATAFLOW,OECD.SDD.NAD:DSD_NAMAIN1@DF_QNA_EXPENDITURE_GROWTH_G20(1.1),Quarterly real GDP growth - G20 countries,I,Q,Quarterly,Y,Calendar and seasonally adjusted,OECDE,OECD Europe,S1,Total economy,S1,Total economy,B1GQ,Gross domestic product,_Z,Not applicable,_Z,Not applicable,_Z,Not applicable,PC,Percentage change,L,Chain linked volume,G1,"Growth rate, period on period",T0102,Table 0102 - GDP identity from the expenditure side,2016-Q2,,0.496485,,,,,,F,Free (free for publication),1,One,A,Normal value,0,Units,_Z,Not applicable
DATAFLOW,OECD.SDD.NAD:DSD_NAMAIN1@DF_QNA_EXPENDITURE_GROWTH_G20(1.1),Quarterly real GDP growth - G20 countries,I,Q,Quarterly,Y,Calendar and seasonally adjusted,OECDE,OECD Europe,S1,Total economy,S1,Total economy,B1GQ,Gross domestic product,_Z,Not applicable,_Z,Not applicable,_Z,Not applicable,PC,Percentage change,L,Chain linked volume,G1,"Growth rate, period on period",T0102,Table 0102 - GDP identity from the expenditure side,2016-Q3,,0.18752,,,,,,F,Free (free for publication),1,One,A,Normal value,0,Units,_Z,Not applicable
DATAFLOW,OECD.SDD.NAD:DSD_NAMAIN1@DF_QNA_EXPENDITURE_GROWTH_G20(1.1),Quarterly real GDP growth - G20 countries,I,Q,Quarterly,Y,Calendar and seasonally adjusted,OECDE,OECD Europe,S1,Total economy,S1,Total economy,B1GQ,Gross domestic product,_Z,Not applicable,_Z,Not applicable,_Z,Not applicable,PC,Percentage change,L,Chain linked volume,G1,"Growth rate, period on period",T0102,Table 0102 - GDP identity from the expenditure side,2016-Q4,,1.22283,,,,,,F,Free (free for publication),1,One,A,Normal value,0,Units,_Z,Not applicable
DATAFLOW,OECD.SDD.NAD:DSD_NAMAIN1@DF_QNA_EXPENDITURE_GROWTH_G20(1.1),Quarterly real GDP growth - G20 countries,I,Q,Quarterly,Y,Calendar and seasonally adjusted,OECDE,OECD Europe,S1,Total economy,S1,Total economy,B1GQ,Gross domestic product,_Z,Not applicable,_Z,Not applicable,_Z,Not applicable,PC,Percentage change,L,Chain linked volume,G1,"Growth rate, period on period",T0102,Table 0102 - GDP identity from the expenditure side,2017-Q1,,0.832125,,,,,,F,Free (free for publication),1,One,A,Normal value,0,Units,_Z,Not applicable
DATAFLOW,OECD.SDD.NAD:DSD_NAMAIN1@DF_QNA_EXPENDITURE_GROWTH_G20(1.1),Quarterly real GDP growth - G20 countries,I,Q,Quarterly,Y,Calendar and seasonally adjusted,OECDE,OECD Europe,S1,Total economy,S1,Total economy,B1GQ,Gross domestic product,_Z,Not applicable,_Z,Not applicable,_Z,Not applicable,PC,Percentage change,L,Chain linked volume,G1,"Growth rate, period on period",T0102,Table 0102 - GDP identity from the expenditure side,2017-Q2,,0.913329,,,,,,F,Free (free for publication),1,One,A,Normal value,0,Units,_Z,Not applicable
DATAFLOW,OECD.SDD.NAD:DSD_NAMAIN1@DF_QNA_EXPENDITURE_GROWTH_G20(1.1),Quarterly real GDP growth - G20 countries,I,Q,Quarterly,Y,Calendar and seasonally adjusted,OECDE,OECD Europe,S1,Total economy,S1,Total economy,B1GQ,Gross domestic product,_Z,Not applicable,_Z,Not applicable,_Z,Not applicable,PC,Percentage change,L,Chain linked volume,G1,"Growth rate, period on period",T0102,Table 0102 - GDP identity from the expenditure side,2017-Q3,,0.910321,,,,,,F,Free (free for publication),1,One,A,Normal value,0,Units,_Z,Not applicable
DATAFLOW,OECD.SDD.NAD:DSD_NAMAIN1@DF_QNA_EXPENDITURE_GROWTH_G20(1.1),Quarterly real GDP growth - G20 countries,I,Q,Quarterly,Y,Calendar and seasonally adjusted,OECDE,OECD Europe,S1,Total economy,S1,Total economy,B1GQ,Gross domestic product,_Z,Not applicable,_Z,Not applicable,_Z,Not applicable,PC,Percentage change,L,Chain linked volume,G1,"Growth rate, period on period",T0102,Table 0102 - GDP identity from the expenditure side,2017-Q4,,0.891647,,,,,,F,Free (free for publication),1,One,A,Normal value,0,Units,_Z,Not applicable
DATAFLOW,OECD.SDD.NAD:DSD_NAMAIN1@DF_QNA_EXPENDITURE_GROWTH_G20(1.1),Quarterly real GDP growth - G20 countries,I,Q,Quarterly,Y,Calendar and seasonally adjusted,OECDE,OECD Europe,S1,Total economy,S1,Total economy,B1GQ,Gross domestic product,_Z,Not applicable,_Z,Not applicable,_Z,Not applicable,PC,Percentage change,L,Chain linked volume,G1,"Growth rate, period on period",T0102,Table 0102 - GDP identity from the expenditure side,2018-Q1,,0.357227,,,,,,F,Free (free for publication),1,One,A,Normal value,0,Units,_Z,Not applicable
DATAFLOW,OECD.SDD.NAD:DSD_NAMAIN1@DF_QNA_EXPENDITURE_GROWTH_G20(1.1),Quarterly real GDP growth - G20 countries,I,Q,Quarterly,Y,Calendar and seasonally adjusted,OECDE,OECD Europe,S1,Total economy,S1,Total economy,B1GQ,Gross domestic product,_Z,Not applicable,_Z,Not applicable,_Z,Not applicable,PC,Percentage change,L,Chain linked volume,G1,"Growth rate, period on period",T0102,Table 0102 - GDP identity from the expenditure side,2018-Q2,,0.496644,,,,,,F,Free (free for publication),1,One,A,Normal value,0,Units,_Z,Not applicable
DATAFLOW,OECD.SDD.NAD:DSD_NAMAIN1@DF_QNA_EXPENDITURE_GROWTH_G20(1.1),Quarterly real GDP growth - G20 countries,I,Q,Quarterly,Y,Calendar and seasonally adjusted,OECDE,OECD Europe,S1,Total economy,S1,Total economy,B1GQ,Gross domestic product,_Z,Not applicable,_Z,Not applicable,_Z,Not applicable,PC,Percentage change,L,Chain linked volume,G1,"Growth rate, period on period",T0102,Table 0102 - GDP identity from the expenditure side,2018-Q3,,0.119495,,,,,,F,Free (free for publication),1,One,A,Normal value,0,Units,_Z,Not applicable
DATAFLOW,OECD.SDD.NAD:DSD_NAMAIN1@DF_QNA_EXPENDITURE_GROWTH_G20(1.1),Quarterly real GDP growth - G20 countries,I,Q,Quarterly,Y,Calendar and seasonally adjusted,OECDE,OECD Europe,S1,Total economy,S1,Total economy,B1GQ,Gross domestic product,_Z,Not applicable,_Z,Not applicable,_Z,Not applicable,PC,Percentage change,L,Chain linked volume,G1,"Growth rate, period on period",T0102,Table 0102 - GDP identity from the expenditure side,2018-Q4,,0.184223,,,,,,F,Free (free for publication),1,One,A,Normal value,0,Units,_Z,Not applicable
DATAFLOW,OECD.SDD.NAD:DSD_NAMAIN1@DF_QNA_EXPENDITURE_GROWTH_G20(1.1),Quarterly real GDP growth - G20 countries,I,Q,Quarterly,Y,Calendar and seasonally adjusted,OECDE,OECD Europe,S1,Total economy,S1,Total economy,B1GQ,Gross domestic product,_Z,Not applicable,_Z,Not applicable,_Z,Not applicable,PC,Percentage change,L,Chain linked volume,G1,"Growth rate, period on period",T0102,Table 0102 - GDP identity from the expenditure side,2019-Q1,,0.829198,,,,,,F,Free (free for publication),1,One,A,Normal value,0,Units,_Z,Not applicable
DATAFLOW,OECD.SDD.NAD:DSD_NAMAIN1@DF_QNA_EXPENDITURE_GROWTH_G20(1.1),Quarterly real GDP growth - G20 countries,I,Q,Quarterly,Y,Calendar and seasonally adjusted,OECDE,OECD Europe,S1,Total economy,S1,Total economy,B1GQ,Gross domestic product,_Z,Not applicable,_Z,Not applicable,_Z,Not applicable,PC,Percentage change,L,Chain linked volume,G1,"Growth rate, period on period",T0102,Table 0102 - GDP identity from the expenditure side,2019-Q2,,0.573915,,,,,,F,Free (free for publication),1,One,A,Normal value,0,Units,_Z,Not applicable
DATAFLOW,OECD.SDD.NAD:DSD_NAMAIN1@DF_QNA_EXPENDITURE_GROWTH_G20(1.1),Quarterly real GDP growth - G20 countries,I,Q,Quarterly,Y,Calendar and seasonally adjusted,OECDE,OECD Europe,S1,Total economy,S1,Total economy,B1GQ,Gross domestic product,_Z,Not applicable,_Z,Not applicable,_Z,Not applicable,PC,Percentage change,L,Chain linked volume,G1,"Growth rate, period on period",T0102,Table 0102 - GDP identity from the expenditure side,2019-Q3,,0.260478,,,,,,F,Free (free for publication),1,One,A,Normal value,0,Units,_Z,Not applicable
DATAFLOW,OECD.SDD.NAD:DSD_NAMAIN1@DF_QNA_EXPENDITURE_GROWTH_G20(1.1),Quarterly real GDP growth - G20 countries,I,Q,Quarterly,Y,Calendar and seasonally adjusted,OECDE,OECD Europe,S1,Total economy,S1,Total economy,B1GQ,Gross domestic product,_Z,Not applicable,_Z,Not applicable,_Z,Not applicable,PC,Percentage change,L,Chain linked volume,G1,"Growth rate, period on period",T0102,Table 0102 - GDP identity from the expenditure side,2019-Q4,,0.202722,,,,,,F,Free (free for publication),1,One,A,Normal value,0,Units,_Z,Not applicable
DATAFLOW,OECD.SDD.NAD:DSD_NAMAIN1@DF_QNA_EXPENDITURE_GROWTH_G20(1.1),Quarterly real GDP growth - G20 countries,I,Q,Quarterly,Y,Calendar and seasonally adjusted,OECDE,OECD Europe,S1,Total economy,S1,Total economy,B1GQ,Gross domestic product,_Z,Not applicable,_Z,Not applicable,_Z,Not applicable,PC,Percentage change,L,Chain linked volume,G1,"Growth rate, period on period",T0102,Table 0102 - GDP identity from the expenditure side,2020-Q1,,-2.543812,,,,,,F,Free (free for publication),1,One,A,Normal value,0,Units,_Z,Not applicable
DATAFLOW,OECD.SDD.NAD:DSD_NAMAIN1@DF_QNA_EXPENDITURE_GROWTH_G20(1.1),Quarterly real GDP growth - G20 countries,I,Q,Quarterly,Y,Calendar and seasonally adjusted,OECDE,OECD Europe,S1,Total economy,S1,Total economy,B1GQ,Gross domestic product,_Z,Not applicable,_Z,Not applicable,_Z,Not applicable,PC,Percentage change,L,Chain linked volume,G1,"Growth rate, period on period",T0102,Table 0102 - GDP identity from the expenditure side,2020-Q2,,-11.796211,,,,,,F,Free (free for publication),1,One,A,Normal value,0,Units,_Z,Not applicable
DATAFLOW,OECD.SDD.NAD:DSD_NAMAIN1@DF_QNA_EXPENDITURE_GROWTH_G20(1.1),Quarterly real GDP growth - G20 countries,I,Q,Quarterly,Y,Calendar and seasonally adjusted,OECDE,OECD Europe,S1,Total economy,S1,Total economy,B1GQ,Gross domestic product,_Z,Not applicable,_Z,Not applicable,_Z,Not applicable,PC,Percentage change,L,Chain linked volume,G1,"Growth rate, period on period",T0102,Table 0102 - GDP identity from the expenditure side,2020-Q3,,11.818818,,,,,,F,Free (free for publication),1,One,A,Normal value,0,Units,_Z,Not applicable
DATAFLOW,OECD.SDD.NAD:DSD_NAMAIN1@DF_QNA_EXPENDITURE_GROWTH_G20(1.1),Quarterly real GDP growth - G20 countries,I,Q,Quarterly,Y,Calendar and seasonally adjusted,OECDE,OECD Europe,S1,Total economy,S1,Total economy,B1GQ,Gross domestic product,_Z,Not applicable,_Z,Not applicable,_Z,Not applicable,PC,Percentage change,L,Chain linked volume,G1,"Growth rate, period on period",T0102,Table 0102 - GDP identity from the expenditure side,2020-Q4,,0.606952,,,,,,F,Free (free for publication),1,One,A,Normal value,0,Units,_Z,Not applicable
DATAFLOW,OECD.SDD.NAD:DSD_NAMAIN1@DF_QNA_EXPENDITURE_GROWTH_G20(1.1),Quarterly real GDP growth - G20 countries,I,Q,Quarterly,Y,Calendar and seasonally adjusted,OECDE,OECD Europe,S1,Total economy,S1,Total economy,B1GQ,Gross domestic product,_Z,Not applicable,_Z,Not applicable,_Z,Not applicable,PC,Percentage change,L,Chain linked volume,G1,"Growth rate, period on period",T0102,Table 0102 - GDP identity from the expenditure side,2021-Q1,,0.822526,,,,,,F,Free (free for publication),1,One,A,Normal value,0,Units,_Z,Not applicable
DATAFLOW,OECD.SDD.NAD:DSD_NAMAIN1@DF_QNA_EXPENDITURE_GROWTH_G20(1.1),Quarterly real GDP growth - G20 countries,I,Q,Quarterly,Y,Calendar and seasonally adjusted,OECDE,OECD Europe,S1,Total economy,S1,Total economy,B1GQ,Gross domestic product,_Z,Not applicable,_Z,Not applicable,_Z,Not applicable,PC,Percentage change,L,Chain linked volume,G1,"Growth rate, period on period",T0102,Table 0102 - GDP identity from the expenditure side,2021-Q2,,2.643889,,,,,,F,Free (free for publication),1,One,A,Normal value,0,Units,_Z,Not applicable
DATAFLOW,OECD.SDD.NAD:DSD_NAMAIN1@DF_QNA_EXPENDITURE_GROWTH_G20(1.1),Quarterly real GDP growth - G20 countries,I,Q,Quarterly,Y,Calendar and seasonally adjusted,OECDE,OECD Europe,S1,Total economy,S1,Total economy,B1GQ,Gross domestic product,_Z,Not applicable,_Z,Not applicable,_Z,Not applicable,PC,Percentage change,L,Chain linked volume,G1,"Growth rate, period on period",T0102,Table 0102 - GDP identity from the expenditure side,2021-Q3,,1.936071,,,,,,F,Free (free for publication),1,One,A,Normal value,0,Units,_Z,Not applicable
DATAFLOW,OECD.SDD.NAD:DSD_NAMAIN1@DF_QNA_EXPENDITURE_GROWTH_G20(1.1),Quarterly real GDP growth - G20 countries,I,Q,Quarterly,Y,Calendar and seasonally adjusted,OECDE,OECD Europe,S1,Total economy,S1,Total economy,B1GQ,Gross domestic product,_Z,Not applicable,_Z,Not applicable,_Z,Not applicable,PC,Percentage change,L,Chain linked volume,G1,"Growth rate, period on period",T0102,Table 0102 - GDP identity from the expenditure side,2021-Q4,,1.12113,,,,,,F,Free (free for publication),1,One,A,Normal value,0,Units,_Z,Not applicable
DATAFLOW,OECD.SDD.NAD:DSD_NAMAIN1@DF_QNA_EXPENDITURE_GROWTH_G20(1.1),Quarterly real GDP growth - G20 countries,I,Q,Quarterly,Y,Calendar and seasonally adjusted,OECDE,OECD Europe,S1,Total economy,S1,Total economy,B1GQ,Gross domestic product,_Z,Not applicable,_Z,Not applicable,_Z,Not applicable,PC,Percentage change,L,Chain linked volume,G1,"Growth rate, period on period",T0102,Table 0102 - GDP identity from the expenditure side,2022-Q1,,0.677637,,,,,,F,Free (free for publication),1,One,A,Normal value,0,Units,_Z,Not applicable
DATAFLOW,OECD.SDD.NAD:DSD_NAMAIN1@DF_QNA_EXPENDITURE_GROWTH_G20(1.1),Quarterly real GDP growth - G20 countries,I,Q,Quarterly,Y,Calendar and seasonally adjusted,OECDE,OECD Europe,S1,Total economy,S1,Total economy,B1GQ,Gross domestic product,_Z,Not applicable,_Z,Not applicable,_Z,Not applicable,PC,Percentage change,L,Chain linked volume,G1,"Growth rate, period on period",T0102,Table 0102 - GDP identity from the expenditure side,2022-Q2,,0.853202,,,,,,F,Free (free for publication),1,One,A,Normal value,0,Units,_Z,Not applicable
DATAFLOW,OECD.SDD.NAD:DSD_NAMAIN1@DF_QNA_EXPENDITURE_GROWTH_G20(1.1),Quarterly real GDP growth - G20 countries,I,Q,Quarterly,Y,Calendar and seasonally adjusted,OECDE,OECD Europe,S1,Total economy,S1,Total economy,B1GQ,Gross domestic product,_Z,Not applicable,_Z,Not applicable,_Z,Not applicable,PC,Percentage change,L,Chain linked volume,G1,"Growth rate, period on period",T0102,Table 0102 - GDP identity from the expenditure side,2022-Q3,,0.457553,,,,,,F,Free (free for publication),1,One,A,Normal value,0,Units,_Z,Not applicable
DATAFLOW,OECD.SDD.NAD:DSD_NAMAIN1@DF_QNA_EXPENDITURE_GROWTH_G20(1.1),Quarterly real GDP growth - G20 countries,I,Q,Quarterly,Y,Calendar and seasonally adjusted,OECDE,OECD Europe,S1,Total economy,S1,Total economy,B1GQ,Gross domestic product,_Z,Not applicable,_Z,Not applicable,_Z,Not applicable,PC,Percentage change,L,Chain linked volume,G1,"Growth rate, period on period",T0102,Table 0102 - GDP identity from the expenditure side,2022-Q4,,-0.052302,,,,,,F,Free (free for publication),1,One,A,Normal value,0,Units,_Z,Not applicable
DATAFLOW,OECD.SDD.NAD:DSD_NAMAIN1@DF_QNA_EXPENDITURE_GROWTH_G20(1.1),Quarterly real GDP growth - G20 countries,I,Q,Quarterly,Y,Calendar and seasonally adjusted,OECDE,OECD Europe,S1,Total economy,S1,Total economy,B1GQ,Gross domestic product,_Z,Not applicable,_Z,Not applicable,_Z,Not applicable,PC,Percentage change,L,Chain linked volume,G1,"Growth rate, period on period",T0102,Table 0102 - GDP identity from the expenditure side,2023-Q1,,0.049536,,,,,,F,Free (free for publication),1,One,A,Normal value,0,Units,_Z,Not applicable
DATAFLOW,OECD.SDD.NAD:DSD_NAMAIN1@DF_QNA_EXPENDITURE_GROWTH_G20(1.1),Quarterly real GDP growth - G20 countries,I,Q,Quarterly,Y,Calendar and seasonally adjusted,OECDE,OECD Europe,S1,Total economy,S1,Total economy,B1GQ,Gross domestic product,_Z,Not applicable,_Z,Not applicable,_Z,Not applicable,PC,Percentage change,L,Chain linked volume,G1,"Growth rate, period on period",T0102,Table 0102 - GDP identity from the expenditure side,2023-Q2,,0.518991,,,,,,F,Free (free for publication),1,One,A,Normal value,0,Units,_Z,Not applicable
DATAFLOW,OECD.SDD.NAD:DSD_NAMAIN1@DF_QNA_EXPENDITURE_GROWTH_G20(1.1),Quarterly real GDP growth - G20 countries,I,Q,Quarterly,Y,Calendar and seasonally adjusted,OECDE,OECD Europe,S1,Total economy,S1,Total economy,B1GQ,Gross domestic product,_Z,Not applicable,_Z,Not applicable,_Z,Not applicable,PC,Percentage change,L,Chain linked volume,G1,"Growth rate, period on period",T0102,Table 0102 - GDP identity from the expenditure side,2023-Q3,,0.164389,,,,,,F,Free (free for publication),1,One,A,Normal value,0,Units,_Z,Not applicable
DATAFLOW,OECD.SDD.NAD:DSD_NAMAIN1@DF_QNA_EXPENDITURE_GROWTH_G20(1.1),Quarterly real GDP growth - G20 countries,I,Q,Quarterly,Y,Calendar and seasonally adjusted,OECDE,OECD Europe,S1,Total economy,S1,Total economy,B1GQ,Gross domestic product,_Z,Not applicable,_Z,Not applicable,_Z,Not applicable,PC,Percentage change,L,Chain linked volume,G1,"Growth rate, period on period",T0102,Table 0102 - GDP identity from the expenditure side,2023-Q4,,0.140949,,,,,,F,Free (free for publication),1,One,A,Normal value,0,Units,_Z,Not applicable
DATAFLOW,OECD.SDD.NAD:DSD_NAMAIN1@DF_QNA_EXPENDITURE_GROWTH_G20(1.1),Quarterly real GDP growth - G20 countries,I,Q,Quarterly,Y,Calendar and seasonally adjusted,OECDE,OECD Europe,S1,Total economy,S1,Total economy,B1GQ,Gross domestic product,_Z,Not applicable,_Z,Not applicable,_Z,Not applicable,PC,Percentage change,L,Chain linked volume,G1,"Growth rate, period on period",T0102,Table 0102 - GDP identity from the expenditure side,2024-Q1,,0.454681,,,,,,F,Free (free for publication),1,One,A,Normal value,0,Units,_Z,Not applicable
DATAFLOW,OECD.SDD.NAD:DSD_NAMAIN1@DF_QNA_EXPENDITURE_GROWTH_G20(1.1),Quarterly real GDP growth - G20 countries,I,Q,Quarterly,Y,Calendar and seasonally adjusted,OECDE,OECD Europe,S1,Total economy,S1,Total economy,B1GQ,Gross domestic product,_Z,Not applicable,_Z,Not applicable,_Z,Not applicable,PC,Percentage change,L,Chain linked volume,G1,"Growth rate, period on period",T0102,Table 0102 - GDP identity from the expenditure side,2024-Q2,,0.354088,,,,,,F,Free (free for publication),1,One,A,Normal value,0,Units,_Z,Not applicable
DATAFLOW,OECD.SDD.NAD:DSD_NAMAIN1@DF_QNA_EXPENDITURE_GROWTH_G20(1.1),Quarterly real GDP growth - G20 countries,I,Q,Quarterly,Y,Calendar and seasonally adjusted,OECDE,OECD Europe,S1,Total economy,S1,Total economy,B1GQ,Gross domestic product,_Z,Not applicable,_Z,Not applicable,_Z,Not applicable,PC,Percentage change,L,Chain linked volume,G1,"Growth rate, period on period",T0102,Table 0102 - GDP identity from the expenditure side,2024-Q3,,0.376114,,,,,,F,Free (free for publication),1,One,A,Normal value,0,Units,_Z,Not applicable
DATAFLOW,OECD.SDD.NAD:DSD_NAMAIN1@DF_QNA_EXPENDITURE_GROWTH_G20(1.1),Quarterly real GDP growth - G20 countries,I,Q,Quarterly,Y,Calendar and seasonally adjusted,OECDE,OECD Europe,S1,Total economy,S1,Total economy,B1GQ,Gross domestic product,_Z,Not applicable,_Z,Not applicable,_Z,Not applicable,PC,Percentage change,L,Chain linked volume,G1,"Growth rate, period on period",T0102,Table 0102 - GDP identity from the expenditure side,2024-Q4,,0.527149,,,,,,F,Free (free for publication),1,One,A,Normal value,0,Units,_Z,Not applicable
DATAFLOW,OECD.SDD.NAD:DSD_NAMAIN1@DF_QNA_EXPENDITURE_GROWTH_G20(1.1),Quarterly real GDP growth - G20 countries,I,Q,Quarterly,Y,Calendar and seasonally adjusted,OECDE,OECD Europe,S1,Total economy,S1,Total economy,B1GQ,Gross domestic product,_Z,Not applicable,_Z,Not applicable,_Z,Not applicable,PC,Percentage change,L,Chain linked volume,G1,"Growth rate, period on period",T0102,Table 0102 - GDP identity from the expenditure side,2025-Q1,,0.54063,,,,,,F,Free (free for publication),1,One,A,Normal value,0,Units,_Z,Not applicable
DATAFLOW,OECD.SDD.NAD:DSD_NAMAIN1@DF_QNA_EXPENDITURE_GROWTH_G20(1.1),Quarterly real GDP growth - G20 countries,I,Q,Quarterly,Y,Calendar and seasonally adjusted,OECDE,OECD Europe,S1,Total economy,S1,Total economy,B1GQ,Gross domestic product,_Z,Not applicable,_Z,Not applicable,_Z,Not applicable,PC,Percentage change,L,Chain linked volume,G1,"Growth rate, period on period",T0102,Table 0102 - GDP identity from the expenditure side,2025-Q2,,0.406623,,,,,,F,Free (free for publication),1,One,A,Normal value,0,Units,_Z,Not applicable
DATAFLOW,OECD.SDD.NAD:DSD_NAMAIN1@DF_QNA_EXPENDITURE_GROWTH_G20(1.1),Quarterly real GDP growth - G20 countries,I,Q,Quarterly,Y,Calendar and seasonally adjusted,OECD,OECD,S1,Total economy,S1,Total economy,B1GQ,Gross domestic product,_Z,Not applicable,_Z,Not applicable,_Z,Not applicable,PC,Percentage change,L,Chain linked volume,G1,"Growth rate, period on period",T0102,Table 0102 - GDP identity from the expenditure side,2010-Q1,,0.640480426,,,,,,F,Free (free for publication),1,One,A,Normal value,0,Units,_Z,Not applicable
DATAFLOW,OECD.SDD.NAD:DSD_NAMAIN1@DF_QNA_EXPENDITURE_GROWTH_G20(1.1),Quarterly real GDP growth - G20 countries,I,Q,Quarterly,Y,Calendar and seasonally adjusted,OECD,OECD,S1,Total economy,S1,Total economy,B1GQ,Gross domestic product,_Z,Not applicable,_Z,Not applicable,_Z,Not applicable,PC,Percentage change,L,Chain linked volume,G1,"Growth rate, period on period",T0102,Table 0102 - GDP identity from the expenditure side,2010-Q2,,1.097129912,,,,,,F,Free (free for publication),1,One,A,Normal value,0,Units,_Z,Not applicable
DATAFLOW,OECD.SDD.NAD:DSD_NAMAIN1@DF_QNA_EXPENDITURE_GROWTH_G20(1.1),Quarterly real GDP growth - G20 countries,I,Q,Quarterly,Y,Calendar and seasonally adjusted,OECD,OECD,S1,Total economy,S1,Total economy,B1GQ,Gross domestic product,_Z,Not applicable,_Z,Not applicable,_Z,Not applicable,PC,Percentage change,L,Chain linked volume,G1,"Growth rate, period on period",T0102,Table 0102 - GDP identity from the expenditure side,2010-Q3,,0.84670008,,,,,,F,Free (free for publication),1,One,A,Normal value,0,Units,_Z,Not applicable
DATAFLOW,OECD.SDD.NAD:DSD_NAMAIN1@DF_QNA_EXPENDITURE_GROWTH_G20(1.1),Quarterly real GDP growth - G20 countries,I,Q,Quarterly,Y,Calendar and seasonally adjusted,OECD,OECD,S1,Total economy,S1,Total economy,B1GQ,Gross domestic product,_Z,Not applicable,_Z,Not applicable,_Z,Not applicable,PC,Percentage change,L,Chain linked volume,G1,"Growth rate, period on period",T0102,Table 0102 - GDP identity from the expenditure side,2010-Q4,,0.550160133,,,,,,F,Free (free for publication),1,One,A,Normal value,0,Units,_Z,Not applicable
DATAFLOW,OECD.SDD.NAD:DSD_NAMAIN1@DF_QNA_EXPENDITURE_GROWTH_G20(1.1),Quarterly real GDP growth - G20 countries,I,Q,Quarterly,Y,Calendar and seasonally adjusted,OECD,OECD,S1,Total economy,S1,Total economy,B1GQ,Gross domestic product,_Z,Not applicable,_Z,Not applicable,_Z,Not applicable,PC,Percentage change,L,Chain linked volume,G1,"Growth rate, period on period",T0102,Table 0102 - GDP identity from the expenditure side,2011-Q1,,0.328578128,,,,,,F,Free (free for publication),1,One,A,Normal value,0,Units,_Z,Not applicable
DATAFLOW,OECD.SDD.NAD:DSD_NAMAIN1@DF_QNA_EXPENDITURE_GROWTH_G20(1.1),Quarterly real GDP growth - G20 countries,I,Q,Quarterly,Y,Calendar and seasonally adjusted,OECD,OECD,S1,Total economy,S1,Total economy,B1GQ,Gross domestic product,_Z,Not applicable,_Z,Not applicable,_Z,Not applicable,PC,Percentage change,L,Chain linked volume,G1,"Growth rate, period on period",T0102,Table 0102 - GDP identity from the expenditure side,2011-Q2,,0.33461786,,,,,,F,Free (free for publication),1,One,A,Normal value,0,Units,_Z,Not applicable
DATAFLOW,OECD.SDD.NAD:DSD_NAMAIN1@DF_QNA_EXPENDITURE_GROWTH_G20(1.1),Quarterly real GDP growth - G20 countries,I,Q,Quarterly,Y,Calendar and seasonally adjusted,OECD,OECD,S1,Total economy,S1,Total economy,B1GQ,Gross domestic product,_Z,Not applicable,_Z,Not applicable,_Z,Not applicable,PC,Percentage change,L,Chain linked volume,G1,"Growth rate, period on period",T0102,Table 0102 - GDP identity from the expenditure side,2011-Q3,,0.553762461,,,,,,F,Free (free for publication),1,One,A,Normal value,0,Units,_Z,Not applicable
DATAFLOW,OECD.SDD.NAD:DSD_NAMAIN1@DF_QNA_EXPENDITURE_GROWTH_G20(1.1),Quarterly real GDP growth - G20 countries,I,Q,Quarterly,Y,Calendar and seasonally adjusted,OECD,OECD,S1,Total economy,S1,Total economy,B1GQ,Gross domestic product,_Z,Not applicable,_Z,Not applicable,_Z,Not applicable,PC,Percentage change,L,Chain linked volume,G1,"Growth rate, period on period",T0102,Table 0102 - GDP identity from the expenditure side,2011-Q4,,0.465730772,,,,,,F,Free (free for publication),1,One,A,Normal value,0,Units,_Z,Not applicable
DATAFLOW,OECD.SDD.NAD:DSD_NAMAIN1@DF_QNA_EXPENDITURE_GROWTH_G20(1.1),Quarterly real GDP growth - G20 countries,I,Q,Quarterly,Y,Calendar and seasonally adjusted,OECD,OECD,S1,Total economy,S1,Total economy,B1GQ,Gross domestic product,_Z,Not applicable,_Z,Not applicable,_Z,Not applicable,PC,Percentage change,L,Chain linked volume,G1,"Growth rate, period on period",T0102,Table 0102 - GDP identity from the expenditure side,2012-Q1,,0.536200523,,,,,,F,Free (free for publication),1,One,A,Normal value,0,Units,_Z,Not applicable
DATAFLOW,OECD.SDD.NAD:DSD_NAMAIN1@DF_QNA_EXPENDITURE_GROWTH_G20(1.1),Quarterly real GDP growth - G20 countries,I,Q,Quarterly,Y,Calendar and seasonally adjusted,OECD,OECD,S1,Total economy,S1,Total economy,B1GQ,Gross domestic product,_Z,Not applicable,_Z,Not applicable,_Z,Not applicable,PC,Percentage change,L,Chain linked volume,G1,"Growth rate, period on period",T0102,Table 0102 - GDP identity from the expenditure side,2012-Q2,,0.087050346,,,,,,F,Free (free for publication),1,One,A,Normal value,0,Units,_Z,Not applicable
DATAFLOW,OECD.SDD.NAD:DSD_NAMAIN1@DF_QNA_EXPENDITURE_GROWTH_G20(1.1),Quarterly real GDP growth - G20 countries,I,Q,Quarterly,Y,Calendar and seasonally adjusted,OECD,OECD,S1,Total economy,S1,Total economy,B1GQ,Gross domestic product,_Z,Not applicable,_Z,Not applicable,_Z,Not applicable,PC,Percentage change,L,Chain linked volume,G1,"Growth rate, period on period",T0102,Table 0102 - GDP identity from the expenditure side,2012-Q3,,0.145396085,,,,,,F,Free (free for publication),1,One,A,Normal value,0,Units,_Z,Not applicable
DATAFLOW,OECD.SDD.NAD:DSD_NAMAIN1@DF_QNA_EXPENDITURE_GROWTH_G20(1.1),Quarterly real GDP growth - G20 countries,I,Q,Quarterly,Y,Calendar and seasonally adjusted,OECD,OECD,S1,Total economy,S1,Total economy,B1GQ,Gross domestic product,_Z,Not applicable,_Z,Not applicable,_Z,Not applicable,PC,Percentage change,L,Chain linked volume,G1,"Growth rate, period on period",T0102,Table 0102 - GDP identity from the expenditure side,2012-Q4,,0.057298839,,,,,,F,Free (free for publication),1,One,A,Normal value,0,Units,_Z,Not applicable
DATAFLOW,OECD.SDD.NAD:DSD_NAMAIN1@DF_QNA_EXPENDITURE_GROWTH_G20(1.1),Quarterly real GDP growth - G20 countries,I,Q,Quarterly,Y,Calendar and seasonally adjusted,OECD,OECD,S1,Total economy,S1,Total economy,B1GQ,Gross domestic product,_Z,Not applicable,_Z,Not applicable,_Z,Not applicable,PC,Percentage change,L,Chain linked volume,G1,"Growth rate, period on period",T0102,Table 0102 - GDP identity from the expenditure side,2013-Q1,,0.608043089,,,,,,F,Free (free for publication),1,One,A,Normal value,0,Units,_Z,Not applicable
DATAFLOW,OECD.SDD.NAD:DSD_NAMAIN1@DF_QNA_EXPENDITURE_GROWTH_G20(1.1),Quarterly real GDP growth - G20 countries,I,Q,Quarterly,Y,Calendar and seasonally adjusted,OECD,OECD,S1,Total economy,S1,Total economy,B1GQ,Gross domestic product,_Z,Not applicable,_Z,Not applicable,_Z,Not applicable,PC,Percentage change,L,Chain linked volume,G1,"Growth rate, period on period",T0102,Table 0102 - GDP identity from the expenditure side,2013-Q2,,0.601657188,,,,,,F,Free (free for publication),1,One,A,Normal value,0,Units,_Z,Not applicable
DATAFLOW,OECD.SDD.NAD:DSD_NAMAIN1@DF_QNA_EXPENDITURE_GROWTH_G20(1.1),Quarterly real GDP growth - G20 countries,I,Q,Quarterly,Y,Calendar and seasonally adjusted,OECD,OECD,S1,Total economy,S1,Total economy,B1GQ,Gross domestic product,_Z,Not applicable,_Z,Not applicable,_Z,Not applicable,PC,Percentage change,L,Chain linked volume,G1,"Growth rate, period on period",T0102,Table 0102 - GDP identity from the expenditure side,2013-Q3,,0.712315364,,,,,,F,Free (free for publication),1,One,A,Normal value,0,Units,_Z,Not applicable
DATAFLOW,OECD.SDD.NAD:DSD_NAMAIN1@DF_QNA_EXPENDITURE_GROWTH_G20(1.1),Quarterly real GDP growth - G20 countries,I,Q,Quarterly,Y,Calendar and seasonally adjusted,OECD,OECD,S1,Total economy,S1,Total economy,B1GQ,Gross domestic product,_Z,Not applicable,_Z,Not applicable,_Z,Not applicable,PC,Percentage change,L,Chain linked volume,G1,"Growth rate, period on period",T0102,Table 0102 - GDP identity from the expenditure side,2013-Q4,,0.543619095,,,,,,F,Free (free for publication),1,One,A,Normal value,0,Units,_Z,Not applicable
DATAFLOW,OECD.SDD.NAD:DSD_NAMAIN1@DF_QNA_EXPENDITURE_GROWTH_G20(1.1),Quarterly real GDP growth - G20 countries,I,Q,Quarterly,Y,Calendar and seasonally adjusted,OECD,OECD,S1,Total economy,S1,Total economy,B1GQ,Gross domestic product,_Z,Not applicable,_Z,Not applicable,_Z,Not applicable,PC,Percentage change,L,Chain linked volume,G1,"Growth rate, period on period",T0102,Table 0102 - GDP identity from the expenditure side,2014-Q1,,0.358407114,,,,,,F,Free (free for publication),1,One,A,Normal value,0,Units,_Z,Not applicable
DATAFLOW,OECD.SDD.NAD:DSD_NAMAIN1@DF_QNA_EXPENDITURE_GROWTH_G20(1.1),Quarterly real GDP growth - G20 countries,I,Q,Quarterly,Y,Calendar and seasonally adjusted,OECD,OECD,S1,Total economy,S1,Total economy,B1GQ,Gross domestic product,_Z,Not applicable,_Z,Not applicable,_Z,Not applicable,PC,Percentage change,L,Chain linked volume,G1,"Growth rate, period on period",T0102,Table 0102 - GDP identity from the expenditure side,2014-Q2,,0.525477765,,,,,,F,Free (free for publication),1,One,A,Normal value,0,Units,_Z,Not applicable
DATAFLOW,OECD.SDD.NAD:DSD_NAMAIN1@DF_QNA_EXPENDITURE_GROWTH_G20(1.1),Quarterly real GDP growth - G20 countries,I,Q,Quarterly,Y,Calendar and seasonally adjusted,OECD,OECD,S1,Total economy,S1,Total economy,B1GQ,Gross domestic product,_Z,Not applicable,_Z,Not applicable,_Z,Not applicable,PC,Percentage change,L,Chain linked volume,G1,"Growth rate, period on period",T0102,Table 0102 - GDP identity from the expenditure side,2014-Q3,,0.768719369,,,,,,F,Free (free for publication),1,One,A,Normal value,0,Units,_Z,Not applicable
DATAFLOW,OECD.SDD.NAD:DSD_NAMAIN1@DF_QNA_EXPENDITURE_GROWTH_G20(1.1),Quarterly real GDP growth - G20 countries,I,Q,Quarterly,Y,Calendar and seasonally adjusted,OECD,OECD,S1,Total economy,S1,Total economy,B1GQ,Gross domestic product,_Z,Not applicable,_Z,Not applicable,_Z,Not applicable,PC,Percentage change,L,Chain linked volume,G1,"Growth rate, period on period",T0102,Table 0102 - GDP identity from the expenditure side,2014-Q4,,0.540242809,,,,,,F,Free (free for publication),1,One,A,Normal value,0,Units,_Z,Not applicable
DATAFLOW,OECD.SDD.NAD:DSD_NAMAIN1@DF_QNA_EXPENDITURE_GROWTH_G20(1.1),Quarterly real GDP growth - G20 countries,I,Q,Quarterly,Y,Calendar and seasonally adjusted,OECD,OECD,S1,Total economy,S1,Total economy,B1GQ,Gross domestic product,_Z,Not applicable,_Z,Not applicable,_Z,Not applicable,PC,Percentage change,L,Chain linked volume,G1,"Growth rate, period on period",T0102,Table 0102 - GDP identity from the expenditure side,2015-Q1,,0.848707334,,,,,,F,Free (free for publication),1,One,A,Normal value,0,Units,_Z,Not applicable
DATAFLOW,OECD.SDD.NAD:DSD_NAMAIN1@DF_QNA_EXPENDITURE_GROWTH_G20(1.1),Quarterly real GDP growth - G20 countries,I,Q,Quarterly,Y,Calendar and seasonally adjusted,OECD,OECD,S1,Total economy,S1,Total economy,B1GQ,Gross domestic product,_Z,Not applicable,_Z,Not applicable,_Z,Not applicable,PC,Percentage change,L,Chain linked volume,G1,"Growth rate, period on period",T0102,Table 0102 - GDP identity from the expenditure side,2015-Q2,,0.565889237,,,,,,F,Free (free for publication),1,One,A,Normal value,0,Units,_Z,Not applicable
DATAFLOW,OECD.SDD.NAD:DSD_NAMAIN1@DF_QNA_EXPENDITURE_GROWTH_G20(1.1),Quarterly real GDP growth - G20 countries,I,Q,Quarterly,Y,Calendar and seasonally adjusted,OECD,OECD,S1,Total economy,S1,Total economy,B1GQ,Gross domestic product,_Z,Not applicable,_Z,Not applicable,_Z,Not applicable,PC,Percentage change,L,Chain linked volume,G1,"Growth rate, period on period",T0102,Table 0102 - GDP identity from the expenditure side,2015-Q3,,0.505510898,,,,,,F,Free (free for publication),1,One,A,Normal value,0,Units,_Z,Not applicable
DATAFLOW,OECD.SDD.NAD:DSD_NAMAIN1@DF_QNA_EXPENDITURE_GROWTH_G20(1.1),Quarterly real GDP growth - G20 countries,I,Q,Quarterly,Y,Calendar and seasonally adjusted,OECD,OECD,S1,Total economy,S1,Total economy,B1GQ,Gross domestic product,_Z,Not applicable,_Z,Not applicable,_Z,Not applicable,PC,Percentage change,L,Chain linked volume,G1,"Growth rate, period on period",T0102,Table 0102 - GDP identity from the expenditure side,2015-Q4,,0.350769474,,,,,,F,Free (free for publication),1,One,A,Normal value,0,Units,_Z,Not applicable
DATAFLOW,OECD.SDD.NAD:DSD_NAMAIN1@DF_QNA_EXPENDITURE_GROWTH_G20(1.1),Quarterly real GDP growth - G20 countries,I,Q,Quarterly,Y,Calendar and seasonally adjusted,OECD,OECD,S1,Total economy,S1,Total economy,B1GQ,Gross domestic product,_Z,Not applicable,_Z,Not applicable,_Z,Not applicable,PC,Percentage change,L,Chain linked volume,G1,"Growth rate, period on period",T0102,Table 0102 - GDP identity from the expenditure side,2016-Q1,,0.48138814,,,,,,F,Free (free for publication),1,One,A,Normal value,0,Units,_Z,Not applicable
DATAFLOW,OECD.SDD.NAD:DSD_NAMAIN1@DF_QNA_EXPENDITURE_GROWTH_G20(1.1),Quarterly real GDP growth - G20 countries,I,Q,Quarterly,Y,Calendar and seasonally adjusted,OECD,OECD,S1,Total economy,S1,Total economy,B1GQ,Gross domestic product,_Z,Not applicable,_Z,Not applicable,_Z,Not applicable,PC,Percentage change,L,Chain linked volume,G1,"Growth rate, period on period",T0102,Table 0102 - GDP identity from the expenditure side,2016-Q2,,0.380957693,,,,,,F,Free (free for publication),1,One,A,Normal value,0,Units,_Z,Not applicable
DATAFLOW,OECD.SDD.NAD:DSD_NAMAIN1@DF_QNA_EXPENDITURE_GROWTH_G20(1.1),Quarterly real GDP growth - G20 countries,I,Q,Quarterly,Y,Calendar and seasonally adjusted,OECD,OECD,S1,Total economy,S1,Total economy,B1GQ,Gross domestic product,_Z,Not applicable,_Z,Not applicable,_Z,Not applicable,PC,Percentage change,L,Chain linked volume,G1,"Growth rate, period on period",T0102,Table 0102 - GDP identity from the expenditure side,2016-Q3,,0.440779187,,,,,,F,Free (free for publication),1,One,A,Normal value,0,Units,_Z,Not applicable
DATAFLOW,OECD.SDD.NAD:DSD_NAMAIN1@DF_QNA_EXPENDITURE_GROWTH_G20(1.1),Quarterly real GDP growth - G20 countries,I,Q,Quarterly,Y,Calendar and seasonally adjusted,OECD,OECD,S1,Total economy,S1,Total economy,B1GQ,Gross domestic product,_Z,Not applicable,_Z,Not applicable,_Z,Not applicable,PC,Percentage change,L,Chain linked volume,G1,"Growth rate, period on period",T0102,Table 0102 - GDP identity from the expenditure side,2016-Q4,,0.832698008,,,,,,F,Free (free for publication),1,One,A,Normal value,0,Units,_Z,Not applicable
DATAFLOW,OECD.SDD.NAD:DSD_NAMAIN1@DF_QNA_EXPENDITURE_GROWTH_G20(1.1),Quarterly real GDP growth - G20 countries,I,Q,Quarterly,Y,Calendar and seasonally adjusted,OECD,OECD,S1,Total economy,S1,Total economy,B1GQ,Gross domestic product,_Z,Not applicable,_Z,Not applicable,_Z,Not applicable,PC,Percentage change,L,Chain linked volume,G1,"Growth rate, period on period",T0102,Table 0102 - GDP identity from the expenditure side,2017-Q1,,0.691211977,,,,,,F,Free (free for publication),1,One,A,Normal value,0,Units,_Z,Not applicable
DATAFLOW,OECD.SDD.NAD:DSD_NAMAIN1@DF_QNA_EXPENDITURE_GROWTH_G20(1.1),Quarterly real GDP growth - G20 countries,I,Q,Quarterly,Y,Calendar and seasonally adjusted,OECD,OECD,S1,Total economy,S1,Total economy,B1GQ,Gross domestic product,_Z,Not applicable,_Z,Not applicable,_Z,Not applicable,PC,Percentage change,L,Chain linked volume,G1,"Growth rate, period on period",T0102,Table 0102 - GDP identity from the expenditure side,2017-Q2,,0.708380168,,,,,,F,Free (free for publication),1,One,A,Normal value,0,Units,_Z,Not applicable
DATAFLOW,OECD.SDD.NAD:DSD_NAMAIN1@DF_QNA_EXPENDITURE_GROWTH_G20(1.1),Quarterly real GDP growth - G20 countries,I,Q,Quarterly,Y,Calendar and seasonally adjusted,OECD,OECD,S1,Total economy,S1,Total economy,B1GQ,Gross domestic product,_Z,Not applicable,_Z,Not applicable,_Z,Not applicable,PC,Percentage change,L,Chain linked volume,G1,"Growth rate, period on period",T0102,Table 0102 - GDP identity from the expenditure side,2017-Q3,,0.798263465,,,,,,F,Free (free for publication),1,One,A,Normal value,0,Units,_Z,Not applicable
DATAFLOW,OECD.SDD.NAD:DSD_NAMAIN1@DF_QNA_EXPENDITURE_GROWTH_G20(1.1),Quarterly real GDP growth - G20 countries,I,Q,Quarterly,Y,Calendar and seasonally adjusted,OECD,OECD,S1,Total economy,S1,Total economy,B1GQ,Gross domestic product,_Z,Not applicable,_Z,Not applicable,_Z,Not applicable,PC,Percentage change,L,Chain linked volume,G1,"Growth rate, period on period",T0102,Table 0102 - GDP identity from the expenditure side,2017-Q4,,0.85077343,,,,,,F,Free (free for publication),1,One,A,Normal value,0,Units,_Z,Not applicable
DATAFLOW,OECD.SDD.NAD:DSD_NAMAIN1@DF_QNA_EXPENDITURE_GROWTH_G20(1.1),Quarterly real GDP growth - G20 countries,I,Q,Quarterly,Y,Calendar and seasonally adjusted,OECD,OECD,S1,Total economy,S1,Total economy,B1GQ,Gross domestic product,_Z,Not applicable,_Z,Not applicable,_Z,Not applicable,PC,Percentage change,L,Chain linked volume,G1,"Growth rate, period on period",T0102,Table 0102 - GDP identity from the expenditure side,2018-Q1,,0.619350903,,,,,,F,Free (free for publication),1,One,A,Normal value,0,Units,_Z,Not applicable
DATAFLOW,OECD.SDD.NAD:DSD_NAMAIN1@DF_QNA_EXPENDITURE_GROWTH_G20(1.1),Quarterly real GDP growth - G20 countries,I,Q,Quarterly,Y,Calendar and seasonally adjusted,OECD,OECD,S1,Total economy,S1,Total economy,B1GQ,Gross domestic product,_Z,Not applicable,_Z,Not applicable,_Z,Not applicable,PC,Percentage change,L,Chain linked volume,G1,"Growth rate, period on period",T0102,Table 0102 - GDP identity from the expenditure side,2018-Q2,,0.497911252,,,,,,F,Free (free for publication),1,One,A,Normal value,0,Units,_Z,Not applicable
DATAFLOW,OECD.SDD.NAD:DSD_NAMAIN1@DF_QNA_EXPENDITURE_GROWTH_G20(1.1),Quarterly real GDP growth - G20 countries,I,Q,Quarterly,Y,Calendar and seasonally adjusted,OECD,OECD,S1,Total economy,S1,Total economy,B1GQ,Gross domestic product,_Z,Not applicable,_Z,Not applicable,_Z,Not applicable,PC,Percentage change,L,Chain linked volume,G1,"Growth rate, period on period",T0102,Table 0102 - GDP identity from the expenditure side,2018-Q3,,0.286635723,,,,,,F,Free (free for publication),1,One,A,Normal value,0,Units,_Z,Not applicable
DATAFLOW,OECD.SDD.NAD:DSD_NAMAIN1@DF_QNA_EXPENDITURE_GROWTH_G20(1.1),Quarterly real GDP growth - G20 countries,I,Q,Quarterly,Y,Calendar and seasonally adjusted,OECD,OECD,S1,Total economy,S1,Total economy,B1GQ,Gross domestic product,_Z,Not applicable,_Z,Not applicable,_Z,Not applicable,PC,Percentage change,L,Chain linked volume,G1,"Growth rate, period on period",T0102,Table 0102 - GDP identity from the expenditure side,2018-Q4,,0.155187214,,,,,,F,Free (free for publication),1,One,A,Normal value,0,Units,_Z,Not applicable
DATAFLOW,OECD.SDD.NAD:DSD_NAMAIN1@DF_QNA_EXPENDITURE_GROWTH_G20(1.1),Quarterly real GDP growth - G20 countries,I,Q,Quarterly,Y,Calendar and seasonally adjusted,OECD,OECD,S1,Total economy,S1,Total economy,B1GQ,Gross domestic product,_Z,Not applicable,_Z,Not applicable,_Z,Not applicable,PC,Percentage change,L,Chain linked volume,G1,"Growth rate, period on period",T0102,Table 0102 - GDP identity from the expenditure side,2019-Q1,,0.62529192,,,,,,F,Free (free for publication),1,One,A,Normal value,0,Units,_Z,Not applicable
DATAFLOW,OECD.SDD.NAD:DSD_NAMAIN1@DF_QNA_EXPENDITURE_GROWTH_G20(1.1),Quarterly real GDP growth - G20 countries,I,Q,Quarterly,Y,Calendar and seasonally adjusted,OECD,OECD,S1,Total economy,S1,Total economy,B1GQ,Gross domestic product,_Z,Not applicable,_Z,Not applicable,_Z,Not applicable,PC,Percentage change,L,Chain linked volume,G1,"Growth rate, period on period",T0102,Table 0102 - GDP identity from the expenditure side,2019-Q2,,0.657780602,,,,,,F,Free (free for publication),1,One,A,Normal value,0,Units,_Z,Not applicable
DATAFLOW,OECD.SDD.NAD:DSD_NAMAIN1@DF_QNA_EXPENDITURE_GROWTH_G20(1.1),Quarterly real GDP growth - G20 countries,I,Q,Quarterly,Y,Calendar and seasonally adjusted,OECD,OECD,S1,Total economy,S1,Total economy,B1GQ,Gross domestic product,_Z,Not applicable,_Z,Not applicable,_Z,Not applicable,PC,Percentage change,L,Chain linked volume,G1,"Growth rate, period on period",T0102,Table 0102 - GDP identity from the expenditure side,2019-Q3,,0.56550476,,,,,,F,Free (free for publication),1,One,A,Normal value,0,Units,_Z,Not applicable
DATAFLOW,OECD.SDD.NAD:DSD_NAMAIN1@DF_QNA_EXPENDITURE_GROWTH_G20(1.1),Quarterly real GDP growth - G20 countries,I,Q,Quarterly,Y,Calendar and seasonally adjusted,OECD,OECD,S1,Total economy,S1,Total economy,B1GQ,Gross domestic product,_Z,Not applicable,_Z,Not applicable,_Z,Not applicable,PC,Percentage change,L,Chain linked volume,G1,"Growth rate, period on period",T0102,Table 0102 - GDP identity from the expenditure side,2019-Q4,,0.081098835,,,,,,F,Free (free for publication),1,One,A,Normal value,0,Units,_Z,Not applicable
DATAFLOW,OECD.SDD.NAD:DSD_NAMAIN1@DF_QNA_EXPENDITURE_GROWTH_G20(1.1),Quarterly real GDP growth - G20 countries,I,Q,Quarterly,Y,Calendar and seasonally adjusted,OECD,OECD,S1,Total economy,S1,Total economy,B1GQ,Gross domestic product,_Z,Not applicable,_Z,Not applicable,_Z,Not applicable,PC,Percentage change,L,Chain linked volume,G1,"Growth rate, period on period",T0102,Table 0102 - GDP identity from the expenditure side,2020-Q1,,-1.664784828,,,,,,F,Free (free for publication),1,One,A,Normal value,0,Units,_Z,Not applicable
DATAFLOW,OECD.SDD.NAD:DSD_NAMAIN1@DF_QNA_EXPENDITURE_GROWTH_G20(1.1),Quarterly real GDP growth - G20 countries,I,Q,Quarterly,Y,Calendar and seasonally adjusted,OECD,OECD,S1,Total economy,S1,Total economy,B1GQ,Gross domestic product,_Z,Not applicable,_Z,Not applicable,_Z,Not applicable,PC,Percentage change,L,Chain linked volume,G1,"Growth rate, period on period",T0102,Table 0102 - GDP identity from the expenditure side,2020-Q2,,-9.96383254,,,,,,F,Free (free for publication),1,One,A,Normal value,0,Units,_Z,Not applicable
DATAFLOW,OECD.SDD.NAD:DSD_NAMAIN1@DF_QNA_EXPENDITURE_GROWTH_G20(1.1),Quarterly real GDP growth - G20 countries,I,Q,Quarterly,Y,Calendar and seasonally adjusted,OECD,OECD,S1,Total economy,S1,Total economy,B1GQ,Gross domestic product,_Z,Not applicable,_Z,Not applicable,_Z,Not applicable,PC,Percentage change,L,Chain linked volume,G1,"Growth rate, period on period",T0102,Table 0102 - GDP identity from the expenditure side,2020-Q3,,9.255138674,,,,,,F,Free (free for publication),1,One,A,Normal value,0,Units,_Z,Not applicable
DATAFLOW,OECD.SDD.NAD:DSD_NAMAIN1@DF_QNA_EXPENDITURE_GROWTH_G20(1.1),Quarterly real GDP growth - G20 countries,I,Q,Quarterly,Y,Calendar and seasonally adjusted,OECD,OECD,S1,Total economy,S1,Total economy,B1GQ,Gross domestic product,_Z,Not applicable,_Z,Not applicable,_Z,Not applicable,PC,Percentage change,L,Chain linked volume,G1,"Growth rate, period on period",T0102,Table 0102 - GDP identity from the expenditure side,2020-Q4,,1.28566956,,,,,,F,Free (free for publication),1,One,A,Normal value,0,Units,_Z,Not applicable
DATAFLOW,OECD.SDD.NAD:DSD_NAMAIN1@DF_QNA_EXPENDITURE_GROWTH_G20(1.1),Quarterly real GDP growth - G20 countries,I,Q,Quarterly,Y,Calendar and seasonally adjusted,OECD,OECD,S1,Total economy,S1,Total economy,B1GQ,Gross domestic product,_Z,Not applicable,_Z,Not applicable,_Z,Not applicable,PC,Percentage change,L,Chain linked volume,G1,"Growth rate, period on period",T0102,Table 0102 - GDP identity from the expenditure side,2021-Q1,,1.106672812,,,,,,F,Free (free for publication),1,One,A,Normal value,0,Units,_Z,Not applicable
DATAFLOW,OECD.SDD.NAD:DSD_NAMAIN1@DF_QNA_EXPENDITURE_GROWTH_G20(1.1),Quarterly real GDP growth - G20 countries,I,Q,Quarterly,Y,Calendar and seasonally adjusted,OECD,OECD,S1,Total economy,S1,Total economy,B1GQ,Gross domestic product,_Z,Not applicable,_Z,Not applicable,_Z,Not applicable,PC,Percentage change,L,Chain linked volume,G1,"Growth rate, period on period",T0102,Table 0102 - GDP identity from the expenditure side,2021-Q2,,1.846817191,,,,,,F,Free (free for publication),1,One,A,Normal value,0,Units,_Z,Not applicable
DATAFLOW,OECD.SDD.NAD:DSD_NAMAIN1@DF_QNA_EXPENDITURE_GROWTH_G20(1.1),Quarterly real GDP growth - G20 countries,I,Q,Quarterly,Y,Calendar and seasonally adjusted,OECD,OECD,S1,Total economy,S1,Total economy,B1GQ,Gross domestic product,_Z,Not applicable,_Z,Not applicable,_Z,Not applicable,PC,Percentage change,L,Chain linked volume,G1,"Growth rate, period on period",T0102,Table 0102 - GDP identity from the expenditure side,2021-Q3,,1.152025388,,,,,,F,Free (free for publication),1,One,A,Normal value,0,Units,_Z,Not applicable
DATAFLOW,OECD.SDD.NAD:DSD_NAMAIN1@DF_QNA_EXPENDITURE_GROWTH_G20(1.1),Quarterly real GDP growth - G20 countries,I,Q,Quarterly,Y,Calendar and seasonally adjusted,OECD,OECD,S1,Total economy,S1,Total economy,B1GQ,Gross domestic product,_Z,Not applicable,_Z,Not applicable,_Z,Not applicable,PC,Percentage change,L,Chain linked volume,G1,"Growth rate, period on period",T0102,Table 0102 - GDP identity from the expenditure side,2021-Q4,,1.494906286,,,,,,F,Free (free for publication),1,One,A,Normal value,0,Units,_Z,Not applicable
DATAFLOW,OECD.SDD.NAD:DSD_NAMAIN1@DF_QNA_EXPENDITURE_GROWTH_G20(1.1),Quarterly real GDP growth - G20 countries,I,Q,Quarterly,Y,Calendar and seasonally adjusted,OECD,OECD,S1,Total economy,S1,Total economy,B1GQ,Gross domestic product,_Z,Not applicable,_Z,Not applicable,_Z,Not applicable,PC,Percentage change,L,Chain linked volume,G1,"Growth rate, period on period",T0102,Table 0102 - GDP identity from the expenditure side,2022-Q1,,0.278265809,,,,,,F,Free (free for publication),1,One,A,Normal value,0,Units,_Z,Not applicable
DATAFLOW,OECD.SDD.NAD:DSD_NAMAIN1@DF_QNA_EXPENDITURE_GROWTH_G20(1.1),Quarterly real GDP growth - G20 countries,I,Q,Quarterly,Y,Calendar and seasonally adjusted,OECD,OECD,S1,Total economy,S1,Total economy,B1GQ,Gross domestic product,_Z,Not applicable,_Z,Not applicable,_Z,Not applicable,PC,Percentage change,L,Chain linked volume,G1,"Growth rate, period on period",T0102,Table 0102 - GDP identity from the expenditure side,2022-Q2,,0.654208092,,,,,,F,Free (free for publication),1,One,A,Normal value,0,Units,_Z,Not applicable
DATAFLOW,OECD.SDD.NAD:DSD_NAMAIN1@DF_QNA_EXPENDITURE_GROWTH_G20(1.1),Quarterly real GDP growth - G20 countries,I,Q,Quarterly,Y,Calendar and seasonally adjusted,OECD,OECD,S1,Total economy,S1,Total economy,B1GQ,Gross domestic product,_Z,Not applicable,_Z,Not applicable,_Z,Not applicable,PC,Percentage change,L,Chain linked volume,G1,"Growth rate, period on period",T0102,Table 0102 - GDP identity from the expenditure side,2022-Q3,,0.508089852,,,,,,F,Free (free for publication),1,One,A,Normal value,0,Units,_Z,Not applicable
DATAFLOW,OECD.SDD.NAD:DSD_NAMAIN1@DF_QNA_EXPENDITURE_GROWTH_G20(1.1),Quarterly real GDP growth - G20 countries,I,Q,Quarterly,Y,Calendar and seasonally adjusted,OECD,OECD,S1,Total economy,S1,Total economy,B1GQ,Gross domestic product,_Z,Not applicable,_Z,Not applicable,_Z,Not applicable,PC,Percentage change,L,Chain linked volume,G1,"Growth rate, period on period",T0102,Table 0102 - GDP identity from the expenditure side,2022-Q4,,0.292562583,,,,,,F,Free (free for publication),1,One,A,Normal value,0,Units,_Z,Not applicable
DATAFLOW,OECD.SDD.NAD:DSD_NAMAIN1@DF_QNA_EXPENDITURE_GROWTH_G20(1.1),Quarterly real GDP growth - G20 countries,I,Q,Quarterly,Y,Calendar and seasonally adjusted,OECD,OECD,S1,Total economy,S1,Total economy,B1GQ,Gross domestic product,_Z,Not applicable,_Z,Not applicable,_Z,Not applicable,PC,Percentage change,L,Chain linked volume,G1,"Growth rate, period on period",T0102,Table 0102 - GDP identity from the expenditure side,2023-Q1,,0.460197168,,,,,,F,Free (free for publication),1,One,A,Normal value,0,Units,_Z,Not applicable
DATAFLOW,OECD.SDD.NAD:DSD_NAMAIN1@DF_QNA_EXPENDITURE_GROWTH_G20(1.1),Quarterly real GDP growth - G20 countries,I,Q,Quarterly,Y,Calendar and seasonally adjusted,OECD,OECD,S1,Total economy,S1,Total economy,B1GQ,Gross domestic product,_Z,Not applicable,_Z,Not applicable,_Z,Not applicable,PC,Percentage change,L,Chain linked volume,G1,"Growth rate, period on period",T0102,Table 0102 - GDP identity from the expenditure side,2023-Q2,,0.520825003,,,,,,F,Free (free for publication),1,One,A,Normal value,0,Units,_Z,Not applicable
DATAFLOW,OECD.SDD.NAD:DSD_NAMAIN1@DF_QNA_EXPENDITURE_GROWTH_G20(1.1),Quarterly real GDP growth - G20 countries,I,Q,Quarterly,Y,Calendar and seasonally adjusted,OECD,OECD,S1,Total economy,S1,Total economy,B1GQ,Gross domestic product,_Z,Not applicable,_Z,Not applicable,_Z,Not applicable,PC,Percentage change,L,Chain linked volume,G1,"Growth rate, period on period",T0102,Table 0102 - GDP identity from the expenditure side,2023-Q3,,0.454986164,,,,,,F,Free (free for publication),1,One,A,Normal value,0,Units,_Z,Not applicable
DATAFLOW,OECD.SDD.NAD:DSD_NAMAIN1@DF_QNA_EXPENDITURE_GROWTH_G20(1.1),Quarterly real GDP growth - G20 countries,I,Q,Quarterly,Y,Calendar and seasonally adjusted,OECD,OECD,S1,Total economy,S1,Total economy,B1GQ,Gross domestic product,_Z,Not applicable,_Z,Not applicable,_Z,Not applicable,PC,Percentage change,L,Chain linked volume,G1,"Growth rate, period on period",T0102,Table 0102 - GDP identity from the expenditure side,2023-Q4,,0.349895397,,,,,,F,Free (free for publication),1,One,A,Normal value,0,Units,_Z,Not applicable
DATAFLOW,OECD.SDD.NAD:DSD_NAMAIN1@DF_QNA_EXPENDITURE_GROWTH_G20(1.1),Quarterly real GDP growth - G20 countries,I,Q,Quarterly,Y,Calendar and seasonally adjusted,OECD,OECD,S1,Total economy,S1,Total economy,B1GQ,Gross domestic product,_Z,Not applicable,_Z,Not applicable,_Z,Not applicable,PC,Percentage change,L,Chain linked volume,G1,"Growth rate, period on period",T0102,Table 0102 - GDP identity from the expenditure side,2024-Q1,,0.349780264,,,,,,F,Free (free for publication),1,One,A,Normal value,0,Units,_Z,Not applicable
DATAFLOW,OECD.SDD.NAD:DSD_NAMAIN1@DF_QNA_EXPENDITURE_GROWTH_G20(1.1),Quarterly real GDP growth - G20 countries,I,Q,Quarterly,Y,Calendar and seasonally adjusted,OECD,OECD,S1,Total economy,S1,Total economy,B1GQ,Gross domestic product,_Z,Not applicable,_Z,Not applicable,_Z,Not applicable,PC,Percentage change,L,Chain linked volume,G1,"Growth rate, period on period",T0102,Table 0102 - GDP identity from the expenditure side,2024-Q2,,0.506418431,,,,,,F,Free (free for publication),1,One,A,Normal value,0,Units,_Z,Not applicable
DATAFLOW,OECD.SDD.NAD:DSD_NAMAIN1@DF_QNA_EXPENDITURE_GROWTH_G20(1.1),Quarterly real GDP growth - G20 countries,I,Q,Quarterly,Y,Calendar and seasonally adjusted,OECD,OECD,S1,Total economy,S1,Total economy,B1GQ,Gross domestic product,_Z,Not applicable,_Z,Not applicable,_Z,Not applicable,PC,Percentage change,L,Chain linked volume,G1,"Growth rate, period on period",T0102,Table 0102 - GDP identity from the expenditure side,2024-Q3,,0.569548526,,,,,,F,Free (free for publication),1,One,A,Normal value,0,Units,_Z,Not applicable
DATAFLOW,OECD.SDD.NAD:DSD_NAMAIN1@DF_QNA_EXPENDITURE_GROWTH_G20(1.1),Quarterly real GDP growth - G20 countries,I,Q,Quarterly,Y,Calendar and seasonally adjusted,OECD,OECD,S1,Total economy,S1,Total economy,B1GQ,Gross domestic product,_Z,Not applicable,_Z,Not applicable,_Z,Not applicable,PC,Percentage change,L,Chain linked volume,G1,"Growth rate, period on period",T0102,Table 0102 - GDP identity from the expenditure side,2024-Q4,,0.476440207,,,,,,F,Free (free for publication),1,One,A,Normal value,0,Units,_Z,Not applicable
DATAFLOW,OECD.SDD.NAD:DSD_NAMAIN1@DF_QNA_EXPENDITURE_GROWTH_G20(1.1),Quarterly real GDP growth - G20 countries,I,Q,Quarterly,Y,Calendar and seasonally adjusted,OECD,OECD,S1,Total economy,S1,Total economy,B1GQ,Gross domestic product,_Z,Not applicable,_Z,Not applicable,_Z,Not applicable,PC,Percentage change,L,Chain linked volume,G1,"Growth rate, period on period",T0102,Table 0102 - GDP identity from the expenditure side,2025-Q1,,0.242494255,,,,,,F,Free (free for publication),1,One,A,Normal value,0,Units,_Z,Not applicable
DATAFLOW,OECD.SDD.NAD:DSD_NAMAIN1@DF_QNA_EXPENDITURE_GROWTH_G20(1.1),Quarterly real GDP growth - G20 countries,I,Q,Quarterly,Y,Calendar and seasonally adjusted,OECD,OECD,S1,Total economy,S1,Total economy,B1GQ,Gross domestic product,_Z,Not applicable,_Z,Not applicable,_Z,Not applicable,PC,Percentage change,L,Chain linked volume,G1,"Growth rate, period on period",T0102,Table 0102 - GDP identity from the expenditure side,2025-Q2,,0.5815989,,,,,,F,Free (free for publication),1,One,A,Normal value,0,Units,_Z,Not applicable
DATAFLOW,OECD.SDD.NAD:DSD_NAMAIN1@DF_QNA_EXPENDITURE_GROWTH_G20(1.1),Quarterly real GDP growth - G20 countries,I,Q,Quarterly,Y,Calendar and seasonally adjusted,USA,United States,S1,Total economy,S1,Total economy,B1GQ,Gross domestic product,_Z,Not applicable,_Z,Not applicable,_Z,Not applicable,PC,Percentage change,L,Chain linked volume,G1,"Growth rate, period on period",T0102,Table 0102 - GDP identity from the expenditure side,2010-Q1,,0.484500951,,,,,,F,Free (free for publication),1,One,A,Normal value,0,Units,_Z,Not applicable
DATAFLOW,OECD.SDD.NAD:DSD_NAMAIN1@DF_QNA_EXPENDITURE_GROWTH_G20(1.1),Quarterly real GDP growth - G20 countries,I,Q,Quarterly,Y,Calendar and seasonally adjusted,USA,United States,S1,Total economy,S1,Total economy,B1GQ,Gross domestic product,_Z,Not applicable,_Z,Not applicable,_Z,Not applicable,PC,Percentage change,L,Chain linked volume,G1,"Growth rate, period on period",T0102,Table 0102 - GDP identity from the expenditure side,2010-Q2,,0.967586118,,,,,,F,Free (free for publication),1,One,A,Normal value,0,Units,_Z,Not applicable
DATAFLOW,OECD.SDD.NAD:DSD_NAMAIN1@DF_QNA_EXPENDITURE_GROWTH_G20(1.1),Quarterly real GDP growth - G20 countries,I,Q,Quarterly,Y,Calendar and seasonally adjusted,USA,United States,S1,Total economy,S1,Total economy,B1GQ,Gross domestic product,_Z,Not applicable,_Z,Not applicable,_Z,Not applicable,PC,Percentage change,L,Chain linked volume,G1,"Growth rate, period on period",T0102,Table 0102 - GDP identity from the expenditure side,2010-Q3,,0.771084936,,,,,,F,Free (free for publication),1,One,A,Normal value,0,Units,_Z,Not applicable
DATAFLOW,OECD.SDD.NAD:DSD_NAMAIN1@DF_QNA_EXPENDITURE_GROWTH_G20(1.1),Quarterly real GDP growth - G20 countries,I,Q,Quarterly,Y,Calendar and seasonally adjusted,USA,United States,S1,Total economy,S1,Total economy,B1GQ,Gross domestic product,_Z,Not applicable,_Z,Not applicable,_Z,Not applicable,PC,Percentage change,L,Chain linked volume,G1,"Growth rate, period on period",T0102,Table 0102 - GDP identity from the expenditure side,2010-Q4,,0.525110261,,,,,,F,Free (free for publication),1,One,A,Normal value,0,Units,_Z,Not applicable
DATAFLOW,OECD.SDD.NAD:DSD_NAMAIN1@DF_QNA_EXPENDITURE_GROWTH_G20(1.1),Quarterly real GDP growth - G20 countries,I,Q,Quarterly,Y,Calendar and seasonally adjusted,USA,United States,S1,Total economy,S1,Total economy,B1GQ,Gross domestic product,_Z,Not applicable,_Z,Not applicable,_Z,Not applicable,PC,Percentage change,L,Chain linked volume,G1,"Growth rate, period on period",T0102,Table 0102 - GDP identity from the expenditure side,2011-Q1,,-0.237204897,,,,,,F,Free (free for publication),1,One,A,Normal value,0,Units,_Z,Not applicable
DATAFLOW,OECD.SDD.NAD:DSD_NAMAIN1@DF_QNA_EXPENDITURE_GROWTH_G20(1.1),Quarterly real GDP growth - G20 countries,I,Q,Quarterly,Y,Calendar and seasonally adjusted,USA,United States,S1,Total economy,S1,Total economy,B1GQ,Gross domestic product,_Z,Not applicable,_Z,Not applicable,_Z,Not applicable,PC,Percentage change,L,Chain linked volume,G1,"Growth rate, period on period",T0102,Table 0102 - GDP identity from the expenditure side,2011-Q2,,0.676582293,,,,,,F,Free (free for publication),1,One,A,Normal value,0,Units,_Z,Not applicable
DATAFLOW,OECD.SDD.NAD:DSD_NAMAIN1@DF_QNA_EXPENDITURE_GROWTH_G20(1.1),Quarterly real GDP growth - G20 countries,I,Q,Quarterly,Y,Calendar and seasonally adjusted,USA,United States,S1,Total economy,S1,Total economy,B1GQ,Gross domestic product,_Z,Not applicable,_Z,Not applicable,_Z,Not applicable,PC,Percentage change,L,Chain linked volume,G1,"Growth rate, period on period",T0102,Table 0102 - GDP identity from the expenditure side,2011-Q3,,-0.022312736,,,,,,F,Free (free for publication),1,One,A,Normal value,0,Units,_Z,Not applicable
DATAFLOW,OECD.SDD.NAD:DSD_NAMAIN1@DF_QNA_EXPENDITURE_GROWTH_G20(1.1),Quarterly real GDP growth - G20 countries,I,Q,Quarterly,Y,Calendar and seasonally adjusted,USA,United States,S1,Total economy,S1,Total economy,B1GQ,Gross domestic product,_Z,Not applicable,_Z,Not applicable,_Z,Not applicable,PC,Percentage change,L,Chain linked volume,G1,"Growth rate, period on period",T0102,Table 0102 - GDP identity from the expenditure side,2011-Q4,,1.123049057,,,,,,F,Free (free for publication),1,One,A,Normal value,0,Units,_Z,Not applicable
DATAFLOW,OECD.SDD.NAD:DSD_NAMAIN1@DF_QNA_EXPENDITURE_GROWTH_G20(1.1),Quarterly real GDP growth - G20 countries,I,Q,Quarterly,Y,Calendar and seasonally adjusted,USA,United States,S1,Total economy,S1,Total economy,B1GQ,Gross domestic product,_Z,Not applicable,_Z,Not applicable,_Z,Not applicable,PC,Percentage change,L,Chain linked volume,G1,"Growth rate, period on period",T0102,Table 0102 - GDP identity from the expenditure side,2012-Q1,,0.83859082,,,,,,F,Free (free for publication),1,One,A,Normal value,0,Units,_Z,Not applicable
DATAFLOW,OECD.SDD.NAD:DSD_NAMAIN1@DF_QNA_EXPENDITURE_GROWTH_G20(1.1),Quarterly real GDP growth - G20 countries,I,Q,Quarterly,Y,Calendar and seasonally adjusted,USA,United States,S1,Total economy,S1,Total economy,B1GQ,Gross domestic product,_Z,Not applicable,_Z,Not applicable,_Z,Not applicable,PC,Percentage change,L,Chain linked volume,G1,"Growth rate, period on period",T0102,Table 0102 - GDP identity from the expenditure side,2012-Q2,,0.446334746,,,,,,F,Free (free for publication),1,One,A,Normal value,0,Units,_Z,Not applicable
DATAFLOW,OECD.SDD.NAD:DSD_NAMAIN1@DF_QNA_EXPENDITURE_GROWTH_G20(1.1),Quarterly real GDP growth - G20 countries,I,Q,Quarterly,Y,Calendar and seasonally adjusted,USA,United States,S1,Total economy,S1,Total economy,B1GQ,Gross domestic product,_Z,Not applicable,_Z,Not applicable,_Z,Not applicable,PC,Percentage change,L,Chain linked volume,G1,"Growth rate, period on period",T0102,Table 0102 - GDP identity from the expenditure side,2012-Q3,,0.144027997,,,,,,F,Free (free for publication),1,One,A,Normal value,0,Units,_Z,Not applicable
DATAFLOW,OECD.SDD.NAD:DSD_NAMAIN1@DF_QNA_EXPENDITURE_GROWTH_G20(1.1),Quarterly real GDP growth - G20 countries,I,Q,Quarterly,Y,Calendar and seasonally adjusted,USA,United States,S1,Total economy,S1,Total economy,B1GQ,Gross domestic product,_Z,Not applicable,_Z,Not applicable,_Z,Not applicable,PC,Percentage change,L,Chain linked volume,G1,"Growth rate, period on period",T0102,Table 0102 - GDP identity from the expenditure side,2012-Q4,,0.115640554,,,,,,F,Free (free for publication),1,One,A,Normal value,0,Units,_Z,Not applicable
DATAFLOW,OECD.SDD.NAD:DSD_NAMAIN1@DF_QNA_EXPENDITURE_GROWTH_G20(1.1),Quarterly real GDP growth - G20 countries,I,Q,Quarterly,Y,Calendar and seasonally adjusted,USA,United States,S1,Total economy,S1,Total economy,B1GQ,Gross domestic product,_Z,Not applicable,_Z,Not applicable,_Z,Not applicable,PC,Percentage change,L,Chain linked volume,G1,"Growth rate, period on period",T0102,Table 0102 - GDP identity from the expenditure side,2013-Q1,,0.986560664,,,,,,F,Free (free for publication),1,One,A,Normal value,0,Units,_Z,Not applicable
DATAFLOW,OECD.SDD.NAD:DSD_NAMAIN1@DF_QNA_EXPENDITURE_GROWTH_G20(1.1),Quarterly real GDP growth - G20 countries,I,Q,Quarterly,Y,Calendar and seasonally adjusted,USA,United States,S1,Total economy,S1,Total economy,B1GQ,Gross domestic product,_Z,Not applicable,_Z,Not applicable,_Z,Not applicable,PC,Percentage change,L,Chain linked volume,G1,"Growth rate, period on period",T0102,Table 0102 - GDP identity from the expenditure side,2013-Q2,,0.267636335,,,,,,F,Free (free for publication),1,One,A,Normal value,0,Units,_Z,Not applicable
DATAFLOW,OECD.SDD.NAD:DSD_NAMAIN1@DF_QNA_EXPENDITURE_GROWTH_G20(1.1),Quarterly real GDP growth - G20 countries,I,Q,Quarterly,Y,Calendar and seasonally adjusted,USA,United States,S1,Total economy,S1,Total economy,B1GQ,Gross domestic product,_Z,Not applicable,_Z,Not applicable,_Z,Not applicable,PC,Percentage change,L,Chain linked volume,G1,"Growth rate, period on period",T0102,Table 0102 - GDP identity from the expenditure side,2013-Q3,,0.851393569,,,,,,F,Free (free for publication),1,One,A,Normal value,0,Units,_Z,Not applicable
DATAFLOW,OECD.SDD.NAD:DSD_NAMAIN1@DF_QNA_EXPENDITURE_GROWTH_G20(1.1),Quarterly real GDP growth - G20 countries,I,Q,Quarterly,Y,Calendar and seasonally adjusted,USA,United States,S1,Total economy,S1,Total economy,B1GQ,Gross domestic product,_Z,Not applicable,_Z,Not applicable,_Z,Not applicable,PC,Percentage change,L,Chain linked volume,G1,"Growth rate, period on period",T0102,Table 0102 - GDP identity from the expenditure side,2013-Q4,,0.871741753,,,,,,F,Free (free for publication),1,One,A,Normal value,0,Units,_Z,Not applicable
DATAFLOW,OECD.SDD.NAD:DSD_NAMAIN1@DF_QNA_EXPENDITURE_GROWTH_G20(1.1),Quarterly real GDP growth - G20 countries,I,Q,Quarterly,Y,Calendar and seasonally adjusted,USA,United States,S1,Total economy,S1,Total economy,B1GQ,Gross domestic product,_Z,Not applicable,_Z,Not applicable,_Z,Not applicable,PC,Percentage change,L,Chain linked volume,G1,"Growth rate, period on period",T0102,Table 0102 - GDP identity from the expenditure side,2014-Q1,,-0.345095985,,,,,,F,Free (free for publication),1,One,A,Normal value,0,Units,_Z,Not applicable
DATAFLOW,OECD.SDD.NAD:DSD_NAMAIN1@DF_QNA_EXPENDITURE_GROWTH_G20(1.1),Quarterly real GDP growth - G20 countries,I,Q,Quarterly,Y,Calendar and seasonally adjusted,USA,United States,S1,Total economy,S1,Total economy,B1GQ,Gross domestic product,_Z,Not applicable,_Z,Not applicable,_Z,Not applicable,PC,Percentage change,L,Chain linked volume,G1,"Growth rate, period on period",T0102,Table 0102 - GDP identity from the expenditure side,2014-Q2,,1.291842129,,,,,,F,Free (free for publication),1,One,A,Normal value,0,Units,_Z,Not applicable
DATAFLOW,OECD.SDD.NAD:DSD_NAMAIN1@DF_QNA_EXPENDITURE_GROWTH_G20(1.1),Quarterly real GDP growth - G20 countries,I,Q,Quarterly,Y,Calendar and seasonally adjusted,USA,United States,S1,Total economy,S1,Total economy,B1GQ,Gross domestic product,_Z,Not applicable,_Z,Not applicable,_Z,Not applicable,PC,Percentage change,L,Chain linked volume,G1,"Growth rate, period on period",T0102,Table 0102 - GDP identity from the expenditure side,2014-Q3,,1.215391409,,,,,,F,Free (free for publication),1,One,A,Normal value,0,Units,_Z,Not applicable
DATAFLOW,OECD.SDD.NAD:DSD_NAMAIN1@DF_QNA_EXPENDITURE_GROWTH_G20(1.1),Quarterly real GDP growth - G20 countries,I,Q,Quarterly,Y,Calendar and seasonally adjusted,USA,United States,S1,Total economy,S1,Total economy,B1GQ,Gross domestic product,_Z,Not applicable,_Z,Not applicable,_Z,Not applicable,PC,Percentage change,L,Chain linked volume,G1,"Growth rate, period on period",T0102,Table 0102 - GDP identity from the expenditure side,2014-Q4,,0.505733136,,,,,,F,Free (free for publication),1,One,A,Normal value,0,Units,_Z,Not applicable
DATAFLOW,OECD.SDD.NAD:DSD_NAMAIN1@DF_QNA_EXPENDITURE_GROWTH_G20(1.1),Quarterly real GDP growth - G20 countries,I,Q,Quarterly,Y,Calendar and seasonally adjusted,USA,United States,S1,Total economy,S1,Total economy,B1GQ,Gross domestic product,_Z,Not applicable,_Z,Not applicable,_Z,Not applicable,PC,Percentage change,L,Chain linked volume,G1,"Growth rate, period on period",T0102,Table 0102 - GDP identity from the expenditure side,2015-Q1,,0.900484978,,,,,,F,Free (free for publication),1,One,A,Normal value,0,Units,_Z,Not applicable
DATAFLOW,OECD.SDD.NAD:DSD_NAMAIN1@DF_QNA_EXPENDITURE_GROWTH_G20(1.1),Quarterly real GDP growth - G20 countries,I,Q,Quarterly,Y,Calendar and seasonally adjusted,USA,United States,S1,Total economy,S1,Total economy,B1GQ,Gross domestic product,_Z,Not applicable,_Z,Not applicable,_Z,Not applicable,PC,Percentage change,L,Chain linked volume,G1,"Growth rate, period on period",T0102,Table 0102 - GDP identity from the expenditure side,2015-Q2,,0.619405087,,,,,,F,Free (free for publication),1,One,A,Normal value,0,Units,_Z,Not applicable
DATAFLOW,OECD.SDD.NAD:DSD_NAMAIN1@DF_QNA_EXPENDITURE_GROWTH_G20(1.1),Quarterly real GDP growth - G20 countries,I,Q,Quarterly,Y,Calendar and seasonally adjusted,USA,United States,S1,Total economy,S1,Total economy,B1GQ,Gross domestic product,_Z,Not applicable,_Z,Not applicable,_Z,Not applicable,PC,Percentage change,L,Chain linked volume,G1,"Growth rate, period on period",T0102,Table 0102 - GDP identity from the expenditure side,2015-Q3,,0.400245061,,,,,,F,Free (free for publication),1,One,A,Normal value,0,Units,_Z,Not applicable
DATAFLOW,OECD.SDD.NAD:DSD_NAMAIN1@DF_QNA_EXPENDITURE_GROWTH_G20(1.1),Quarterly real GDP growth - G20 countries,I,Q,Quarterly,Y,Calendar and seasonally adjusted,USA,United States,S1,Total economy,S1,Total economy,B1GQ,Gross domestic product,_Z,Not applicable,_Z,Not applicable,_Z,Not applicable,PC,Percentage change,L,Chain linked volume,G1,"Growth rate, period on period",T0102,Table 0102 - GDP identity from the expenditure side,2015-Q4,,0.184479126,,,,,,F,Free (free for publication),1,One,A,Normal value,0,Units,_Z,Not applicable
DATAFLOW,OECD.SDD.NAD:DSD_NAMAIN1@DF_QNA_EXPENDITURE_GROWTH_G20(1.1),Quarterly real GDP growth - G20 countries,I,Q,Quarterly,Y,Calendar and seasonally adjusted,USA,United States,S1,Total economy,S1,Total economy,B1GQ,Gross domestic product,_Z,Not applicable,_Z,Not applicable,_Z,Not applicable,PC,Percentage change,L,Chain linked volume,G1,"Growth rate, period on period",T0102,Table 0102 - GDP identity from the expenditure side,2016-Q1,,0.579519406,,,,,,F,Free (free for publication),1,One,A,Normal value,0,Units,_Z,Not applicable
DATAFLOW,OECD.SDD.NAD:DSD_NAMAIN1@DF_QNA_EXPENDITURE_GROWTH_G20(1.1),Quarterly real GDP growth - G20 countries,I,Q,Quarterly,Y,Calendar and seasonally adjusted,USA,United States,S1,Total economy,S1,Total economy,B1GQ,Gross domestic product,_Z,Not applicable,_Z,Not applicable,_Z,Not applicable,PC,Percentage change,L,Chain linked volume,G1,"Growth rate, period on period",T0102,Table 0102 - GDP identity from the expenditure side,2016-Q2,,0.321124068,,,,,,F,Free (free for publication),1,One,A,Normal value,0,Units,_Z,Not applicable
DATAFLOW,OECD.SDD.NAD:DSD_NAMAIN1@DF_QNA_EXPENDITURE_GROWTH_G20(1.1),Quarterly real GDP growth - G20 countries,I,Q,Quarterly,Y,Calendar and seasonally adjusted,USA,United States,S1,Total economy,S1,Total economy,B1GQ,Gross domestic product,_Z,Not applicable,_Z,Not applicable,_Z,Not applicable,PC,Percentage change,L,Chain linked volume,G1,"Growth rate, period on period",T0102,Table 0102 - GDP identity from the expenditure side,2016-Q3,,0.709390255,,,,,,F,Free (free for publication),1,One,A,Normal value,0,Units,_Z,Not applicable
DATAFLOW,OECD.SDD.NAD:DSD_NAMAIN1@DF_QNA_EXPENDITURE_GROWTH_G20(1.1),Quarterly real GDP growth - G20 countries,I,Q,Quarterly,Y,Calendar and seasonally adjusted,USA,United States,S1,Total economy,S1,Total economy,B1GQ,Gross domestic product,_Z,Not applicable,_Z,Not applicable,_Z,Not applicable,PC,Percentage change,L,Chain linked volume,G1,"Growth rate, period on period",T0102,Table 0102 - GDP identity from the expenditure side,2016-Q4,,0.554299113,,,,,,F,Free (free for publication),1,One,A,Normal value,0,Units,_Z,Not applicable
DATAFLOW,OECD.SDD.NAD:DSD_NAMAIN1@DF_QNA_EXPENDITURE_GROWTH_G20(1.1),Quarterly real GDP growth - G20 countries,I,Q,Quarterly,Y,Calendar and seasonally adjusted,USA,United States,S1,Total economy,S1,Total economy,B1GQ,Gross domestic product,_Z,Not applicable,_Z,Not applicable,_Z,Not applicable,PC,Percentage change,L,Chain linked volume,G1,"Growth rate, period on period",T0102,Table 0102 - GDP identity from the expenditure side,2017-Q1,,0.48689021,,,,,,F,Free (free for publication),1,One,A,Normal value,0,Units,_Z,Not applicable
DATAFLOW,OECD.SDD.NAD:DSD_NAMAIN1@DF_QNA_EXPENDITURE_GROWTH_G20(1.1),Quarterly real GDP growth - G20 countries,I,Q,Quarterly,Y,Calendar and seasonally adjusted,USA,United States,S1,Total economy,S1,Total economy,B1GQ,Gross domestic product,_Z,Not applicable,_Z,Not applicable,_Z,Not applicable,PC,Percentage change,L,Chain linked volume,G1,"Growth rate, period on period",T0102,Table 0102 - GDP identity from the expenditure side,2017-Q2,,0.559872562,,,,,,F,Free (free for publication),1,One,A,Normal value,0,Units,_Z,Not applicable
DATAFLOW,OECD.SDD.NAD:DSD_NAMAIN1@DF_QNA_EXPENDITURE_GROWTH_G20(1.1),Quarterly real GDP growth - G20 countries,I,Q,Quarterly,Y,Calendar and seasonally adjusted,USA,United States,S1,Total economy,S1,Total economy,B1GQ,Gross domestic product,_Z,Not applicable,_Z,Not applicable,_Z,Not applicable,PC,Percentage change,L,Chain linked volume,G1,"Growth rate, period on period",T0102,Table 0102 - GDP identity from the expenditure side,2017-Q3,,0.788524131,,,,,,F,Free (free for publication),1,One,A,Normal value,0,Units,_Z,Not applicable
DATAFLOW,OECD.SDD.NAD:DSD_NAMAIN1@DF_QNA_EXPENDITURE_GROWTH_G20(1.1),Quarterly real GDP growth - G20 countries,I,Q,Quarterly,Y,Calendar and seasonally adjusted,USA,United States,S1,Total economy,S1,Total economy,B1GQ,Gross domestic product,_Z,Not applicable,_Z,Not applicable,_Z,Not applicable,PC,Percentage change,L,Chain linked volume,G1,"Growth rate, period on period",T0102,Table 0102 - GDP identity from the expenditure side,2017-Q4,,1.127046627,,,,,,F,Free (free for publication),1,One,A,Normal value,0,Units,_Z,Not applicable
DATAFLOW,OECD.SDD.NAD:DSD_NAMAIN1@DF_QNA_EXPENDITURE_GROWTH_G20(1.1),Quarterly real GDP growth - G20 countries,I,Q,Quarterly,Y,Calendar and seasonally adjusted,USA,United States,S1,Total economy,S1,Total economy,B1GQ,Gross domestic product,_Z,Not applicable,_Z,Not applicable,_Z,Not applicable,PC,Percentage change,L,Chain linked volume,G1,"Growth rate, period on period",T0102,Table 0102 - GDP identity from the expenditure side,2018-Q1,,0.813409802,,,,,,F,Free (free for publication),1,One,A,Normal value,0,Units,_Z,Not applicable
DATAFLOW,OECD.SDD.NAD:DSD_NAMAIN1@DF_QNA_EXPENDITURE_GROWTH_G20(1.1),Quarterly real GDP growth - G20 countries,I,Q,Quarterly,Y,Calendar and seasonally adjusted,USA,United States,S1,Total economy,S1,Total economy,B1GQ,Gross domestic product,_Z,Not applicable,_Z,Not applicable,_Z,Not applicable,PC,Percentage change,L,Chain linked volume,G1,"Growth rate, period on period",T0102,Table 0102 - GDP identity from the expenditure side,2018-Q2,,0.530825141,,,,,,F,Free (free for publication),1,One,A,Normal value,0,Units,_Z,Not applicable
DATAFLOW,OECD.SDD.NAD:DSD_NAMAIN1@DF_QNA_EXPENDITURE_GROWTH_G20(1.1),Quarterly real GDP growth - G20 countries,I,Q,Quarterly,Y,Calendar and seasonally adjusted,USA,United States,S1,Total economy,S1,Total economy,B1GQ,Gross domestic product,_Z,Not applicable,_Z,Not applicable,_Z,Not applicable,PC,Percentage change,L,Chain linked volume,G1,"Growth rate, period on period",T0102,Table 0102 - GDP identity from the expenditure side,2018-Q3,,0.623697425,,,,,,F,Free (free for publication),1,One,A,Normal value,0,Units,_Z,Not applicable
DATAFLOW,OECD.SDD.NAD:DSD_NAMAIN1@DF_QNA_EXPENDITURE_GROWTH_G20(1.1),Quarterly real GDP growth - G20 countries,I,Q,Quarterly,Y,Calendar and seasonally adjusted,USA,United States,S1,Total economy,S1,Total economy,B1GQ,Gross domestic product,_Z,Not applicable,_Z,Not applicable,_Z,Not applicable,PC,Percentage change,L,Chain linked volume,G1,"Growth rate, period on period",T0102,Table 0102 - GDP identity from the expenditure side,2018-Q4,,0.141644219,,,,,,F,Free (free for publication),1,One,A,Normal value,0,Units,_Z,Not applicable
DATAFLOW,OECD.SDD.NAD:DSD_NAMAIN1@DF_QNA_EXPENDITURE_GROWTH_G20(1.1),Quarterly real GDP growth - G20 countries,I,Q,Quarterly,Y,Calendar and seasonally adjusted,USA,United States,S1,Total economy,S1,Total economy,B1GQ,Gross domestic product,_Z,Not applicable,_Z,Not applicable,_Z,Not applicable,PC,Percentage change,L,Chain linked volume,G1,"Growth rate, period on period",T0102,Table 0102 - GDP identity from the expenditure side,2019-Q1,,0.624318082,,,,,,F,Free (free for publication),1,One,A,Normal value,0,Units,_Z,Not applicable
DATAFLOW,OECD.SDD.NAD:DSD_NAMAIN1@DF_QNA_EXPENDITURE_GROWTH_G20(1.1),Quarterly real GDP growth - G20 countries,I,Q,Quarterly,Y,Calendar and seasonally adjusted,USA,United States,S1,Total economy,S1,Total economy,B1GQ,Gross domestic product,_Z,Not applicable,_Z,Not applicable,_Z,Not applicable,PC,Percentage change,L,Chain linked volume,G1,"Growth rate, period on period",T0102,Table 0102 - GDP identity from the expenditure side,2019-Q2,,0.835145841,,,,,,F,Free (free for publication),1,One,A,Normal value,0,Units,_Z,Not applicable
DATAFLOW,OECD.SDD.NAD:DSD_NAMAIN1@DF_QNA_EXPENDITURE_GROWTH_G20(1.1),Quarterly real GDP growth - G20 countries,I,Q,Quarterly,Y,Calendar and seasonally adjusted,USA,United States,S1,Total economy,S1,Total economy,B1GQ,Gross domestic product,_Z,Not applicable,_Z,Not applicable,_Z,Not applicable,PC,Percentage change,L,Chain linked volume,G1,"Growth rate, period on period",T0102,Table 0102 - GDP identity from the expenditure side,2019-Q3,,1.170001857,,,,,,F,Free (free for publication),1,One,A,Normal value,0,Units,_Z,Not applicable
DATAFLOW,OECD.SDD.NAD:DSD_NAMAIN1@DF_QNA_EXPENDITURE_GROWTH_G20(1.1),Quarterly real GDP growth - G20 countries,I,Q,Quarterly,Y,Calendar and seasonally adjusted,USA,United States,S1,Total economy,S1,Total economy,B1GQ,Gross domestic product,_Z,Not applicable,_Z,Not applicable,_Z,Not applicable,PC,Percentage change,L,Chain linked volume,G1,"Growth rate, period on period",T0102,Table 0102 - GDP identity from the expenditure side,2019-Q4,,0.68187787,,,,,,F,Free (free for publication),1,One,A,Normal value,0,Units,_Z,Not applicable
DATAFLOW,OECD.SDD.NAD:DSD_NAMAIN1@DF_QNA_EXPENDITURE_GROWTH_G20(1.1),Quarterly real GDP growth - G20 countries,I,Q,Quarterly,Y,Calendar and seasonally adjusted,USA,United States,S1,Total economy,S1,Total economy,B1GQ,Gross domestic product,_Z,Not applicable,_Z,Not applicable,_Z,Not applicable,PC,Percentage change,L,Chain linked volume,G1,"Growth rate, period on period",T0102,Table 0102 - GDP identity from the expenditure side,2020-Q1,,-1.316321672,,,,,,F,Free (free for publication),1,One,A,Normal value,0,Units,_Z,Not applicable
DATAFLOW,OECD.SDD.NAD:DSD_NAMAIN1@DF_QNA_EXPENDITURE_GROWTH_G20(1.1),Quarterly real GDP growth - G20 countries,I,Q,Quarterly,Y,Calendar and seasonally adjusted,USA,United States,S1,Total economy,S1,Total economy,B1GQ,Gross domestic product,_Z,Not applicable,_Z,Not applicable,_Z,Not applicable,PC,Percentage change,L,Chain linked volume,G1,"Growth rate, period on period",T0102,Table 0102 - GDP identity from the expenditure side,2020-Q2,,-7.876784496,,,,,,F,Free (free for publication),1,One,A,Normal value,0,Units,_Z,Not applicable
DATAFLOW,OECD.SDD.NAD:DSD_NAMAIN1@DF_QNA_EXPENDITURE_GROWTH_G20(1.1),Quarterly real GDP growth - G20 countries,I,Q,Quarterly,Y,Calendar and seasonally adjusted,USA,United States,S1,Total economy,S1,Total economy,B1GQ,Gross domestic product,_Z,Not applicable,_Z,Not applicable,_Z,Not applicable,PC,Percentage change,L,Chain linked volume,G1,"Growth rate, period on period",T0102,Table 0102 - GDP identity from the expenditure side,2020-Q3,,7.762279175,,,,,,F,Free (free for publication),1,One,A,Normal value,0,Units,_Z,Not applicable
DATAFLOW,OECD.SDD.NAD:DSD_NAMAIN1@DF_QNA_EXPENDITURE_GROWTH_G20(1.1),Quarterly real GDP growth - G20 countries,I,Q,Quarterly,Y,Calendar and seasonally adjusted,USA,United States,S1,Total economy,S1,Total economy,B1GQ,Gross domestic product,_Z,Not applicable,_Z,Not applicable,_Z,Not applicable,PC,Percentage change,L,Chain linked volume,G1,"Growth rate, period on period",T0102,Table 0102 - GDP identity from the expenditure side,2020-Q4,,1.13351511,,,,,,F,Free (free for publication),1,One,A,Normal value,0,Units,_Z,Not applicable
DATAFLOW,OECD.SDD.NAD:DSD_NAMAIN1@DF_QNA_EXPENDITURE_GROWTH_G20(1.1),Quarterly real GDP growth - G20 countries,I,Q,Quarterly,Y,Calendar and seasonally adjusted,USA,United States,S1,Total economy,S1,Total economy,B1GQ,Gross domestic product,_Z,Not applicable,_Z,Not applicable,_Z,Not applicable,PC,Percentage change,L,Chain linked volume,G1,"Growth rate, period on period",T0102,Table 0102 - GDP identity from the expenditure side,2021-Q1,,1.395816461,,,,,,F,Free (free for publication),1,One,A,Normal value,0,Units,_Z,Not applicable
DATAFLOW,OECD.SDD.NAD:DSD_NAMAIN1@DF_QNA_EXPENDITURE_GROWTH_G20(1.1),Quarterly real GDP growth - G20 countries,I,Q,Quarterly,Y,Calendar and seasonally adjusted,USA,United States,S1,Total economy,S1,Total economy,B1GQ,Gross domestic product,_Z,Not applicable,_Z,Not applicable,_Z,Not applicable,PC,Percentage change,L,Chain linked volume,G1,"Growth rate, period on period",T0102,Table 0102 - GDP identity from the expenditure side,2021-Q2,,1.701891279,,,,,,F,Free (free for publication),1,One,A,Normal value,0,Units,_Z,Not applicable
DATAFLOW,OECD.SDD.NAD:DSD_NAMAIN1@DF_QNA_EXPENDITURE_GROWTH_G20(1.1),Quarterly real GDP growth - G20 countries,I,Q,Quarterly,Y,Calendar and seasonally adjusted,USA,United States,S1,Total economy,S1,Total economy,B1GQ,Gross domestic product,_Z,Not applicable,_Z,Not applicable,_Z,Not applicable,PC,Percentage change,L,Chain linked volume,G1,"Growth rate, period on period",T0102,Table 0102 - GDP identity from the expenditure side,2021-Q3,,0.82505287,,,,,,F,Free (free for publication),1,One,A,Normal value,0,Units,_Z,Not applicable
DATAFLOW,OECD.SDD.NAD:DSD_NAMAIN1@DF_QNA_EXPENDITURE_GROWTH_G20(1.1),Quarterly real GDP growth - G20 countries,I,Q,Quarterly,Y,Calendar and seasonally adjusted,USA,United States,S1,Total economy,S1,Total economy,B1GQ,Gross domestic product,_Z,Not applicable,_Z,Not applicable,_Z,Not applicable,PC,Percentage change,L,Chain linked volume,G1,"Growth rate, period on period",T0102,Table 0102 - GDP identity from the expenditure side,2021-Q4,,1.715755163,,,,,,F,Free (free for publication),1,One,A,Normal value,0,Units,_Z,Not applicable
DATAFLOW,OECD.SDD.NAD:DSD_NAMAIN1@DF_QNA_EXPENDITURE_GROWTH_G20(1.1),Quarterly real GDP growth - G20 countries,I,Q,Quarterly,Y,Calendar and seasonally adjusted,USA,United States,S1,Total economy,S1,Total economy,B1GQ,Gross domestic product,_Z,Not applicable,_Z,Not applicable,_Z,Not applicable,PC,Percentage change,L,Chain linked volume,G1,"Growth rate, period on period",T0102,Table 0102 - GDP identity from the expenditure side,2022-Q1,,-0.254798627,,,,,,F,Free (free for publication),1,One,A,Normal value,0,Units,_Z,Not applicable
DATAFLOW,OECD.SDD.NAD:DSD_NAMAIN1@DF_QNA_EXPENDITURE_GROWTH_G20(1.1),Quarterly real GDP growth - G20 countries,I,Q,Quarterly,Y,Calendar and seasonally adjusted,USA,United States,S1,Total economy,S1,Total economy,B1GQ,Gross domestic product,_Z,Not applicable,_Z,Not applicable,_Z,Not applicable,PC,Percentage change,L,Chain linked volume,G1,"Growth rate, period on period",T0102,Table 0102 - GDP identity from the expenditure side,2022-Q2,,0.156547002,,,,,,F,Free (free for publication),1,One,A,Normal value,0,Units,_Z,Not applicable
DATAFLOW,OECD.SDD.NAD:DSD_NAMAIN1@DF_QNA_EXPENDITURE_GROWTH_G20(1.1),Quarterly real GDP growth - G20 countries,I,Q,Quarterly,Y,Calendar and seasonally adjusted,USA,United States,S1,Total economy,S1,Total economy,B1GQ,Gross domestic product,_Z,Not applicable,_Z,Not applicable,_Z,Not applicable,PC,Percentage change,L,Chain linked volume,G1,"Growth rate, period on period",T0102,Table 0102 - GDP identity from the expenditure side,2022-Q3,,0.721899555,,,,,,F,Free (free for publication),1,One,A,Normal value,0,Units,_Z,Not applicable
DATAFLOW,OECD.SDD.NAD:DSD_NAMAIN1@DF_QNA_EXPENDITURE_GROWTH_G20(1.1),Quarterly real GDP growth - G20 countries,I,Q,Quarterly,Y,Calendar and seasonally adjusted,USA,United States,S1,Total economy,S1,Total economy,B1GQ,Gross domestic product,_Z,Not applicable,_Z,Not applicable,_Z,Not applicable,PC,Percentage change,L,Chain linked volume,G1,"Growth rate, period on period",T0102,Table 0102 - GDP identity from the expenditure side,2022-Q4,,0.690240389,,,,,,F,Free (free for publication),1,One,A,Normal value,0,Units,_Z,Not applicable
DATAFLOW,OECD.SDD.NAD:DSD_NAMAIN1@DF_QNA_EXPENDITURE_GROWTH_G20(1.1),Quarterly real GDP growth - G20 countries,I,Q,Quarterly,Y,Calendar and seasonally adjusted,USA,United States,S1,Total economy,S1,Total economy,B1GQ,Gross domestic product,_Z,Not applicable,_Z,Not applicable,_Z,Not applicable,PC,Percentage change,L,Chain linked volume,G1,"Growth rate, period on period",T0102,Table 0102 - GDP identity from the expenditure side,2023-Q1,,0.723850896,,,,,,F,Free (free for publication),1,One,A,Normal value,0,Units,_Z,Not applicable
DATAFLOW,OECD.SDD.NAD:DSD_NAMAIN1@DF_QNA_EXPENDITURE_GROWTH_G20(1.1),Quarterly real GDP growth - G20 countries,I,Q,Quarterly,Y,Calendar and seasonally adjusted,USA,United States,S1,Total economy,S1,Total economy,B1GQ,Gross domestic product,_Z,Not applicable,_Z,Not applicable,_Z,Not applicable,PC,Percentage change,L,Chain linked volume,G1,"Growth rate, period on period",T0102,Table 0102 - GDP identity from the expenditure side,2023-Q2,,0.627871959,,,,,,F,Free (free for publication),1,One,A,Normal value,0,Units,_Z,Not applicable
DATAFLOW,OECD.SDD.NAD:DSD_NAMAIN1@DF_QNA_EXPENDITURE_GROWTH_G20(1.1),Quarterly real GDP growth - G20 countries,I,Q,Quarterly,Y,Calendar and seasonally adjusted,USA,United States,S1,Total economy,S1,Total economy,B1GQ,Gross domestic product,_Z,Not applicable,_Z,Not applicable,_Z,Not applicable,PC,Percentage change,L,Chain linked volume,G1,"Growth rate, period on period",T0102,Table 0102 - GDP identity from the expenditure side,2023-Q3,,1.153606039,,,,,,F,Free (free for publication),1,One,A,Normal value,0,Units,_Z,Not applicable
DATAFLOW,OECD.SDD.NAD:DSD_NAMAIN1@DF_QNA_EXPENDITURE_GROWTH_G20(1.1),Quarterly real GDP growth - G20 countries,I,Q,Quarterly,Y,Calendar and seasonally adjusted,USA,United States,S1,Total economy,S1,Total economy,B1GQ,Gross domestic product,_Z,Not applicable,_Z,Not applicable,_Z,Not applicable,PC,Percentage change,L,Chain linked volume,G1,"Growth rate, period on period",T0102,Table 0102 - GDP identity from the expenditure side,2023-Q4,,0.844057147,,,,,,F,Free (free for publication),1,One,A,Normal value,0,Units,_Z,Not applicable
DATAFLOW,OECD.SDD.NAD:DSD_NAMAIN1@DF_QNA_EXPENDITURE_GROWTH_G20(1.1),Quarterly real GDP growth - G20 countries,I,Q,Quarterly,Y,Calendar and seasonally adjusted,USA,United States,S1,Total economy,S1,Total economy,B1GQ,Gross domestic product,_Z,Not applicable,_Z,Not applicable,_Z,Not applicable,PC,Percentage change,L,Chain linked volume,G1,"Growth rate, period on period",T0102,Table 0102 - GDP identity from the expenditure side,2024-Q1,,0.209861343,,,,,,F,Free (free for publication),1,One,A,Normal value,0,Units,_Z,Not applicable
DATAFLOW,OECD.SDD.NAD:DSD_NAMAIN1@DF_QNA_EXPENDITURE_GROWTH_G20(1.1),Quarterly real GDP growth - G20 countries,I,Q,Quarterly,Y,Calendar and seasonally adjusted,USA,United States,S1,Total economy,S1,Total economy,B1GQ,Gross domestic product,_Z,Not applicable,_Z,Not applicable,_Z,Not applicable,PC,Percentage change,L,Chain linked volume,G1,"Growth rate, period on period",T0102,Table 0102 - GDP identity from the expenditure side,2024-Q2,,0.885486294,,,,,,F,Free (free for publication),1,One,A,Normal value,0,Units,_Z,Not applicable
DATAFLOW,OECD.SDD.NAD:DSD_NAMAIN1@DF_QNA_EXPENDITURE_GROWTH_G20(1.1),Quarterly real GDP growth - G20 countries,I,Q,Quarterly,Y,Calendar and seasonally adjusted,USA,United States,S1,Total economy,S1,Total economy,B1GQ,Gross domestic product,_Z,Not applicable,_Z,Not applicable,_Z,Not applicable,PC,Percentage change,L,Chain linked volume,G1,"Growth rate, period on period",T0102,Table 0102 - GDP identity from the expenditure side,2024-Q3,,0.824778022,,,,,,F,Free (free for publication),1,One,A,Normal value,0,Units,_Z,Not applicable
DATAFLOW,OECD.SDD.NAD:DSD_NAMAIN1@DF_QNA_EXPENDITURE_GROWTH_G20(1.1),Quarterly real GDP growth - G20 countries,I,Q,Quarterly,Y,Calendar and seasonally adjusted,USA,United States,S1,Total economy,S1,Total economy,B1GQ,Gross domestic product,_Z,Not applicable,_Z,Not applicable,_Z,Not applicable,PC,Percentage change,L,Chain linked volume,G1,"Growth rate, period on period",T0102,Table 0102 - GDP identity from the expenditure side,2024-Q4,,0.459874686,,,,,,F,Free (free for publication),1,One,A,Normal value,0,Units,_Z,Not applicable
DATAFLOW,OECD.SDD.NAD:DSD_NAMAIN1@DF_QNA_EXPENDITURE_GROWTH_G20(1.1),Quarterly real GDP growth - G20 countries,I,Q,Quarterly,Y,Calendar and seasonally adjusted,USA,United States,S1,Total economy,S1,Total economy,B1GQ,Gross domestic product,_Z,Not applicable,_Z,Not applicable,_Z,Not applicable,PC,Percentage change,L,Chain linked volume,G1,"Growth rate, period on period",T0102,Table 0102 - GDP identity from the expenditure side,2025-Q1,,-0.162516404,,,,,,F,Free (free for publication),1,One,A,Normal value,0,Units,_Z,Not applicable
DATAFLOW,OECD.SDD.NAD:DSD_NAMAIN1@DF_QNA_EXPENDITURE_GROWTH_G20(1.1),Quarterly real GDP growth - G20 countries,I,Q,Quarterly,Y,Calendar and seasonally adjusted,USA,United States,S1,Total economy,S1,Total economy,B1GQ,Gross domestic product,_Z,Not applicable,_Z,Not applicable,_Z,Not applicable,PC,Percentage change,L,Chain linked volume,G1,"Growth rate, period on period",T0102,Table 0102 - GDP identity from the expenditure side,2025-Q2,,0.945999717,,,,,,F,Free (free for publication),1,One,A,Normal value,0,Units,_Z,Not applicable
DATAFLOW,OECD.SDD.NAD:DSD_NAMAIN1@DF_QNA_EXPENDITURE_GROWTH_G20(1.1),Quarterly real GDP growth - G20 countries,I,Q,Quarterly,Y,Calendar and seasonally adjusted,KOR,Korea,S1,Total economy,S1,Total economy,B1GQ,Gross domestic product,_Z,Not applicable,_Z,Not applicable,_Z,Not applicable,PC,Percentage change,L,Chain linked volume,G1,"Growth rate, period on period",T0102,Table 0102 - GDP identity from the expenditure side,2024-Q1,,1.173695879,,,,,,F,Free (free for publication),1,One,P,Provisional value,0,Units,_Z,Not applicable
DATAFLOW,OECD.SDD.NAD:DSD_NAMAIN1@DF_QNA_EXPENDITURE_GROWTH_G20(1.1),Quarterly real GDP growth - G20 countries,I,Q,Quarterly,Y,Calendar and seasonally adjusted,KOR,Korea,S1,Total economy,S1,Total economy,B1GQ,Gross domestic product,_Z,Not applicable,_Z,Not applicable,_Z,Not applicable,PC,Percentage change,L,Chain linked volume,G1,"Growth rate, period on period",T0102,Table 0102 - GDP identity from the expenditure side,2024-Q2,,-0.228390219,,,,,,F,Free (free for publication),1,One,P,Provisional value,0,Units,_Z,Not applicable
DATAFLOW,OECD.SDD.NAD:DSD_NAMAIN1@DF_QNA_EXPENDITURE_GROWTH_G20(1.1),Quarterly real GDP growth - G20 countries,I,Q,Quarterly,Y,Calendar and seasonally adjusted,KOR,Korea,S1,Total economy,S1,Total economy,B1GQ,Gross domestic product,_Z,Not applicable,_Z,Not applicable,_Z,Not applicable,PC,Percentage change,L,Chain linked volume,G1,"Growth rate, period on period",T0102,Table 0102 - GDP identity from the expenditure side,2024-Q3,,0.088930495,,,,,,F,Free (free for publication),1,One,P,Provisional value,0,Units,_Z,Not applicable
DATAFLOW,OECD.SDD.NAD:DSD_NAMAIN1@DF_QNA_EXPENDITURE_GROWTH_G20(1.1),Quarterly real GDP growth - G20 countries,I,Q,Quarterly,Y,Calendar and seasonally adjusted,KOR,Korea,S1,Total economy,S1,Total economy,B1GQ,Gross domestic product,_Z,Not applicable,_Z,Not applicable,_Z,Not applicable,PC,Percentage change,L,Chain linked volume,G1,"Growth rate, period on period",T0102,Table 0102 - GDP identity from the expenditure side,2024-Q4,,0.077801776,,,,,,F,Free (free for publication),1,One,P,Provisional value,0,Units,_Z,Not applicable
DATAFLOW,OECD.SDD.NAD:DSD_NAMAIN1@DF_QNA_EXPENDITURE_GROWTH_G20(1.1),Quarterly real GDP growth - G20 countries,I,Q,Quarterly,Y,Calendar and seasonally adjusted,KOR,Korea,S1,Total economy,S1,Total economy,B1GQ,Gross domestic product,_Z,Not applicable,_Z,Not applicable,_Z,Not applicable,PC,Percentage change,L,Chain linked volume,G1,"Growth rate, period on period",T0102,Table 0102 - GDP identity from the expenditure side,2025-Q1,,-0.218746588,,,,,,F,Free (free for publication),1,One,P,Provisional value,0,Units,_Z,Not applicable
DATAFLOW,OECD.SDD.NAD:DSD_NAMAIN1@DF_QNA_EXPENDITURE_GROWTH_G20(1.1),Quarterly real GDP growth - G20 countries,I,Q,Quarterly,Y,Calendar and seasonally adjusted,KOR,Korea,S1,Total economy,S1,Total economy,B1GQ,Gross domestic product,_Z,Not applicable,_Z,Not applicable,_Z,Not applicable,PC,Percentage change,L,Chain linked volume,G1,"Growth rate, period on period",T0102,Table 0102 - GDP identity from the expenditure side,2025-Q2,,0.674861994,,,,,,F,Free (free for publication),1,One,P,Provisional value,0,Units,_Z,Not applicable
DATAFLOW,OECD.SDD.NAD:DSD_NAMAIN1@DF_QNA_EXPENDITURE_GROWTH_G20(1.1),Quarterly real GDP growth - G20 countries,I,Q,Quarterly,Y,Calendar and seasonally adjusted,KOR,Korea,S1,Total economy,S1,Total economy,B1GQ,Gross domestic product,_Z,Not applicable,_Z,Not applicable,_Z,Not applicable,PC,Percentage change,L,Chain linked volume,G1,"Growth rate, period on period",T0102,Table 0102 - GDP identity from the expenditure side,2025-Q3,,1.333991297,,,,,,F,Free (free for publication),1,One,P,Provisional value,0,Units,_Z,Not applicable
DATAFLOW,OECD.SDD.NAD:DSD_NAMAIN1@DF_QNA_EXPENDITURE_GROWTH_G20(1.1),Quarterly real GDP growth - G20 countries,I,Q,Quarterly,Y,Calendar and seasonally adjusted,DEU,Germany,S1,Total economy,S1,Total economy,B1GQ,Gross domestic product,_Z,Not applicable,_Z,Not applicable,_Z,Not applicable,PC,Percentage change,L,Chain linked volume,G1,"Growth rate, period on period",T0102,Table 0102 - GDP identity from the expenditure side,2022-Q1,,0.677998691,,,,,,F,Free (free for publication),1,One,P,Provisional value,0,Units,_Z,Not applicable
DATAFLOW,OECD.SDD.NAD:DSD_NAMAIN1@DF_QNA_EXPENDITURE_GROWTH_G20(1.1),Quarterly real GDP growth - G20 countries,I,Q,Quarterly,Y,Calendar and seasonally adjusted,DEU,Germany,S1,Total economy,S1,Total economy,B1GQ,Gross domestic product,_Z,Not applicable,_Z,Not applicable,_Z,Not applicable,PC,Percentage change,L,Chain linked volume,G1,"Growth rate, period on period",T0102,Table 0102 - GDP identity from the expenditure side,2022-Q2,,0.151757481,,,,,,F,Free (free for publication),1,One,P,Provisional value,0,Units,_Z,Not applicable
DATAFLOW,OECD.SDD.NAD:DSD_NAMAIN1@DF_QNA_EXPENDITURE_GROWTH_G20(1.1),Quarterly real GDP growth - G20 countries,I,Q,Quarterly,Y,Calendar and seasonally adjusted,DEU,Germany,S1,Total economy,S1,Total economy,B1GQ,Gross domestic product,_Z,Not applicable,_Z,Not applicable,_Z,Not applicable,PC,Percentage change,L,Chain linked volume,G1,"Growth rate, period on period",T0102,Table 0102 - GDP identity from the expenditure side,2022-Q3,,0.293588631,,,,,,F,Free (free for publication),1,One,P,Provisional value,0,Units,_Z,Not applicable
DATAFLOW,OECD.SDD.NAD:DSD_NAMAIN1@DF_QNA_EXPENDITURE_GROWTH_G20(1.1),Quarterly real GDP growth - G20 countries,I,Q,Quarterly,Y,Calendar and seasonally adjusted,DEU,Germany,S1,Total economy,S1,Total economy,B1GQ,Gross domestic product,_Z,Not applicable,_Z,Not applicable,_Z,Not applicable,PC,Percentage change,L,Chain linked volume,G1,"Growth rate, period on period",T0102,Table 0102 - GDP identity from the expenditure side,2022-Q4,,-0.349383371,,,,,,F,Free (free for publication),1,One,P,Provisional value,0,Units,_Z,Not applicable
DATAFLOW,OECD.SDD.NAD:DSD_NAMAIN1@DF_QNA_EXPENDITURE_GROWTH_G20(1.1),Quarterly real GDP growth - G20 countries,I,Q,Quarterly,Y,Calendar and seasonally adjusted,DEU,Germany,S1,Total economy,S1,Total economy,B1GQ,Gross domestic product,_Z,Not applicable,_Z,Not applicable,_Z,Not applicable,PC,Percentage change,L,Chain linked volume,G1,"Growth rate, period on period",T0102,Table 0102 - GDP identity from the expenditure side,2023-Q1,,-0.471430686,,,,,,F,Free (free for publication),1,One,P,Provisional value,0,Units,_Z,Not applicable
DATAFLOW,OECD.SDD.NAD:DSD_NAMAIN1@DF_QNA_EXPENDITURE_GROWTH_G20(1.1),Quarterly real GDP growth - G20 countries,I,Q,Quarterly,Y,Calendar and seasonally adjusted,DEU,Germany,S1,Total economy,S1,Total economy,B1GQ,Gross domestic product,_Z,Not applicable,_Z,Not applicable,_Z,Not applicable,PC,Percentage change,L,Chain linked volume,G1,"Growth rate, period on period",T0102,Table 0102 - GDP identity from the expenditure side,2023-Q2,,-0.076170873,,,,,,F,Free (free for publication),1,One,P,Provisional value,0,Units,_Z,Not applicable
DATAFLOW,OECD.SDD.NAD:DSD_NAMAIN1@DF_QNA_EXPENDITURE_GROWTH_G20(1.1),Quarterly real GDP growth - G20 countries,I,Q,Quarterly,Y,Calendar and seasonally adjusted,DEU,Germany,S1,Total economy,S1,Total economy,B1GQ,Gross domestic product,_Z,Not applicable,_Z,Not applicable,_Z,Not applicable,PC,Percentage change,L,Chain linked volume,G1,"Growth rate, period on period",T0102,Table 0102 - GDP identity from the expenditure side,2023-Q3,,4.418E-06,,,,,,F,Free (free for publication),1,One,P,Provisional value,0,Units,_Z,Not applicable
DATAFLOW,OECD.SDD.NAD:DSD_NAMAIN1@DF_QNA_EXPENDITURE_GROWTH_G20(1.1),Quarterly real GDP growth - G20 countries,I,Q,Quarterly,Y,Calendar and seasonally adjusted,DEU,Germany,S1,Total economy,S1,Total economy,B1GQ,Gross domestic product,_Z,Not applicable,_Z,Not applicable,_Z,Not applicable,PC,Percentage change,L,Chain linked volume,G1,"Growth rate, period on period",T0102,Table 0102 - GDP identity from the expenditure side,2023-Q4,,-0.276321878,,,,,,F,Free (free for publication),1,One,P,Provisional value,0,Units,_Z,Not applicable
DATAFLOW,OECD.SDD.NAD:DSD_NAMAIN1@DF_QNA_EXPENDITURE_GROWTH_G20(1.1),Quarterly real GDP growth - G20 countries,I,Q,Quarterly,Y,Calendar and seasonally adjusted,DEU,Germany,S1,Total economy,S1,Total economy,B1GQ,Gross domestic product,_Z,Not applicable,_Z,Not applicable,_Z,Not applicable,PC,Percentage change,L,Chain linked volume,G1,"Growth rate, period on period",T0102,Table 0102 - GDP identity from the expenditure side,2024-Q1,,-0.107481162,,,,,,F,Free (free for publication),1,One,P,Provisional value,0,Units,_Z,Not applicable
DATAFLOW,OECD.SDD.NAD:DSD_NAMAIN1@DF_QNA_EXPENDITURE_GROWTH_G20(1.1),Quarterly real GDP growth - G20 countries,I,Q,Quarterly,Y,Calendar and seasonally adjusted,DEU,Germany,S1,Total economy,S1,Total economy,B1GQ,Gross domestic product,_Z,Not applicable,_Z,Not applicable,_Z,Not applicable,PC,Percentage change,L,Chain linked volume,G1,"Growth rate, period on period",T0102,Table 0102 - GDP identity from the expenditure side,2024-Q2,,-0.258253405,,,,,,F,Free (free for publication),1,One,P,Provisional value,0,Units,_Z,Not applicable
DATAFLOW,OECD.SDD.NAD:DSD_NAMAIN1@DF_QNA_EXPENDITURE_GROWTH_G20(1.1),Quarterly real GDP growth - G20 countries,I,Q,Quarterly,Y,Calendar and seasonally adjusted,DEU,Germany,S1,Total economy,S1,Total economy,B1GQ,Gross domestic product,_Z,Not applicable,_Z,Not applicable,_Z,Not applicable,PC,Percentage change,L,Chain linked volume,G1,"Growth rate, period on period",T0102,Table 0102 - GDP identity from the expenditure side,2024-Q3,,0.019178466,,,,,,F,Free (free for publication),1,One,P,Provisional value,0,Units,_Z,Not applicable
DATAFLOW,OECD.SDD.NAD:DSD_NAMAIN1@DF_QNA_EXPENDITURE_GROWTH_G20(1.1),Quarterly real GDP growth - G20 countries,I,Q,Quarterly,Y,Calendar and seasonally adjusted,DEU,Germany,S1,Total economy,S1,Total economy,B1GQ,Gross domestic product,_Z,Not applicable,_Z,Not applicable,_Z,Not applicable,PC,Percentage change,L,Chain linked volume,G1,"Growth rate, period on period",T0102,Table 0102 - GDP identity from the expenditure side,2024-Q4,,0.182171054,,,,,,F,Free (free for publication),1,One,P,Provisional value,0,Units,_Z,Not applicable
DATAFLOW,OECD.SDD.NAD:DSD_NAMAIN1@DF_QNA_EXPENDITURE_GROWTH_G20(1.1),Quarterly real GDP growth - G20 countries,I,Q,Quarterly,Y,Calendar and seasonally adjusted,DEU,Germany,S1,Total economy,S1,Total economy,B1GQ,Gross domestic product,_Z,Not applicable,_Z,Not applicable,_Z,Not applicable,PC,Percentage change,L,Chain linked volume,G1,"Growth rate, period on period",T0102,Table 0102 - GDP identity from the expenditure side,2025-Q1,,0.306244293,,,,,,F,Free (free for publication),1,One,P,Provisional value,0,Units,_Z,Not applicable
DATAFLOW,OECD.SDD.NAD:DSD_NAMAIN1@DF_QNA_EXPENDITURE_GROWTH_G20(1.1),Quarterly real GDP growth - G20 countries,I,Q,Quarterly,Y,Calendar and seasonally adjusted,DEU,Germany,S1,Total economy,S1,Total economy,B1GQ,Gross domestic product,_Z,Not applicable,_Z,Not applicable,_Z,Not applicable,PC,Percentage change,L,Chain linked volume,G1,"Growth rate, period on period",T0102,Table 0102 - GDP identity from the expenditure side,2025-Q2,,-0.209902978,,,,,,F,Free (free for publication),1,One,P,Provisional value,0,Units,_Z,Not applicable
DATAFLOW,OECD.SDD.NAD:DSD_NAMAIN1@DF_QNA_EXPENDITURE_GROWTH_G20(1.1),Quarterly real GDP growth - G20 countries,I,Q,Quarterly,Y,Calendar and seasonally adjusted,DEU,Germany,S1,Total economy,S1,Total economy,B1GQ,Gross domestic product,_Z,Not applicable,_Z,Not applicable,_Z,Not applicable,PC,Percentage change,L,Chain linked volume,G1,"Growth rate, period on period",T0102,Table 0102 - GDP identity from the expenditure side,2025-Q3,,0,,,,,,F,Free (free for publication),1,One,P,Provisional value,0,Units,_Z,Not applicable
DATAFLOW,OECD.SDD.NAD:DSD_NAMAIN1@DF_QNA_EXPENDITURE_GROWTH_G20(1.1),Quarterly real GDP growth - G20 countries,I,Q,Quarterly,Y,Calendar and seasonally adjusted,MEX,Mexico,S1,Total economy,S1,Total economy,B1GQ,Gross domestic product,_Z,Not applicable,_Z,Not applicable,_Z,Not applicable,PC,Percentage change,L,Chain linked volume,G1,"Growth rate, period on period",T0102,Table 0102 - GDP identity from the expenditure side,2022-Q1,,1.435568885,,,,,,F,Free (free for publication),1,One,P,Provisional value,0,Units,_Z,Not applicable
DATAFLOW,OECD.SDD.NAD:DSD_NAMAIN1@DF_QNA_EXPENDITURE_GROWTH_G20(1.1),Quarterly real GDP growth - G20 countries,I,Q,Quarterly,Y,Calendar and seasonally adjusted,MEX,Mexico,S1,Total economy,S1,Total economy,B1GQ,Gross domestic product,_Z,Not applicable,_Z,Not applicable,_Z,Not applicable,PC,Percentage change,L,Chain linked volume,G1,"Growth rate, period on period",T0102,Table 0102 - GDP identity from the expenditure side,2022-Q2,,1.146034701,,,,,,F,Free (free for publication),1,One,P,Provisional value,0,Units,_Z,Not applicable
DATAFLOW,OECD.SDD.NAD:DSD_NAMAIN1@DF_QNA_EXPENDITURE_GROWTH_G20(1.1),Quarterly real GDP growth - G20 countries,I,Q,Quarterly,Y,Calendar and seasonally adjusted,MEX,Mexico,S1,Total economy,S1,Total economy,B1GQ,Gross domestic product,_Z,Not applicable,_Z,Not applicable,_Z,Not applicable,PC,Percentage change,L,Chain linked volume,G1,"Growth rate, period on period",T0102,Table 0102 - GDP identity from the expenditure side,2022-Q3,,0.767439967,,,,,,F,Free (free for publication),1,One,P,Provisional value,0,Units,_Z,Not applicable
DATAFLOW,OECD.SDD.NAD:DSD_NAMAIN1@DF_QNA_EXPENDITURE_GROWTH_G20(1.1),Quarterly real GDP growth - G20 countries,I,Q,Quarterly,Y,Calendar and seasonally adjusted,MEX,Mexico,S1,Total economy,S1,Total economy,B1GQ,Gross domestic product,_Z,Not applicable,_Z,Not applicable,_Z,Not applicable,PC,Percentage change,L,Chain linked volume,G1,"Growth rate, period on period",T0102,Table 0102 - GDP identity from the expenditure side,2022-Q4,,1.258667429,,,,,,F,Free (free for publication),1,One,P,Provisional value,0,Units,_Z,Not applicable
DATAFLOW,OECD.SDD.NAD:DSD_NAMAIN1@DF_QNA_EXPENDITURE_GROWTH_G20(1.1),Quarterly real GDP growth - G20 countries,I,Q,Quarterly,Y,Calendar and seasonally adjusted,MEX,Mexico,S1,Total economy,S1,Total economy,B1GQ,Gross domestic product,_Z,Not applicable,_Z,Not applicable,_Z,Not applicable,PC,Percentage change,L,Chain linked volume,G1,"Growth rate, period on period",T0102,Table 0102 - GDP identity from the expenditure side,2023-Q1,,0.54475382,,,,,,F,Free (free for publication),1,One,P,Provisional value,0,Units,_Z,Not applicable
DATAFLOW,OECD.SDD.NAD:DSD_NAMAIN1@DF_QNA_EXPENDITURE_GROWTH_G20(1.1),Quarterly real GDP growth - G20 countries,I,Q,Quarterly,Y,Calendar and seasonally adjusted,MEX,Mexico,S1,Total economy,S1,Total economy,B1GQ,Gross domestic product,_Z,Not applicable,_Z,Not applicable,_Z,Not applicable,PC,Percentage change,L,Chain linked volume,G1,"Growth rate, period on period",T0102,Table 0102 - GDP identity from the expenditure side,2023-Q2,,0.716043235,,,,,,F,Free (free for publication),1,One,P,Provisional value,0,Units,_Z,Not applicable
DATAFLOW,OECD.SDD.NAD:DSD_NAMAIN1@DF_QNA_EXPENDITURE_GROWTH_G20(1.1),Quarterly real GDP growth - G20 countries,I,Q,Quarterly,Y,Calendar and seasonally adjusted,MEX,Mexico,S1,Total economy,S1,Total economy,B1GQ,Gross domestic product,_Z,Not applicable,_Z,Not applicable,_Z,Not applicable,PC,Percentage change,L,Chain linked volume,G1,"Growth rate, period on period",T0102,Table 0102 - GDP identity from the expenditure side,2023-Q3,,0.614831026,,,,,,F,Free (free for publication),1,One,P,Provisional value,0,Units,_Z,Not applicable
DATAFLOW,OECD.SDD.NAD:DSD_NAMAIN1@DF_QNA_EXPENDITURE_GROWTH_G20(1.1),Quarterly real GDP growth - G20 countries,I,Q,Quarterly,Y,Calendar and seasonally adjusted,MEX,Mexico,S1,Total economy,S1,Total economy,B1GQ,Gross domestic product,_Z,Not applicable,_Z,Not applicable,_Z,Not applicable,PC,Percentage change,L,Chain linked volume,G1,"Growth rate, period on period",T0102,Table 0102 - GDP identity from the expenditure side,2023-Q4,,0.323809782,,,,,,F,Free (free for publication),1,One,P,Provisional value,0,Units,_Z,Not applicable
DATAFLOW,OECD.SDD.NAD:DSD_NAMAIN1@DF_QNA_EXPENDITURE_GROWTH_G20(1.1),Quarterly real GDP growth - G20 countries,I,Q,Quarterly,Y,Calendar and seasonally adjusted,MEX,Mexico,S1,Total economy,S1,Total economy,B1GQ,Gross domestic product,_Z,Not applicable,_Z,Not applicable,_Z,Not applicable,PC,Percentage change,L,Chain linked volume,G1,"Growth rate, period on period",T0102,Table 0102 - GDP identity from the expenditure side,2024-Q1,,0.177948249,,,,,,F,Free (free for publication),1,One,P,Provisional value,0,Units,_Z,Not applicable
DATAFLOW,OECD.SDD.NAD:DSD_NAMAIN1@DF_QNA_EXPENDITURE_GROWTH_G20(1.1),Quarterly real GDP growth - G20 countries,I,Q,Quarterly,Y,Calendar and seasonally adjusted,MEX,Mexico,S1,Total economy,S1,Total economy,B1GQ,Gross domestic product,_Z,Not applicable,_Z,Not applicable,_Z,Not applicable,PC,Percentage change,L,Chain linked volume,G1,"Growth rate, period on period",T0102,Table 0102 - GDP identity from the expenditure side,2024-Q2,,-0.134053922,,,,,,F,Free (free for publication),1,One,P,Provisional value,0,Units,_Z,Not applicable
DATAFLOW,OECD.SDD.NAD:DSD_NAMAIN1@DF_QNA_EXPENDITURE_GROWTH_G20(1.1),Quarterly real GDP growth - G20 countries,I,Q,Quarterly,Y,Calendar and seasonally adjusted,MEX,Mexico,S1,Total economy,S1,Total economy,B1GQ,Gross domestic product,_Z,Not applicable,_Z,Not applicable,_Z,Not applicable,PC,Percentage change,L,Chain linked volume,G1,"Growth rate, period on period",T0102,Table 0102 - GDP identity from the expenditure side,2024-Q3,,0.909260124,,,,,,F,Free (free for publication),1,One,P,Provisional value,0,Units,_Z,Not applicable
DATAFLOW,OECD.SDD.NAD:DSD_NAMAIN1@DF_QNA_EXPENDITURE_GROWTH_G20(1.1),Quarterly real GDP growth - G20 countries,I,Q,Quarterly,Y,Calendar and seasonally adjusted,MEX,Mexico,S1,Total economy,S1,Total economy,B1GQ,Gross domestic product,_Z,Not applicable,_Z,Not applicable,_Z,Not applicable,PC,Percentage change,L,Chain linked volume,G1,"Growth rate, period on period",T0102,Table 0102 - GDP identity from the expenditure side,2024-Q4,,-0.578866991,,,,,,F,Free (free for publication),1,One,P,Provisional value,0,Units,_Z,Not applicable
DATAFLOW,OECD.SDD.NAD:DSD_NAMAIN1@DF_QNA_EXPENDITURE_GROWTH_G20(1.1),Quarterly real GDP growth - G20 countries,I,Q,Quarterly,Y,Calendar and seasonally adjusted,MEX,Mexico,S1,Total economy,S1,Total economy,B1GQ,Gross domestic product,_Z,Not applicable,_Z,Not applicable,_Z,Not applicable,PC,Percentage change,L,Chain linked volume,G1,"Growth rate, period on period",T0102,Table 0102 - GDP identity from the expenditure side,2025-Q1,,0.228787095,,,,,,F,Free (free for publication),1,One,P,Provisional value,0,Units,_Z,Not applicable
DATAFLOW,OECD.SDD.NAD:DSD_NAMAIN1@DF_QNA_EXPENDITURE_GROWTH_G20(1.1),Quarterly real GDP growth - G20 countries,I,Q,Quarterly,Y,Calendar and seasonally adjusted,MEX,Mexico,S1,Total economy,S1,Total economy,B1GQ,Gross domestic product,_Z,Not applicable,_Z,Not applicable,_Z,Not applicable,PC,Percentage change,L,Chain linked volume,G1,"Growth rate, period on period",T0102,Table 0102 - GDP identity from the expenditure side,2025-Q2,,0.446188728,,,,,,F,Free (free for publication),1,One,P,Provisional value,0,Units,_Z,Not applicable
DATAFLOW,OECD.SDD.NAD:DSD_NAMAIN1@DF_QNA_EXPENDITURE_GROWTH_G20(1.1),Quarterly real GDP growth - G20 countries,I,Q,Quarterly,Y,Calendar and seasonally adjusted,MEX,Mexico,S1,Total economy,S1,Total economy,B1GQ,Gross domestic product,_Z,Not applicable,_Z,Not applicable,_Z,Not applicable,PC,Percentage change,L,Chain linked volume,G1,"Growth rate, period on period",T0102,Table 0102 - GDP identity from the expenditure side,2025-Q3,,-0.287203349,,,,,,F,Free (free for publication),1,One,P,Provisional value,0,Units,_Z,Not applicable
DATAFLOW,OECD.SDD.NAD:DSD_NAMAIN1@DF_QNA_EXPENDITURE_GROWTH_G20(1.1),Quarterly real GDP growth - G20 countries,I,Q,Quarterly,Y,Calendar and seasonally adjusted,RUS,Russia,S1,Total economy,S1,Total economy,B1GQ,Gross domestic product,_Z,Not applicable,_Z,Not applicable,_Z,Not applicable,PC,Percentage change,L,Chain linked volume,G1,"Growth rate, period on period",T0102,Table 0102 - GDP identity from the expenditure side,2010-Q1,,2.138462021,,,,,,F,Free (free for publication),1,One,E,Estimated value,0,Units,_Z,Not applicable
DATAFLOW,OECD.SDD.NAD:DSD_NAMAIN1@DF_QNA_EXPENDITURE_GROWTH_G20(1.1),Quarterly real GDP growth - G20 countries,I,Q,Quarterly,Y,Calendar and seasonally adjusted,RUS,Russia,S1,Total economy,S1,Total economy,B1GQ,Gross domestic product,_Z,Not applicable,_Z,Not applicable,_Z,Not applicable,PC,Percentage change,L,Chain linked volume,G1,"Growth rate, period on period",T0102,Table 0102 - GDP identity from the expenditure side,2010-Q2,,0.950099062,,,,,,F,Free (free for publication),1,One,E,Estimated value,0,Units,_Z,Not applicable
DATAFLOW,OECD.SDD.NAD:DSD_NAMAIN1@DF_QNA_EXPENDITURE_GROWTH_G20(1.1),Quarterly real GDP growth - G20 countries,I,Q,Quarterly,Y,Calendar and seasonally adjusted,RUS,Russia,S1,Total economy,S1,Total economy,B1GQ,Gross domestic product,_Z,Not applicable,_Z,Not applicable,_Z,Not applicable,PC,Percentage change,L,Chain linked volume,G1,"Growth rate, period on period",T0102,Table 0102 - GDP identity from the expenditure side,2010-Q3,,0.523512525,,,,,,F,Free (free for publication),1,One,E,Estimated value,0,Units,_Z,Not applicable
DATAFLOW,OECD.SDD.NAD:DSD_NAMAIN1@DF_QNA_EXPENDITURE_GROWTH_G20(1.1),Quarterly real GDP growth - G20 countries,I,Q,Quarterly,Y,Calendar and seasonally adjusted,RUS,Russia,S1,Total economy,S1,Total economy,B1GQ,Gross domestic product,_Z,Not applicable,_Z,Not applicable,_Z,Not applicable,PC,Percentage change,L,Chain linked volume,G1,"Growth rate, period on period",T0102,Table 0102 - GDP identity from the expenditure side,2010-Q4,,1.25698003,,,,,,F,Free (free for publication),1,One,E,Estimated value,0,Units,_Z,Not applicable
